,title
0," 영덕 맛집이 떠올라 다녀왔는데요 대게 전문점으로 메뉴의 종류도 다양하며 어느 하나 빼놓을 수가... 영덕 맛집의 내부는 테이블석과 좌식으로 층이 나뉘어져 있었고,..."
1, 경포대 맛집 한 군데를 알려줘서 배고플 무렵 때 맞춰 찾아갔는데 유명한 곳 답게 싱싱한 해산물... 경포대 맛집이었는데요 관광지가 근처에 있어 관광객과 현지 분들...
2," 어떤 맛집은 아 제발 티브이에는 나오지 않았으면 좋겠다, 나만 알고 싶다 라는 생각이 들죠. 오늘은 그런 단양 맛집 두 곳을 소개해요. 리뷰를 올릴까 말까 한참 ..."
3, 근처 맛집을 떠올렸어요 직접 가보니 엄선된 식자재를 이용한 요리 그대로의 맛을 잘 살려준... 근처 맛집의 내부는 마치 할머니 댁에 온듯한 푸근한 분위기가 인상적...
4, 뭐 엄마입맛은 믿을 수 있으니까 바로 팔공산 맛집으로 향했어요! 1시간30분동안 운전하면서 도착했네요. 입구 들어서자마자 뭔가 맛집의 아우라라고 해야하나 그런 느...
5, 팔공산 맛집을 알려주더라고요 그래서 지난 주 함께 다녀왔는데 남다른 삼겹살을 비롯한 각종 음식을 푸짐하게 먹고 기력 보강하고 돌아와 소개해드려요 당시 찾은 팔공산...
6, 군산 맛집이 있어서 다녀왔어요 중화요리 전문점으로 같은 곳에서 수십년동안 장사를 해온 뚝심있는... 군산 맛집의 내부는 전체가 테이블석으로 이루어져있었고 LED ...
7, 중마동 맛집이 있어서 직접 가보게 되었는데 분위기부터 음식들의 퀄리티까지 엄지손가락을 들 수... 라는 확신이 들었어요 중마동 맛집 내부로 들어가면 의자 사이로 ...
8, 오늘은 대구에있는 팔공산 맛집 성공식당에 가봤어요. 동생과 동구에 갈 일이 있어서 출발후에... 팔공산 맛집에서 오늘 제대로 보신하려고요. 부침개도 나왔어요. 파...
9, 여수 맛집이었어요 이번에 다녀온 둔덕뜰이라는 가게는 전남대학교 여수캠퍼스에서 차를 타고... 여수 맛집의 내부로 들어가보면 한 쪽이 소파로 되어있어서 등을 기대기...
10," 지역의 맛집을 찾으신다면 도움이 될 수도 있을 것 같고요! 서해안 3대 꽃게요리집 생생왕꽃게, 이국적인 감성의 카페 트레블브레이크, 그림처럼 예쁘고 맛있는 디저트..."
11, 제일가는 제주 서귀포 맛집 저와 가족들이 제주도에서 제일 좋아하는 맛집을 꼽으라고 하면 만장일치로 제주 서귀포 맛집을 말하는데요 고기국수 전문점인데 간단하게 식사...
12, 제주도가 고향이신 삼촌과 연휴를 틈타 함께 비행기를 탔는데 도착과 동시에 제주공항 근처 맛집에... 근처 맛집에 매료된 순간은 눈이 휘둥그레질 정도의 거한 상차림...
13, 즐거운 시간을 보내면서 들렸던 제주 중문 맛집에도 들렸는데 훌륭한 맛에 저렴한 가격까지 모두가... 중문 맛집이였어요. 안내해주신 자리에 앉아서 메뉴판을 둘러보았...
14, 대관령 맛집이에요 소고기와 양갈비 전문점으로 현지인의 입맛을 사로잡은 그집앞이라는 곳을... 대관령 맛집이라고 하는 말에 더욱더 믿음이 갔어요 저희는 대관령 맛집...
15," 카페와 맛집들 4곳 리스트업 해봤어요. 경주 보문단지 맛집 <아덴> 엘로우, 벤자마스와 함께, 여기 카페 아덴이 경주의 3대 카페로 꼽히더라고요. 직접..."
16, 얼마 전까지 제주에 있다가 돌아왔는데 당시 들른 제주시 맛집이 아직도 아른거리네요. 지인 소개로... 그때 찾은 제주시 맛집은 덤장돌삼겹이라는 곳이었는데 공항에서...
17, 저희 가족 또한 탁 트인 경관을 감상하는 걸 너무 좋아해서 이번엔 강릉 맛집으로 떠났습니다! 막내... 내부에는 강릉 맛집이라는 걸 인증하듯이 연예인들의 사인과 ...
18," 맛집에서 운치있는 식사를 했답니다. 이동식자제마트에서 먼길떨어지지 않는 곳에있는데요, 주차장이 클 때 부터 알아봤어야 했는데 야외석까지 있어 분위기도 좋고 넓었어..."
19, 오랜만에 모처럼 만나 귀한 식사를 하기 위해서 친구들의 다수결로 하동 맛집에 찾아가게... 이런 전통 있는 곳은 후기 글을 안 봐도 먹잘알들이 여기가 하동 맛집이...
20, 만족했던 거제도 맛집 이번에 아버지의 생신을 맞이해서 가족끼리 시원한 바다가를 볼 수 있는... 거제도 맛집에서 왕복 픽업 서비스를 진행해준다는 아주 눈이 번쩍이...
21, 여긴필수 경주 황리단길 맛집 며칠 전 동창들하고 경주로 추억 쌓을 겸 놀러갔다가 방문한 맛집이 있어요. 다양한 빵을 골라 먹었는데 부드러운데다가 고소해서 맘에 들...
22, 저번주에는 친구들과 춘천 닭갈비 맛집을 방문했어요. 쫀득한 떡사리까지 들어간 닭갈비를 실컷... 춘천 닭갈비 맛집 입구에는 착한식당으로 인정받았다는 마크가 부착되...
23, 최근에 분위기 좋은 동탄맛집을 다녀왔는데 분위기도 좋고 음식도 맛있어서 기분 좋고 가성비 좋게 식사를 한 것 같아 만족스러웠어요. 제가 방문했던 동탄맛집은 동탄호...
24, 도민들 사이에서 제주 함덕 맛집으로 꼽히는 곳이라고 들었는데 육질부터 남달랐던 흑돈에... 함덕 맛집이라 이 날의 식사는 운치 작렬이었는데요. 함덕해변이 한 눈에...
25, 다양했던 제주 함덕 맛집 지난주에 취업 성공을 한 절친과 함께 기념으로 제주도 여행을 떠나게 되었어요. 펜션이모의 추천으로 남녀노소 불만하지 않고 현지인들도 많이...
26, 기장시장을 들렸다가 그 근처 부산 기장 맛집을 가서 대게를 요리답게 접해 보았는데 코스로 만나볼... 건물 자체가 크고 KNN맛집이라는 현수막이 큼직하게 걸려 있...
27, 흑돼지 맛집으로 출발! 제주하면 떠오르는 음식중에 하나가 흑돼지가 대표적이라고 해서 무조건 먹어봐야 할거 같았어요~ 그래서 아무래도 요즘은 리뷰를 무시못하잖아요 ...
28, 동쪽 해변을 따라 관광을 즐길던 중 배가 고파서 앞서 알아본 성산일출봉 맛집을 방문했어요. 요즘... 성산일출봉 맛집 실내로 들어섰는데 외관만큼이나 널찍한 공간이...
29, 서귀포 맛집이 있다고 오늘 자기만 믿고 따라오라고 자신있게 말하시네요. 저는 돼지고기라면 뭐든지 잘 먹기 때문에 언니를 믿고 따라갔답니다! 도착하자마자 매장 간판...
30, 송도맛집은 외관부터 시작해서 음식 비주얼까지 어느 하나 빠지는 것이 없더라구요. 송도 센트럴파크역 3번출구나 인천대입구역 4번출구에서 도보로 쉽게 찾을 수 있는 ...
31," 주말에 코에 바람도 넣고 진짜 맛있는 음식도 먹고 싶어서 강릉 맛집을 다녀왔는데요!! 깐깐하기로... 강릉 맛집의 면모를 보여주자, 얼굴에 나도모르게 미소가 슬며..."
32, 친구랑 갈만한 대연동 맛집을 찾아보니까 무제한으로 먹을 수 있는 해산물 뷔페가 있더라구요. 그래서 무한리필이 가능한 대연동 맛집 쿠우쿠우에 친구 넷이서 함께 다녀...
33," 군산 맛집 꼽아봤어요. 오늘은 그 중에서 4곳 먼저 소개해요. 굴비정식의 런치코스와 참치 디너코스가... 군산 맛집(1) 오죽 오죽은 광주 송하회관, 순천 명궁관..."
34," 산방산 맛집이애요 생선구이, 고등어조림, 성게미역국을 전문점으로 현지인은 물론 관광객의... 산방산 맛집이라는걸 한눈에 알 수 있듯이 오랜 전통비법을 가지고 장사..."
35, 제주 구좌읍에 있는 제주 월정리 맛집 그동안 여러번 제주 여행을 하면서 이제 유명하단 곳들은 다... 월정리 맛집을 가봤어요. 제주도에서도 특색있는 음식으로 분류...
36, 대부도 맛집 지난 주말 친구들과 드라이브 겸 밥을 먹으러 대부도 맛집을 방문하게 되었어요. 여러 가지 해물 음식들은 물론이고 칼국수까지 먹을 수 있는 곳이라 배를...
37, 낭만포차 맛집을 알려주더라구요. 종포공원 중심가에 위치해 찾기도 쉬웠어요. 원래 여수하면 이... 입구부터 특유의 감성이 느껴지는 여수 낭만포차 맛집은 들어가서 ...
38, 호강하는 제주시 흑돼지 맛집 저번달 가족들고 함께 제주를 다녀왔는데요. 여기저기 다니며 맛있는 음식들도 실컷 먹었는데 그 중 제주시 흑돼지 맛집이 제일이였어요. ...
39, 때부터 맛집 탐방하는 게 취미였어요. 서울에 사는데도 맛있는 곳 있다고 하면 아무리 멀어도 마다하지 않고 갔어요. 결혼하고 나서 송도에 신혼집을 마련해서 여기서 ...
40," 친구와 함께 간 강남역 맛집 비어룸에 다녀왔는데, 피자와 파스타가 맛있어서 소개해드리려고 해요.... 강남역 맛집의 내부로 들어가 보였어요. 저희는 1층에서 식사..."
41, 전부터 가보고 싶었던 제주공항 근처 맛집에도 방문해서 근사한 한끼 식사를 하고 왔습니다. 메인... 제주공항 근처 맛집에선 별도로 관리되어 있는 유기농 텃밭도 구...
42, 속초 대게 맛집 으로 가격이 너무착한 곳이 였기에 가성비 너무 좋아 여러분께 알려드릴게요... 속초 대게 맛집 에서는 이렇게 가격도 붙이 메뉴판을 붙여노시는데 다...
43, 감동받은 장안동 맛집 장안동 쪽에 너무 괜찮은 참치집이 있다고 해서 회사에 친한 언니랑 다녀오게... 그러니 팀장님께서 회사카드로 맛난 것 좀 먹고오라고 해서 언...
44, 성산일출봉 맛집이 있어요. 풍요로운 밑반찬에 신선도 높은 회가 나오는 곳이어서 만족스럽게 다녀올 수 있었던 곳이라 소개드려요. 이날 찾아갔던 맛집은 성산일출봉에서...
45, 기장 맛집 황금새우 인데 새우를 전문적으로 취급하는 곳이라 새우가 싱싱해서 퀄리티도 높았고... 부산 기장 맛집인 이곳은 분위기도 좋았고 기장 앞바다를 볼 수 있...
46, 마음가는 제주 애월 맛집 몇 주 전 가족들과 다같이 제주로 여행을 다녀왔었는데요. 거기에서 검색으로 찾았던 제주 애월 맛집 에서 흑돼지부터 해서 여러가지 밑반찬을...
47, 만족했던 대전 맛집 동생의 생일을 맞이하면서 오랜만에 둘이 나와서 밥을 먹게 되었어요. 동생네 회사 근처에 있는 대전 맛집을 찾아보다가 알게된 맛 집인데 정육식당...
48," 가평 맛집 소개하려고요. 수요미식회에 소개된 숲속 식당 동기간인데, 여기서 식사만해도 충분히 힐링이 되실꺼예요. 그럼 바로 제 단골집인 동기간 소개 시작해 보겠습..."
49, 훌륭했던 제주공항 근처 맛집 몇 주 전 친구들과 제주도로 놀러갔다가 들렀던 식당이 있습니다.... 하나같이 맛깔스럽게도 생긴 제주공항 근처 맛집 이었어요. 김치부...
50, 다가올 추석을 맞이하여 여행겸 다녀온 강릉 맛집인데요 수제갈비 전문점으로 5대째 그 맛을 잃지... 강릉 맛집의 내부는 카페 분위기의 심플하면서도 고급진 인테리어...
51, 기깔나다 제주 애월 맛집 안녕하세요 여러분 요즘 날씨도 선선해져 가족과 함께 제주도 여행을... 가게 앞에는 애월맛집 대표 메뉴인 흑돼지 5합 김치찜이 커다랗게 ...
52," 얼마전 부모님을 모시고 성산일출봉 맛집에서 끼니를 했는데, 뷰도 끝내주고 맛도 대단했던데다가... 성산일출봉 맛집의 메뉴판은 보자마자 정갈한 한정식 집을 연상케 ..."
53, 횡성 한우 맛집 우리나라 한우를 먹고 다른데가서 다른한우를 먹어보면 확실히 우리나라의 한우가... 한우 맛집이예요 이식당은 강원도에 위치해있고 한우의 고장이라 불...
54, 저번주 가족들과 문경으로 드라이브 겸 여행을 갔는데요 여러 맛집을 검색하다 가족이나 단체 단위로 손님들이 많이 찾는다는 문경 맛집을 다녀왔어요 한정식 전문점으로 ...
55, 평창 맛집으로 향했어요. 열심히 밟고온 끝에 드디어 도착했습니다! 간판은 평범한 매장처럼 생겼는데 그렇게 맛나다니 여기 주변에도 평창 맛집 음식점들이 꽤나 많이 ...
56, 토박이이자 맛집 다 꿰고 있는 친구가 단골이라며 추천해 준 삼천포 맛집의 회가 정말 만족스러워 추천해 보려 해요. 신선함이 최고로 좋았고 가성비도 뛰어났답니다. ...
57, 단짝이랑 같이 왔는데 오늘 점심은 뭘 먹을까 하다가 친구가 벌써부터 제주 애월 맛집 찾아놓았어요.... 이러니 더욱더 믿을 수 있고 제주 애월 맛집 답네요. 드디...
58, 대게 맛집인 이가대게로 찾아가기로 했죠. 강구항에서 얼마 떨어지지 않는 곳에 위치한 이곳은 영덕 내에서 뷰 맛집으로도 유명해요 또 전용 주차장이 갖춰져 있어 편하...
59, 공항에 도착하자마자 너무 배가 고파서 동생과 함께 제주 중문 맛집을 알아봤어요! 계속해서 알아보다가 결국 제주 중문으로 향했어요. 간판부터 뭔가 전통 맛집의 아우...
60, 지지난주 주말 지인들과 양양 맛집에서 끼니를 해결했어요. 수십년간 전통이 있던 곳이라 세월의... 양양 맛집이에요. 면발이 건강한 생각한 면이었기에 색깔도 살짝 ...
61, 그래서 오늘은 또 어떤 맛집을 가볼까 찾아보던중 제주도 갈치조림 맛집을 찾았어요. 아버지와 같이 운정이네 본점으로 출발했습니다! 짠! 드디어 도착을 했는데 외부에...
62, 블랙계열의 수원역 맛집 간판마저 포스가 제대로였어요. 고즈넉함과 포근함을 함께 겸비한 깔끔한... 수원역 맛집은 플레이팅이 정형화되어 있지 않아서 만족스럽네요. ...
63," 특출난 여수 맛집 때 맞춰서 여수 여행을 간 김에 지역 특색 음식까지 먹고 왔습니다. 현지인들도 단골이 많다는 맛집이었는데, 서비스와 맛까지 특출났던 곳이었어요...."
64, 며칠 전에 친구와 서귀포 여행으로 제주 맛집에 방문했어요. 온 김에 흑돼지 구이는 먹어야하지... 제주 맛집 실내로 발걸음을 옮기니 쾌적하고 넓은 내부가 눈에 들...
65, 간만에 가족들과 단란한 시간을 보내기도 했었지만 그 중 가장 기억에 남는것은 단연 여수 맛집에서... 이미 여수에 거주하고 있으신 분들이라면 어느곳인지 아실 듯 ...
66, 최근 친구와 경주 황리단길 맛집을 다녀오는 길기념품을 구매했었는데요. 너무 소량만 사와 아쉬운... 황리단길 맛집이죠. 박스 안에서 꺼낸 찰보리빵은 이미 포장지도...
67, 멀리서 놀러 온 친구와 순천 맛집을 함께 갔더니 반응이 너무 좋아서 소개해보아요. 순천 아랫장시장에서 남쪽으로 5분만 걸어오면 되는 곳에 순천 맛집 위치하고 있는...
68, 안녕하세요 얼마 전엔 가족들과 제주도 맛집에 먹으러 다녀왔어요. 서귀포에 간 김에 갈치 조림과... 이윽고 저희가 주문한 제주도 맛집의 세트메뉴가 등장했는데요. ...
69, 평창 맛집 친구들과 드라이브를 하러 갔다가 근처에 굉장히 유명한 맛집이 있다고 듣게 되어 다녀왔는데요. 메뉴가 모두 메밀이 들어가 있어서 건강하고 맛도 좋아서 둘...
70, 제주시 맛집이 있다며 데려가 줬어요 공항과 가까운 곳에 자리 잡은 동도원이라는 곳이에요... 제주시 맛집 실내 분위기는 제주도의 느낌이 물씬 풍겼어요 좌석은 의자...
71," 특색있는 제주 함덕 맛집 얼마전 떠난 제주도 여행때 독특한 메뉴를 즐기고 싶어 찾아간 제주 함덕 맛집이 있는데요. 흑돼지와 전복, 한치의 만남인데 귀한 식재료 세..."
72," 겸사겸사 수다도 떨고, 맛있는것도 소개시켜주기 위해 가평 맛집으로 발걸음을 제촉했어요 점심때... 가평 맛집을 추천드린 이유중에 자리마다 태블릿이 있어서 따로 직..."
73, 발산역 맛집이에요 돼지갈비 전문점으로 질 좋은 고기를 알맞게 숙성하여 제공했던 곳을 소개해... 발산역 맛집에 내부에 들어오니 사각테이블로 구성이 되어 있었고 깔...
74, 이동갈비 맛집인 명가 갈비생각이라는 곳에 다녀왔어요 이동갈비 전문점으로 현지인의 사랑은 물론... 이동갈비 맛집으로 인정 하는듯 했어요 저희는 골고루 이동왕갈비와...
75, 남포동 맛집 해전곱창이라는곳이였어요 이날 찾아간 곳은 남포동 포차거리에 위치해있고 여러 유튜버 분들도 많이 왔었다해요 KNN생방송 투데이 곱창 맛집으로 방영했고 ...
76, 애월 맛집 으로 정이넘치는 그곳 흑돼지 김치찜과 구이를 먹을수 있는곳이여서 소문이 자자하길래... 제주 애월 맛집 실내는 좌식과 테이블로 구성되어 있었고 저희가 ...
77, 단양 구경시장에서 현지인이 많이 방문하는 단양 맛집을 소개받아 다녀왔습니다. 단양수변공원에서... 저희는 3명이서 방문하여 가족세트를 주문 하였는데 단양 맛집의 ...
78, 부모님과 여행 겸 몸보신도 할 겸 최애 부산 기장 맛집으로 드라이브를 다녀왔어요. 상다리 부러지는... 아쉬운대로 실내로 앉아 부산 기장 맛집에서 제일 인기 좋은...
79, 맛집은아직도 잊혀지지 않을 정도로 임펙트가 큰 편이었어요. 한옥 스타일의 정겨운 건물이 우선 저희들의 시선을 끌었으며 곧이어 그에 못지 않은 한상차림도 입을 벌어...
80, 최근 부모님을 모시고 제주 맛집에서 끼니를 했었는데요. 정말 푸짐한 상차림은 가성비마저 빠지지... 제주 맛집의 상차림은 깔끔하게 차려지는게 포인트이기도 했는데요...
81, 요즘 식욕도 부쩍 감퇴하는 듯 해서 지인과 함께 최근에는 주안에 다녀왔는데요 그곳에서 주안 맛집... 주안 맛집은 담음새부터 남다른 급을 선포하고 있어서 흐르는 ...
82," 오랜만에 얼굴을 보니 하고 싶은 말이 얼마나 많던지 저녁에는 목포 맛집으로 자리를 옮겨서 식사를... 목포맛집에서 ""본전 15상""메뉴를 먹었습니..."
83, 벌교 맛집에 가서 꼬막을 먹고 왔답니다. 역시 꼬막 하면 벌교라는 말이 괜히 나온 것이 아니더라고요. 이런 특별한 곳은 혼자만 알 수 없으니 여러분께 공유해 드릴...
84," 요즘 게장을 파는 곳이 도시에도 많지만, 여수 게장 맛집 따라오는 곳이 없더라고요. 그래서 힘들게... 지역 내에서 유명한 게장 거리에 있지는 않지만, 현지인들에..."
85, 서귀포 고기국수 맛집에서 식사부터 하고 관광을 다니기로 했습니다. 중문관광단지내에 있는... 김치와 장아찌 피클 그리고 오메기떡도 나왔는데 서귀포 고기국수 맛집에...
86, 얼마 전 가족들과 드라이브를 갔다가 지인에게 소개받은 익산맛집에 다녀오게 됐어요 넓고 쾌적한... 익산맛집에 대한 기대감이 잔뜩 들더라고요 한식 느낌 가득한 식단...
87," 하는 제주 우도 맛집 안녕하세요~ 이웃님들 얼마 전, 제주에 일이 있어서 다녀오게 되었어요. 이왕 간김에 제주에 사시는 분께서 소개해 주신 우도 맛집까지 탐방하고..."
88, 친구 중에서 데이트 하러 갔다가 마음에 든 남양주 맛집이 있다면서 소개해 주더라고요. 덕분에... 남양주 맛집에서는 메뉴가 단조로운 편이니까 인원에 맞게 주문한다...
89, 산방산 맛집에 다녀왔는데 알찬 모둠만두에 회국수까지 푸짐하고 정성스레 나와줘서 포식한 김에... 산방산 맛집은 내부도 넓은데다가 아늑하고 깔끔하고 감각적인 인테리...
90, 정갈했던 여수 맛집 추천 몇일전 가족들과 함께 여수 맛집 추천받은 곳인 진남식당에 다녀왔습니다. 기대도 많이 하고 갔 는데 전혀 실망시키지 않고 오히려 더 만족한...
91, 고향길 대신 평택 비전동 맛집 먹방 추석연휴 고향길 잘 내려가셨나요? 올해는 코로나로 인해... 평택 맛집 폭풍검색 생선이나 찜을 먹을까 하다가 그래도 고기가 좋...
92, 하남 맛집에 다녀왔는데 푸짐하고 얼큰한 짬뽕을 비롯한 따끈따끈한 중식 실컷 먹고 돌아온 기념으로... 하남 맛집 내부 또한 청결하고 정연했어요 확연히 짬뽕이 대세...
93, 든든한 아침고요수목원 맛집 아이들과 함께 아침고요수목원에 다녀왔습니다. 아이들의 행복한 미소를 볼 수 있었어요~ 그러다 찾아간 아침고요수목원 맛집 이 있어서 많은...
94, 진짜 맛났던 월정리 맛집 요즘 따라 잦은 제주도 출장. 동료들과 함께 월정리 맛집 검색하다 찾은 대왕해물짬뽕집을 들렀습니다. 뭐 블로그들에 조미료 없이 만들면서 ...
95, 내일 가족들과 경주로 1박2일 여행을 떠나는데 블로거 맛집 말고 현지인 맛집 추천 부탁드립니다. 아이들도 있어서 너무 맵거나 자극적이지 않은 메뉴로 알려주시면 고맙겠습니다. ^^
96, 중독적인 영등포역 맛집 안녕하세요 회원님들 오늘은 영등포역 맛집 바오밥 소개해드리려고 해요 오랜만에 맛있는 수제맥주랑 수제피자가 생각나서요~ 분위기까지 좋으면 금...
97, 연휴 나들이좀 나왔습니다. 조수석분의 명으로 닭갈비 맛집을 찾습니다 ㅜㅜ 가평 설악ic근처나 남이섬쪽 맛집이 어딨나여??
98, 김해근처 다녀오면서 슬쩍 들릴수있는 맛집있나 검색하던중 생활의달인 방송탄 만리향을 다녀왔습니다.^^ 김해 동상동에서 45년째 성업중인 맛집이더군요! 메뉴는 만두3...
99," 얼마전 알게된 맛집!! 영화보고 저녁먹으로 .. 무거동 ""쭈니네""로 고고~씽! 자꾸 생각나는 맛집이라.. 배달전문점이긴 하지만.. 가게 앞 테이..."
100," 다시와야겠다라는 맛집은 없는 것 같았어요. 참고로 평이 아주 좋았던, 작은 갤러리는 문을 닫아서... 추천맛집 ㅡ 꽃피는 전복 맛집이 없다면서 갑자기 맛집이야기하..."
101, 지난주 휴가차 무주 계곡에 놀러갔다가 지역에서 이름난 무주 맛집의 특별한 어죽을 먹고 왔어요.... 무주 맛집에 왔다는 느낌이 들어요. 저희도 자리를 잡고 이곳에...
102, 그런데 유명한 여수 낭만포차 맛집을 소개해주겠다고 해서 갔는데 한 눈에 반할 수 있었어요.... 여수 낭만포차 맛집 신선하면서도 건강한 재료로 주시는 게 다 티가...
103, 황리단길 맛집 타베르나에 저도 다녀왔어요. 경주 황리단길에 끝자락쯤 위치해있는 타베르나 경주... 메뉴판을 한참 보다 저희가 고른 경주 황리단길 맛집 메뉴는 연어...
104, 얼마전에 날도좋고 행복한 일이 있어서 친한친구와 함께 강남역 맛집 심이라는 곳에 다녀왔어요.... 간단하게 술 마시면서 배도 채울겸 왔는데 친구가 여기 안주들이 ...
105, 며칠 전 강릉에 사는 친구를 만나 강릉 맛집 추천하는 곳에 다녀오게 되었는데요. 뜨근한 국물로 속을... 홀로 들어오면 넓게 자리잡은 입식테이블 덕분에 호감이 갔...
106, 여수 맛집 추천받아 간 유람선회센터는 너무 푸짐하게 먹고 온 곳이였어요 돌산대교 바로 밑 쪽에... 여수 맛집 추천해주나봐요 여수 맛집 추천해준 이곳에서 하모셋트...
107, 지난주 가족들과 함께 제주도 여행을 떠났는데요 지나가다 우연치 않게 들려던 제주 애월 맛집... 애월 맛집 내부에 들어와보니 사각 테이블고 구성이 되어있었으며심플...
108, 이번주 월요일 직장동료와 함께 일이 있어서 일산에 가게 되었는데 진짜 맛있는 일산 맛집 알고있는... 일산 맛집 내부는 생각보다 꽤 넓었어요. 이런식의 인테리어를...
109, 분위기도 좋고 스테이크도 너무 맛있어서 좋아하는 장유 맛집 예약제로 운영되고 있어서 기념일 날에... 장유 맛집 다양한 정식메뉴들도 있고 코스요리도 있어서 한 세...
110, 곧 신랑 생일인데 치즈나 생크림케이크 사려해요 이사온지 얼마 안되서 지역맛집 정보가 없네요 풍덕천동이면 더 좋고 조금 거리있어도 괜찮아요^^ 추천 부탁드립니다^^
111, 강릉역 맛집인데요 꼭 한번 이곳에서 식사 대접을 하고 싶었다며 가족들과 함께 이동을 했어요... 강릉역 맛집인지 한번에 알겠더라고요 저희는 대표메뉴인 한방능이오리...
112, 중문 맛집인 중문자연산횟집을 다녀왔어요 천지연 폭포와 멀지 않는곳에 위치해있고 식당이름 부터... 중문 맛집에서 들어서자 마자 고등어갈치세트와 활어회 모듬을 주문...
113, 그때 생각만 하면 군침을 다시게 되는 성산일출봉 맛집. 놀러가면 꼭 먹어야 하는 로컬 푸드는 다... 일단 자리에 앉아 성산일출봉 맛집 메뉴판을 봅니다. 저희는 ...
114," 오늘 소개하고 싶은 건 기회가 닿는다면 언젠가 꼭 다시 가고 싶은 평창 맛집들이에요. 평창에서... 평창 맛집 1) 흥정송어횟집 흥정송어횟집은 화천 송화수산횟집,..."
115," 원기회복에 최고인 소고기를 사드리고 싶어 이번엔 포천 이동갈비 맛집을 다녀 왔는데, 고기를 먹는... 이동갈비 맛집에 해놓았더라구요. 여태껏 보지 못한 풍경에 입..."
116, 마침 지인이 알려준 문경 맛집이 있어 식사를 하러 찾아가 40년전통의 손두부 맛을 경험하고... 어두운 밤하늘 아래에도 훤하게 비춰주는 불빛이 있어 어렵지 않게 ...
117, 예전에 친구와 여행 갔을 때 맛있게 먹었던 경주 맛집 추천해드릴게요. 감칠맛 좋고 푸짐한 양의... 경주 맛집으로 추천해요. 1. 기와메밀막국수 부산 주문진 막국...
118, 주말에 친구들과 우정여행을 위해 강원도로 갔다가 속초 동명항 맛집을 만나게 되었어요 너도대게... 제가 좋아하는 두사람이 나왔다고 하니 괜히 더 속초 동명항 맛집...
119, 제주도에 방문하면 한번은 꼭 가봐야 할 것 같은 제주 중문 맛집을 알아보고 있던 도중 제주미향을... 보통 제가 거주하고 있는 지역의 횟집들은 이렇게 까지 싱싱하...
120, 안녕하세요 대전맛집멋집회원님들 저도 어제는 여기서 진즉 검색한 괴정동 맛집 아라에 다녀왔어요 힣흐헤헤헿ㅎ 사실 아라는 1차로 간게 아니고 요 근래 괴정동 맛집으로...
121, 지난주 오랜만에 대학 동기들 모임에 방문한 가게가 있는데요 수제 버거로 유명한 장안동 맛집이라고... 장안동 맛집 내부에드러와보니 규모는 넓은 편이구요 벽면에는 ...
122, 주말에 친구들과 다같이 제주도로 놀러갔다가 점심으로 먹은 제주 애월 맛집이 있어요. 첫날에... 얼른 제주 애월 맛집의 메뉴판을 보고 주문을 먼저 해줬고 바깥을 ...
123, 드디어 성산일출봉 맛집에 왔어요! 아무래도 제주도 오른쪽 맨 끝에 있다보니까 거리가 좀... 성산일출봉 맛집 반찬은 셀프라고해요. 역시 흑돼지에 걸맞는 반찬들은 ...
124, 며칠 전 친구들과 다같이 경주로 나들이길에 경주 보문단지 맛집에 들러서 삼겹닭갈비에... 자리에 앉아서는 주문을 마치고 경주 보문단지 맛집의 삼겹닭갈비부터 마주하...
125, 최근 친구들과 우정 여행 중 여수 맛집을 왕창 들렀었는데요. 걔 중 가장 인상깊고 가성비가 푸짐했던... 한참 돌아다니다보니 허기진 배를 달래고자 낭만포차에 인접...
126, 며칠 전 신림에 살고 있는 친구를 만나러 갔다가 신림 맛집에 가서 저녁까지 먹고 돌아올 수... 콩고물 소금 쌈장 갈치속젓 고추냉이 등으로 생각했던 것보다 알찬 ...
127, 만족했지 제주공항 근처 맛집 지인의 초대를 받아서 제주공항 근처 맛집에서 식사를 할 기회가 있었습니다. 간만에 멀리 나가는 거라서 친구들이랑 함께 다녀왔었는데요....
128, 가평에 도착하자마자 가장 먼저 찾아간 곳은 가평 맛집 동기간 이었어요. 동기간은 숲 속에 위치한... 가평 맛집 동기간은 수요미식회에도 출연했는데요! 수요미식회에...
129, 강화도 맛집은 맛부터 친절까지 너무나 만족한 곳이에요 초지대교를 넘으면 바로 보이는 곳에 위치한 갯배 생선구이라는 음식점인데요 1박2일이라는 프로그램에서도 다녀갔...
130, 지난주에 친구와 태안군으로 놀러 가게 되어 안면도 맛집에 방문하게 되었어요. 싱싱한 해산물과... 입구에 들어서기 전 안면도 맛집에서의 식사를 다 한 후 커피 한...
131, 제대로 된 경포대 맛집 지난 주말 일이 있어서 강릉을 잠시 다녀왔습니다. 때마침 식사 시간이라서 미리 알아봐 두었던 경포대 맛집을 방문했는데 전체적으로 너무 만족...
132, 결국 평소 자주 가는 제주 맛집에 들러 가볍게 식사 한 끼 하고 가기로 했죠. 이날 찾은곳은 공항... 제주 맛집 실내는 홀과 방으로 나뉘어저 있고 가끔 가족들과...
133, 경남 3대 횟집으로 유명한 해원횟집과 베이커리 카페 하쿠나마타타가 특히 좋았어서 여기 두 곳만 통영 맛집 추천하며 리뷰 써봐요! 통영 맛집 추천 : 해원횟집 식당...
134, 단양 맛집에서 푸짐한 한상차림에 만족을 하여 여러분들께도 알려드리려고 해요 제가 찾았던 단양쏘가리는 각종 방송 프로그램에도 나왔던 유명 맛집으로 이 근방 거주하시...
135," 강원도 여행을 하는 중인데 자기가 평창 맛집을 알아봤다고, 여기는 무조건 죽는 한이 있더라도... 역시 평창 맛집의 면모를 보여주네요. 들어가서 시국이 안 좋은지..."
136, 최근에 제가 연어가 먹고싶다고 했더니 친구가 맛집이라고 소문났다는 연남동 근처 맛집이 있다고 하기에 다녀왔습니다. 평소에 즐기지 못했던 신선한 붉은생선살을 배터지...
137, 얼마 전 친한친구들과 안산에 놀러갔다가 대부도 맛집에 들러 저녁식사를 했는데요. 뜨끈한 칼국수와... 안으로 들어서면 널찍한 실내가 보였던 대부도 맛집이어서 마음...
138, 포천 맛집인 서파장어랜드에 다녀왔어요 이곳은 신선한 장어를 마음껏 즐길 수 있어 좋았던 곳이에요... 포천 맛집 실내는 깔끔한 블랙 인테리어로 되어있었어요 그리고...
139, 얼마 전에 친구들과 여행을 가서 강화도 맛집을 방문했어요.풍성한 상차림에 사람들이 다들 칭찬... 가게 내부로 들어가서 자리를 잡은 후 강화도 맛집의 코스 요리를...
140, 얼마전에 친구들을 데리고선 여수 맛집 추천을 받아 다녀왔습니다. 선택지가 너무 많아 고민됐었지만... 제가 제일 좋아하는 것은 전 종류인데 여수 맛집 추천 메뉴는...
141, 갓 부쳐준 그 맛과 다양한 메뉴가 만족스러웠던 속초 아바이순대 맛집 하나 추천해 보려고 해요.... 둘이 먹든 여럿이 먹든 가격 부담이 없는 속초 아바이순대 맛집...
142, 며칠 전 친구를 만나 수유 맛집에서 매운 점심을 먹고왔어요 전부터 한번 꼭 가보고 싶던 곳이었는데... 수유 맛집은 10%부터 1000%까지 매운 정도를 고를 수...
143, 동탄 맛집들이 있어서 다녀오게 되었어요 점심부터 저녁까지 행복한 하루로 채워준 가게들을... 동탄 맛집 내부는 화이트톤 벽지가 화사한 분위기를 자아내고 있었고 짙...
144, 지인들과 오랜만에 약속이 있어 평택 맛집에 다녀왔어요 예전부터 가보고 싶었던 곳이었는데 드디어... 평택 맛집은 신선한 재료로 요리를 한다는 신뢰감이 들더라고요 ...
145, 흑돼지 맛집도 점찍고 왔는데요. 청정지역에서 자란 최상급 무항생제 돼지를 엄선해주시는 곳이어서... 이게 바로 앞전에 언급드렸던 제주 흑돼지 맛집의 주차장인데 공...
146, 제주도 갈치조림 맛집 제주예찬 공항에서 차로 20분정도 소요돼요. 저희가 들를 신비의 도로 바로... 역시 제주 갈치조림 맛집 으로 유명한데는 이유가 있네요. 함...
147, 최근 친구들과 남해 맛집에서 끼니를 때웠었는데요. 정갈하면서도 깔쌈한 상차림에 모두가... 남해 맛집의 멸치튀김은 별미가 따로 없었는데요 튀김을 하시는 비법이 고...
148, 분위기맛집 동량면에있는 민들레다녀왔는데 민들레를 가는길도 힐링 그곳에들어설때도 힐링... 기분전환되는 맛집이에요 담에는 밤에가서 이쁜조명과 막걸리한잔하고프네요 앗...
149, 전부터 sns를 통해 찾아뒀던 발산역 맛집을 찾아가서 두둑하게 배불리고 올 수 있었어서 소개드리려고... 배너는 차근차근 살펴보면 발산역 맛집으로 텔레비전에 출연...
150, 동생과 돌아다니던 도중에 갑자기 기가막힌 서귀포 흑돼지 맛집을 알고 있다고 가던길을 멈추고... 서귀포 흑돼지 맛집의 내부에요. 낮부터 손님이 꽤 있더라고요. 설...
151, 여수의 대표 음식이죠 게장과 갓김치를 맛볼수있는 곳 추천드려요 여수 게장 맛집이라고 유명한... 게장 맛집의 불고기전골이에요 샛빨간 고기색감에 당면사리가 올라가구...
152, 며칠 전 친구들하고 거제시로 놀러갔다가 검색을 해서 찾은 거제 맛집이 있는데요. 자연산 횟집으로... 나이불문하고 이렇게 멋들어진 거제 맛집은 모두가 애정하겠다 ...
153," 종로*밥 소고기 모듬 대훈*고기 대하구이 포차*차 양갈비,카레 양육* 냉오뎅 백주* 한달동안 열심히 먹었네요 이러니 살을 못빼쥬......??? 월급을 먹을거에 ..."
154, 지난주에 예전 고등학교 동창들과의 만남을 송파동에서 가져 송리단길 맛집에 방문하게 되었답니다.... 테이블에 앉아 주문을 하고 담소를 나누던 중 송리단길 맛집의 ...
155, 지난 주말에 드라이브 겸 춘천에 갔다가 춘천 맛집을 발견하고 왔어요. 냄새가 전혀 안 나는 족발... 내부에서는 춘천 맛집이 여러 번 방송에 나왔다는 부분을 확인...
156," 공항에서 내리자마자 알아보고 간 제주도 갈치조림 맛집에 갔었는데, 리뷰를 남겨볼게요. 제가 갔던... 안으로 들어가자마자 제주도 갈치조림 맛집답게 벽면에 빼곡하게..."
157, 몇일전 친구와 시간 맞춰 청계천으로 바람 쐬러 갔다가 미리 알아봤던 익선동 맛집에서 식사를... 익선동 맛집에 메뉴판을 살펴봤어요. 다채로운 메뉴들이 준비되어 있...
158, 아빠께서 예전부터 점찍어두셨던 횡성 한우 맛집에 가기 위해서였는데요. 시설도 고급진데 맛도 좋고... 실내로 들어오면 보다 대박적인 비주얼을 하고 있었던 횡성 한...
159, 얼마전 친구들과 친목도모를 위해 인계동 맛집에 다녀왔는데요 깔끔한 분위기에서 정성가득한... 인계동 맛집이였어요 우리는 자리에 앉아 메뉴판을 보고 식사와 술안주가...
160," 맛집이야 어느 지역이든 있지만, 어떤 맛집이 모두에게 맛집이란 법은 없어요. 입맛은 어디까지나 주관적인 거니까요. 그래도 여러 사람의 입맛에 맞고, 많은 사람에게..."
161, 여기굿 여수 맛집 지난 주말 친구들과 여수에서 밤바다를 우르며 식사를 했어요. 분위기는... 등대 구경을 마치고 저희가 방문했던 여수 맛집 명함 먼저 띄어드리도록...
162, 지난주에 엄마한테 육아찬스를 쓰고 언니랑 같이 강원도 양양 맛집을 갔다 왔어요. 한식을 좋아하는... 강원도 양양 맛집은 국내산만의 단단함이 살아있었어요. 빨갛게...
163, 숙소가 오설록 근처에 있어서 제주 오설록 근처 맛집에 들러 밥을 먹었는데 가성비도 너무 좋고 자꾸... 제주 오설록 근처 맛집은 전복돌솥밥이 굉장히 유명한 곳이었...
164, 대전스테이크맛집 맛도좋고 분위기도 좋은 비바릴리 오랜만에 비바릴리 나들이 다녀왔어요~ 외관 찍으려 하는데 카메라 배터리 앵꼬나서 ㅠㅠ 보조 배터리 차에 있어서 그...
165, 서초동 맛집으로 요새 이동네 중식당이 핫하다고 하여서 막내에게 예약을 시켜보았는데요~요리도 맛있고 분위기도 아늑하지 좋더라고요 겉에서부터 뭔가 찐 맛집 포스가 줄...
166, 주말에 친구들과 같이 놀러 부산으로 갔다가 남포동 맛집으로 다녀오게 되었어요. 다양한 덮밥을... 특이하게 남포동 맛집에서는 영화티켓을 가지고 오면 할인을 해준다...
167," 며칠 전 친구들이 사는 대구로 놀러갔다가 들렀던 대구 맛집이 있어요. 소곱창, 소대창을 사용하는... 대구 맛집의 2층으로 올라온 저희는 입구를 맞닥뜨리게 되는데..."
168, 바다내음도 가득하고 넘 행복한 시간이였어요 그리고 슬슬 배가 고파오기 시작해서 대포항 맛집 명가횟집에서 식사하고 왔어요 먼저 대포항 맛집에서 대게코스를 주문하면 ...
169, 특히나 거기서 들렀던 세 곳의 여수 맛집은 정말 만족스러웠기에 여러분께 공유해 드려요. 1. 황금게장 첫 번째 여수 맛집은 황금게장이라는 곳인데 이곳은 두꺼비게장...
170, 대게 맛집에 기분전환 할 겸 다녀오자고 해서 당장 연차를 사용해서 다음날 다녀왔는데요. 기대만큼... 대게 맛집 코스 요리가 나오기 시작했어요. 제가 제일 좋아하...
171, 제가 특히 만족했던 곳은 바로 경주 황리단길 맛집인데요. 쌈밥 정식을 즐길 수 있는 경주시에서도 인정한 정말 제대로 된 맛집이에요! 경주 황리단길에서도 유명한 맛...
172, 함덕해수욕장 맛집을 알아보던 중에 지인이 소개해준 고깃집에 대해서 소개해보려고 해요. 지인이 소개해준 함덕해수욕장 맛집인 이어돈 고깃집인데 처음 도착하자마자 건물...
173, 이름부터 짚불냄새 향긋한 제주 협재 맛집 짚불도 예요. 주소 : 제주특별자치도 제주시 한경면... 제주 협재 맛집 짚불도 들어가자마자 정말 놀랐어요. 왠지 짚불구...
174, 속초 맛집이 자꾸 생각나요. 바이러스가 잠잠해지면 또 가고 싶네요. 그리운 마음을 담아서 늦게나마 후기 남겨봐요. 강원도 4대 두부집 대청마루과 푸르고 푸른 뷰의...
175, 지난주 절친의 생일을 맞이해 원주 맛집에서 맛있는 음식을 먹었답니다. 친구들과 카톡이나 전화는... 저희가 맛집으로 찾아간 곳은 4대 숙성한우집 함포고복인데 다녀...
176," 에코랜드 맛집 산내들내에요 한 자리에서 18년간 꾸준하게 운영중이셔서 단골손님분들도 많이... 에코랜드 맛집이랍니다. 저희가 주문한건 갈치조림과 보말국, 제육, ..."
177," 광화문에 10년째 근무중인데 까페에서 분당 맛집 정도 많이 얻어서 제가 알고 있는 맛집 알려드려요 안국역에서 걸어서 가능하고 광화문, 종각역에서도 걸어갈수 있는 ..."
178, 경포대 맛집을 찾아 방문했답니다. 바로 춘천1번가닭갈비란 업체로 경포초등학교에서 차로 2분 정도 걸렸던 것 같아요. 매일 11:00 - 24:00 강릉 교동 맛집...
179, 최근 지인네 놀러가서 대하구이를 얻어먹구 왓어요. 지인네가 담달에 대전오면 봉명동쪽에서 사먹일만한 대전 맛집(술집) 추천 부탁해요!
180," 후회없는 제주공항근처맛집 지난 주말 친구들과 여행을 시작하며 맛집에서 식사를 했는데요. 기본찬도 다채롭게 차려졌던데다, 사장님께서 친절하게 응대해주셔 행복한 추억..."
181, 잠실새내맛집 역시 맛집으로 불릴만해요~ 저는 얼마전에 친구를 만나서 잠실새내맛집으로 새롭게 떠오르고 있는 곱품닭에 방문해보았습니다. 제 주변사람들이 하도 곱품닭이...
182, 그중에서 제가 가장 만족스럽게 먹었던 연남동 근처 맛집을 소개해 드리려고 합니다. 경의선 숲길 뒷골목 쪽에 위치한 연남동 근처 맛집 처음 찾아가신다면 찾기가 어려...
183," 속초 맛집과 카페, 빵집들을 추천해봅니다! 그 누구보다 대중적인 입맛을 가진 저와 제 친구들이 모두... 속초 대포항 맛집 1) 오베르망 생활의 달인에 나왔던 빵..."
184, 평창 맛집이 있다고 해서 가봤어요. 신선한 재료와 따뜻한 달달함이 느껴지는 그런 가게였고 실제... 평창 맛집의 내부는 와인색 우드톤으로 정리되어있고 전체 테이블...
185, 집으로 돌아오는 길에 들렀던 정동진 맛집이 잊혀지지 않아 소개드려보려고 합니다. 조개구이랑... 통창도 나있어 답답하지 않고 시원해보이는 정동진 맛집이었어요. 안...
186, 여수횟집맛집인 유람선회센터를 방문했어요 신선한 해산물과 제철인 음식들을 즐길수 있던곳이라 맛집으로 불리울만한 충분한 곳이였어요 이곳은 유람선 선착장 바로앞에 위치...
187," 우리만 즐길수 있는 단독룸이 있는 여수맛집을 추천 받아 다녀왔는데, 풍족한 스끼음식까지 흡족했던 하루였어요.^^ 이날 도착하자 마자 찍은 여수맛집 전경인데요, 멀..."
188, 횟집 맛집을 알려줘서 발걸음을 옮겨봤어요 싱싱한 해산물로 현지인에게도 많은 사랑을 받고... 횟집 맛집은 이유가 따로있었어요 주문한 메뉴는 대게를 주문했어요 상다...
189, 그렇게 해서 검색해서 찾은 남해 맛집이었는데 멸치요리를 알차게 먹을 수 있어 대만족하고 돌아온... 이처럼 넓은 부지 위에 있는 건물 한채여서 어렵지 않게 찾을 ...
190, 가족들과 휴가 보내면서 현지인이 강추하는 안동 맛집도 다녀오게 되었는데요. 한우로 만든 각별한... 가격대는 조금 있지만 상차림부터 수제 반찬으로 가득하니 본전 ...
191, 그래서 좋은 가게가 없을까 수소문 한 끝에 좋은 품질의 고기를 사용하는 횡성 한우 맛집이 있다고... 횡성 한우 맛집의 내부로 들어가면 먹음직스럽게 잘려있는 소고...
192, 여유롭게 가는데 마침 배고플 때 만난 입구쪽 남해 맛집이 있어요. 동네 자체 특성상 뭔가 다 차려진... 남해 맛집의 메뉴는 다양했어요. 그런데 여기는 자연산 생...
193, 마침 해물삼합을 먹을 수 있다는 여수 맛집이 있다길래 수소문 끝에 찾아가서 대박만족하고 돌아올... 앞쪽으로는 널찍한 주차공간이 마련되어있는 여수 맛집이기 때문에...
194, 제주시 맛집인데요 음식 하나하나 정성이 가득하고 눈과 입을 즐겁게 해주었던 가게를 소개해... 제주시 맛집만의 고급스러운 분위기를 연출하고 있었어요 내부 분위기에...
195, 제주여행을 마치고 돌아가는 날에 마지막 진수정찬을 만끽한 제주도 애월 맛집이 있는데요.... 저희가 제주도 애월 맛집에서 주문한 음식은 바로 갈치조림세트로 네모난...
196, 동래 맛집을 찾아 들렸는데요 삼겹살과 항정상이 유명하고 돼지고기 전문점으로 이미 정평이... 부산 동래 맛집의 내부는 나무 테이블을 통해서 따뜻한 느낌을 내고 있...
197, 지인들과 서귀포의 명소들을 둘러본후 밥 먹을 시간이 돼서 미리 알아본 제주 신라호텔 맛집을... 알고 보니 제주 신라호텔 맛집을 방문한 여러 유명인들의 흔적들이더...
198, 오늘은 제돈내고 직접 다녀온 제주 섭지코지 맛집을 안내해 드리려고 합니다. 이곳에서 십여년이 넘게... 제주 섭지코지 맛집에서는 서울에서는 볼 수 없는 크기와 물...
199, 며칠 전 친구를 만나러 서울로 올라갔는데 다음에 꼭 가야한다고 노래를 부르던 신림 맛집이 있어서... 신림 맛집 내부로 들어가니 이미 많은 손님들이 있더라구요 전...
200, 구월동 맛집 지난 주말 친구들과 함께 구월동 맛집을 찾았어요.돈까스가 유명한 곳이었는데 가성비도 좋아 모두가 만족했던 곳이에요. 이번에 찾은 식당은 예술회관역 6...
201, 친구들과 중문에 숙소를 잡은 후 체크인을 하고 밥을 먹을겸 근처에 있는 제주 롯데호텔 맛집을... 제주 롯데호텔 맛집의 시그니처 메뉴를 제외하고 식사류는 다양하게...
202, 중앙시장 맛집이였는데요 신선한 회와 대게전문점으로 그 맛에 반해 잊지못할 가게를... 속초 중앙시장 맛집은 앞에 노란색의 밝은 수족관이 특징적이고 사장님도 늘 반...
203, 며칠 전 친구들과 제주도로 놀러갔다가 들렀던 제주 애월 맛집이 있는데요. 수려한 오션뷰는... 애월 맛집이었어요. 이내 자리에 앉아 메뉴를 주문한 저희는 밑반찬들...
204," 근처에 유명하다는 제주 협재 맛집에도 들러 점심을 해결하고 왔는데요. 가격대비 음식 퀄리티가... 제주 협재 맛집의 대표메뉴는 갈치정식이었는데 가격이 9,900원..."
205, 성산일출봉 맛집이 기억에남아 소개하려 해요 이날 찾은 돈이랑 성산점은 성산일출봉에서 차로... 성산일출봉 맛집 실내로 들어가보니 정감가는 인테리어와 또 테이블로 ...
206, 저번 주 친구들과의 약속이 있어 인천에 있는 구월동 맛집을 다녀왔는데요 인천에 살고있는 친구가... 구월동 맛집 실내는 깔끔한 원목식탁의 테이블로 따뜻하고깨끗한 ...
207," 달랐던 팔공산 맛집 얼마전 가족들과 함께 나들이를 나갔다가 팔공산 맛집에도 들렸어요. 한정식을 전문으로 하는 곳인데, 세트메뉴로 주문해 한자리에서 다양한 음식을 ..."
208, 근처에 사시는 지인분께서 부평에 가면 꼭 한번 들려보라던 부평 맛집인 주문진대게회센터는 수율이... 치즈가 쭉 늘어나면서 달콤한 맛에 벌써 감탄했던 부평 맛집이었...
209, 지난 번에 친구 동네로 놀러 갔다가 근처에 유명하다는 대전 맛집에 다녀왔어요. 점심 식사로... 자리에 앉자마자 대전 맛집의 모듬세트와 홍와칼국수를 주문했는데요....
210, 지난 추석연휴에 시댁근처 유명한 을왕리 조개구이맛집 을 들렸다왔어요! 평소 없어서 못먹을정도로 조개구이를 좋아해서 안가볼수가 없더라구요~ 용유 해변쪽에 있는 을왕...
211, 얼마 전 절친들과 택시기사님의 이야기를 듣고 제주 오설록 맛집에 다녀왔습니다. 평소에 가보고... 무엇보다 제주 오설록 맛집의 푸짐한 상차림이 놀라울 따름이었는데...
212, 바람이 선선하니 기분이 좋아져 가족들과 나들이 할 겸 강화도 맛집에 다녀왔어요. 선주가 직접... 보다 보니 배가 고파져서 서둘러 강화도 맛집 안으로 입장하게 되...
213, 가족들과 함께 대관령 맛집 대박식당 방문해서 아주 맛있게 잘먹고왔답니다 여기 저번에도... 대관령 맛집 이예요 언제나 느끼는거지만 정말 청결함이 너무좋은곳이랍니다...
214, 먹는 것도 좋아라 해서 그 근처 맛집은 자연스레 꿰뚫게 됐죠. 주변 사람들이 제가 그쪽 자주 다니는 걸 알고 경포대 맛집 같은 걸 추천해달라고들 많이 하는데 한번...
215, 며칠 전 친구들과 오래 전부터 가보고 싶던 마곡 맛집을 찾게 되었는데요. 숙성된 돼지고기를... 안으로 들어오면 입구문 앞에 세워두신 배너와 숙성고가 보였던 마곡...
216, 얼마전 오랜만에 지인들과 식사를 하러 광명 맛집에 다녀왔는데요. 가게가 워낙 넓고 청결해서 요즘... 무엇보다 넓고 다른 테이블과 간격 유지도 잘되어서 안심하고 ...
217, 저녁을 먹으러 양산 맛집에 방문했는데 고기 품질과 친절한 서비스 모두 만족했던 곳이었어요.... 외관에는 양산 맛집에서 새로 나온 특선메뉴도 붙어있었습니다. 이렇...
218, 얼마 전 복날을 맞이해서 친구들과 조금 특별한 닭요리를 먹기 위해 홍대 맛집을 다녀왔는데요.... 주소 : 서울 마포구 와우산로29마길 16 전화번호 : 070-...
219, 월미도 맛집이 있어 동료들과 다녀오게 되었는데 그 맛이 너무 훌륭하고 다양한 입맛을 한 번에 충족... 가장 먼저 눈에 띄었던건 월미도 맛집의 찜기였어요. 마치 ...
220, 드디어 찾은 대포항 맛집 친구들과 오랜만에 바다도 볼겸 속초로 오게 되었어요. 저희가... 대포항 명가횟집 강원 속초시 대포항희망1길 91 033-635-0333...
221, 친구를 만나러 갔다가 오래된 목동 맛집이 있다고 해서 한 번 가보기로 했어요. 11년이나 됐다고... 룸도 고급스럽게 생긴 목동 맛집으로 직원들도 모두 친절하시고...
222, 얼마 전 친구들과 삼삼오오 모여서 속초 대게 맛집에 다녀왔는데요. 푸짐한 스끼다시에 회와 대게의... 입식테이블이 즐비하여 맘에 드는 자리에 선택해 앉으면 되는 ...
223," 속초 맛집 4곳 리뷰해요. 강원도 4대 두부집으로 얼큰순두부가 맛있는 대청마루, 핸드드립 잘하는 카페 뮤토로스팅플랜트, 강원도 특산물로 만드는 젤라또 라또래요, ..."
224, 식당을 어디로 할지 생각하고 있다가 현지에 사는 친구가 추천해준 서귀포 맛집에 갔다왔는데요.... 서귀포 맛집의 가게 내부는 룸으로 구성되어 있구요 가족단위나 회...
225, 닭갈비 맛집이 있어서 맛있게 먹고 왔어요. 소양댐우미닭갈비 주소 : 강원 춘천시 신북음 신샘밭로... 춘천 닭갈비 맛집에서 저희 가족들은 철판닭갈비를 주문했답니다...
226," 원하는 맛이었던 제주 맛집 얼마 전 늦은 휴가가 생겨서 제주도에 잠깐 들렀어요. 바닷바람을 쐬기 전에 공항 근처에 있는 제주 맛집도 다녀오게 되었는데, 고기도 맛..."
227, 다채로운 군산 맛집 지인들과 같이 가게 되는 군산 맛집이 있었는데요. 여기는 다양한 메뉴도 팔고 있는 동시에 모두 맛이 있어서 늘 고민하게 되는 곳이었습니다. 최...
228, 또 가고픈 평창 맛집 입소문 난 평창 맛집중에서도 여러군데 방송 출연할 정도로 맛에 대한 인정을 받는 곳도 흔하지 않은데 제가 다녀온 곳이 딱 그런 곳이었어요. ...
229," 그 중에서 방문했던 제주 중문 맛집은 맛도 가성비도 좋았어요. 제주 중문 맛집은 신라호텔이나 천제연폭포, 그리고 대부분 관광지에서 차로 5분 이내에 도착할 수 있..."
230, 명절에 친척 동생을 만나러 안동을 다녀왔어요 친척 동생이 꼭 가보자고 하는데여서 안동 맛집으로... 안동 맛집 내부는 아주 깔끔하고 하회 마을을 연상케하는 인테리...
231, 엄청났던 제주시 맛집 엊그제 지인들과 제주도에 방문했습니다. 시원한 바람을 쐬고나서 식사를 하기 위해 근처 식당을 찾아보았어요. 그 중 가성비 넘치는 가격에 푸짐...
232," 담양 맛집을 모두에게 소개해드릴려구요! 바로 담양 전통식당이라는 곳입니다 ! 남도의 맛을 제대로 느낄수 있는 담양 맛집 전통식당! 한국인의 밥상 , 1박 2일, ..."
233, 최근 친구와 우정 여행 중 제주 표선 맛집에서 식사를 했었는데요. 흑돼지의 남다른 퀄리티를 그대로... 종류별로 차려졌던 고기와 전복 그리고 딱새우회까지 무엇하나...
234, 평택 소사벌 맛집 더덕갈비 흑돼지 올해는 태풍이 오면 또 오고 세번이나 한반도를 지나갔어요 또... 평택 맛집 다른 타도시에도 이런 맛집은 흔하지 않은거 같아요 ...
235, 맛집 후기 한 번 올려봅니다. 서울 근교 드라이브로 늘 추천하는 강화도니 놀러가시면 맛난 회 한 번 드시고 오세요~ 아름다운 바다전망 속 절벽위에 위치한 용궁횟집...
236," 건강해지는 맛 사천 맛집 친구네 집 근처에 동네에서 나는 콩을 사들여서 두부를 직접, 그것도 매일 만든다는 곳이 있다고 해서 며칠 전에 다녀왔습니다. 사천 맛집으..."
237, 김포 양촌 맛집 몸보신 제대로 하고 왔어요 : ) 몸보신 하러 다녀온 곳! 이번에 김포에 있는 달구네 짱닭을 소개드릴까 해요. 김포 양촌 맛집으로 여기 온 이유~...
238, 평택 맛집이랄까요? 한 번 방문 하게 되면 자꾸만 생각나는 곳이거든요 얼마 전에도 다녀왔었네요 이날은 지인들이랑 같이 약속을 잡고 이곳을 방문했었는데요 제가 적극...
239, 배가고플 타이밍에 어디를 갈까 한참을 고민하던 중 자꾸만 눈길을 끌던 경주 맛집이 있어 발걸음을... 시내와 거리가 그닥 멀지 않았던 음식점이라 저희는 보문단지에...
240," 직장인들로 붐비는 평일을 피해 지난 주말 친구와 함께 여의도 맛집에 다녀왔어요. 이번에 방문한... 맛이 보장된 한우를 먹자고 말했지만, 가격이...ㅠ 친구가 말..."
241, 양평 맛집인 보광정 가든을 소개해 줘서 다녀오게 되었어요. 이날 찾은곳은 양평역에서 차로 20분정도... 양평 맛집이에요 닭 볶음탕을 주문하니 곧이어 밑 반찬들이...
242, 끝판왕이었던 여수 맛집 지인들과 함께 지난 주에 여수로 여행 다녀왔습니다 2박 3일 동안 신나게 돌아다니다가 떠나기 전 실컷 먹어보자 싶어서 여수 맛집을 찾아왔네...
243," 천안 맛집을 탐방하기로 마음을 먹고 지난 주말에 방문하게 되었습니다. 밥 뿐만 아니라 밤 공기를... 가족들이 함께 찾아간 천안 맛집이라서 삼겹살, 꼬들살을 각 ..."
244, 오늘은 지난 연휴중에 다녀온 통영 맛집 추천 할수밖에 없는곳! 배말 칼국수 통영 죽림점 소개를 좀... 인생샷 맛집을 셀카 파티를 누리실 수 있습니다. ㅎㅎ 남해...
245, 명품이다 경포대 맛집 몇일전 부모님을 모시고 강릉에 다녀왔습니다. 이곳저 곳 구경도 시켜드리고 온김에 맛있는것을 대접하고 싶어서 검색하였는데 경포대 맛집으로 유명...
246, 가성비 넘쳤던 제주시 맛집 물가 비싸기로는 그 어떤 지역 보다 최고일 것 같은 제주에서 정말 가성비 좋고 맛있는 식당을 발견했습니다 이미 많은 분들이 제주시 맛집...
247, 요즘같은 불볕더위에 휴양도하고 몸좀 쉬어줄겸해서 포천 맛집을 찾아다니다 결정한 곳이에요.... 보통 다른 맛집들 방문해보면 공간이 좁거나 밀려있는 경우가 많은데 ...
248, 얼마 전에 친구와 드라이브를 하러 떠났다가 춘천 맛집에서 외식을 했어요. 신선함이 돋보이던... 안으로 들어가서 안내해 주신 자리에 앉아 춘천 맛집 내부를 구경해...
249, 인심 좋다 여수 게장 맛집 나이가 먹어서 그런지 요즘에는 집밥같은 느낌의 한식 메뉴가 많이 당기는... 그래서 이번에 일 때문에 출장을 다녀올 때에도 동료와 함께...
250, 애들이랑가는데 맛집정보가없네요.회너무좋아해서 푸짐하게회도먹고싶어요ㅠ 회덮밥도좋구ㅠ 아니면 일반생선구이집이나 일반맛집등등 추천해주세요
251, 미리 물색해뒀던 익산 맛집에 갔더니 매운안심가쓰부터 다누끼소바세트로 배부르게 먹었어서... 마치 비밀의 공간으로 들어가는 것만 같은 입구로 향하는 길이 인상적이었...
252, 다양한 생물 해산물이 듬뿍 들어간 김치찜을 먹었는데 제주도 애월 맛집으로 만족스러운 곳이 있어... 가게 앞에는 제주도 애월 맛집의 대표 메뉴인 흑돼지 5합 김치...
253, 먼 곳이긴 하지만 친척집을 가면 꼭 들리는 여수 맛집이 있어서 소개해드려보려합니다. 여수... 잠시후 음식들이 줄지어 나왔어요!여수 맛집답게먹을게 정말 많죠?? ...
254, 오랜만에 10년지기 친구와 만나 가성비 좋고 제대로 즐길 수 있다는 대전 봉명동 맛집을 찾아갔어요.... 직접 눈으로 대전 봉명동 맛집의 식재료들을 보니 더욱 믿...
255, 누구나 만족하는 여수 맛집 몇일전 친구들과 모임이 있어서 여수 맛집인 통큰샤 브에 다녀왔습니다. 여기로 선택한데에는 사람마다 입맛이 다른데 이곳에 오면 국물부터 ...
256, 대게 맛집에 다녀왔답니다 평소 물오른 대게에 대한 선망을 공유하던 지인들과 갔는데 대게를 비롯한... 대게 맛집은 먹거리뿐만 아니라 볼거리도 풍부했답니다 편해 보...
257, 얼마 전 다녀왔던 제주에서 들렀던 제주공항 근처 맛집에서 오징어보다 부드러운 한치가 들어간... 그렇게 해서 도착한 곳인데 안으로 들어오자마자 메뉴를 주문하니 제...
258, 강릉 주문진항 바로 앞에 위치한 주문진 수산시장 대표 맛집 생선구이 명가로 이미 현지분들은 물론 관광객 분들에게도 맛집으로 인정받는 곳인데요 ㅎㅎ 애들이 주문진 ...
259, 며칠 전 동부로 드라이브 갔다가 제주 성산 맛집 방문해서 흑돼지로 포식하고 왔답니다. 차로... 제주 서귀포시 성산읍 동류암로 43-1 064-784-8292 안...
260, - 상호명 : 부산 맛집 봉평면옥 - 내가 먹은 메뉴 이름 : 우육면 - 가격 : 8000원 - 위치(지도첨부) : - 자세한 설명 (500자 이상) : 부산맛집...
261," 케이블카 맛집, 경남 3대 횟집으로 유명한 해원횟집 생각이 나서 다시 갔고 에그타르트가 맛있다고 친구에게 추천받은 도천빵집도 들러봤어요. 소소하게나마 후기 공유합..."
262, 치즈돈까스 맛집들 찾아서 다녀봐도 그냥그냥 쏘쏘였는데 제가사는 동네 오창에 진짜 가까운 위치에 치즈돈까스 맛집이 있더라구요 이제서야 가본 우선 직접 다녀온 영수증...
263, 참게민물매운탕 정말로 맛있었던 연천 맛집! 날씨가 많이 쌀쌀해졌네요.. 그래서 그런지 요즘 뜨끈하... 혹시 연천 쪽으로가서 맛집찾는 분들중에 민물매운탕 좋아하신...
264, 지난주 동기들과 시험을 마치고 자주 가는 포천 맛집에 가서 방학 전 마지막 만찬을 즐겼어요. 저렴한... 오후 세 시 전에만 가면 셀프 바에서 돈가스를 무한으로 ...
265, 신화월드 맛집인데요 제가 불고기를 좋아하고 친구가 맛있다고 추천을 해줘서 꼭 가보고 싶었는데 이제서야 제주 신화월드 맛집에 가게되었어요 방역도 철저히 하시다보니 ...
266," 며칠 전, 친구들과 모임이 있어 나갔다가 아주 기가 막힌 대구 맛집에 들렀습니다. 회전 초밥으로... 연예인들도 오고 가는 단골집이라고 하니 대구 맛집에 기대감이..."
267, 얼마 전 친구들과 근교로 나들이를 나갔다가 꼭 가 보고 싶던 파주 맛집에 들러봤어요. 칼국수는... 일단 먼저 맛본 건 파주 맛집의 대표 메뉴라고 할 수 있는 닭...
268, 연휴때 갔었던 속초 대포항 맛집 대게세트 진짜 푸짐하고 가성비도 너무 좋았었어요 싱싱하고 수율... 대포항 맛집 어촌회센터라고 소개받고 갔던 곳이 있는데 라마다호...
269, 오늘은 지난 제주 여행길에 친구들이랑 한잔할 겸 들렀던 서귀포 올레시장 맛집을 추천해보려고... 올레시장 맛집이었어요. 주문하면 이렇게 즉석에서 찜기에 팍팍 쪄주...
270, 장담하는 제주 서귀포 맛집 얼마전 친구들과 여행으로 제주도를 찾았다가 성산일출봉을 올라가 뜻 깊은 시간을 보내고 왔는데요. 주변에 음식의 맛도 좋고 분위기도 훌륭...
271, 아는만큼 보인다더니 그리고 확신이 없는 이상 이렇게 양양 쏠비치 맛집을 가보라고 권하지도... 정갈하면서도 수수한 반찬들도 이래 나오니 양양 쏠비치 맛집임이 틀림...
272, 며칠 전에 엄마와 수산물을 사기 위해 시장에 갔다가 대부도 맛집에 들러 식사를 하고 왔어요. 선도... 대부도 맛집의 세트 메뉴로 주문을 했어요. 한 사람당 덮밥...
273, 대관령 맛집으로 이미 입소문이 자자한 곳이라 엄청나게 기대를 했네요. 여기는 다양한 음식 방송에도... 찐 맛집일 거라는 기대가 됐죠. 여기 대관령 맛집은 대대로...
274, 가평 막국수 맛집 퀄리티 대박! 가평 막국수 맛집을 찾으셨다면 여기 꼭 가보셨으면 좋겠어요 :) 저는 다녀온지 좀 되긴 했는데 지금 가보기 딱 좋은 곳이라 이렇게...
275," 맛에 반해버린 정동진 맛집 동쪽을 여행할 때는 언제나 푸른 바다를 볼 생각에 설레는데, 그 중에서도 정동진 맛집을 제대로 찾아가서 꼭 소개를 해드리고 싶었답니다 ..."
276, 황홀했던 여수 맛집 지난 주말 친구와 여수에서 식사 약속이 있었습니다. 괜찮은 샤브샤브 전문점을 발견 했는데 만족스러웠던 여수 맛집이라 많은 사람들에게 꼭 알려야...
277, 거기서 들렀던 남해 독일마을 맛집으로 꼽히는 남해밥상이라는 곳은 기회가 되면 또 가고 싶네요. 이... 독일마을 맛집으로 유명한 곳이었어요. 주문을 하자 세팅된 ...
278, 순두부 맛집을 검색하면 유명한 짬뽕순두부집과 그근처 소나무많은집으로 갔었거든요 다른곳을... ㅎ 반찬을 일일히 안찍었는데 진짜 강릉맛집들을 다니면서 먹어본 밑반찬...
279, 지난주에 속초와 양양쪽으로 여행 다녀왔거든요 신랑이 강원도 양양 맛집 알아둔 곳이 있다고 해서 낙산사 갔다가 몸보신 하자며 갔었는데요 양양에서 35년간 운영하고 ...
280, 명성이 자자한 양주맛집 BEST 10 지난 주말에 지인들과 모임을 가졌는데요. 양주맛집으로 명성이 자자한 곳이 있다고 해서 찾아가 봤어요. 다양한 종류의 내장류 ...
281, * 지정된 [말머리] 를 사용해 주세요! * 낚시글 방지를 위해 제목은 단어가 아닌 구체적인 문장으로 적어주세요! 파스타 배달시켜먹고 싶은데 맛집 추천 부탁드려요~~~
282, 삼겹살 맛집을 발견했어요 단대오거리 골목 안쪽에 위치한 삼미왕뚜껑 본점이에요 밖에서 보면 허름한듯 하지만 내부도 넓고 깔끔해서 좋았구요 성남 삼겹살 맛집은 질좋은...
283, 제일 마음에 들었던 제주 성산 맛집 저희 가족이 단골로 이용하는 제주 성산 맛집은 맛과 건강을 다 잡은 곳으로 저렴한 가격까지 더해지니 좋아할 수 밖에 없는 곳인...
284, 가족들과 좋은 날씨에 함께하는 여행길을 더 빛나게 해준 담양 맛집이 있어서 꼭 소개해드리고... 제가 담양 맛집으로 확 반해버린데에는 밑반찬도 한 몫 했는데요. ...
285, 통영 케이블카 맛집 추천합니다. 통영에서 유명한 해물찜 맛집으로 현지인들 인기 많은곳이에요. 입소문 자자함에 여행객들도 소문듣고 찾아오는 곳이랍니다. 실내도 깔끔...
286, 얼마전 친구들과 떠난 여행길에서 성산일출봉 맛집에서 푸짐한 향토음식들을 즐기고 왔는데요.... 부푼 마음으로 성산일출봉 맛집의 실내로 들어왔는데요. 테이블은 전부...
287, 저희 부부가 좋아하는 청주 떡볶이 맛집 청주 시내에 있는 소문난 부부 떡볶이 소부떡 입니다 어느 지역이나 마찬가지로 오래된 추억의 떡볶이맛집이자 현재진행형 떡볶이...
288, 을왕리 맛집 밥을 훔쳐 간다는 녀석들이 모여서 든든한 한 끼의 행복을 만들어주던 곳인데요 2019년 10월 8일 MBC 생방송 오늘 저녁 미식탐사대에서 방영되면서...
289, 또가고픈 제주 세화 맛집 추석연휴를 맞이해서 제주행비행기표 값이 많이 올랐더라고요. 미리... 이번에 다녀온 곳은 제주 세화 맛집 허벅식당이었는데 현지사람들도 인...
290, 지난 주 친구들과 제주에 갔다가 현지인이 추천하는 제주 용두암 맛집을 다녀왔어요. 잡내 없이... 그리고 제주 용두암 맛집에서 흑돼지를 살펴 보았는데 어마무시한 ...
291, 해변가를 둘러보다가 줄지어선 광경에 발걸음을 멈춰서보니 속초 맛집으로 유명세를 치루고 있는... 해수욕장과도 가까이에 있기에 관광객들의 발길도 모아버리는 엄청난 ...
292, 직장동료들과 함께한 짬뽕 월정리 맛집 들렀답니다. 출장길의 즐거움이 뭐 다른게 있을까요. 결국은 식도락 여행. ㅎㅎ 점심을 뭐 먹을까...제주 월정리 맛집 검색하...
293, 산방산 맛집 완벽한 한상 지난 번에 친구들이랑 산방산 맛집에 다녀왔어요. 오설록과도 가까웠던 곳이라 차로 이동하기 편했는데요. 산방산 근처에 위치한 곳으로 규모가...
294, 장소나 맛집 위주로 다녀왔습니다 제주도는 정말 많은 관광명소와 맛집들이 있기 때문에 갈 때마다 어디에서 뭘 먹을지 고민하게 만들어요!! 저희 가족들은 제주여행을 ...
295, 1.호매실 고기집 깊은 숙성육을 제대로 맛보고 온 호매실 맛집 입니다. 뭔가 제대로 된 숙성육은... 호매실 맛집으로 굉장히 이미 유명해진것 같더라구요! 규모가 ...
296, 안녕하세요 얼마 전에는 친구들과 제주 중문 맛집 탐방을 다녀왔어요. 평소에 가고 싶었던 리스트를... 특히 제주 중문 맛집에서밖에 먹지 못하는 회들을 만날 수 있...
297," 이호테우해변 맛집 제주둠베마씸은 돔베고기를 물론이고 돔베1인정식, 고사리육개장, 고기국수 등... 이호테우해변 맛집 돔베고기!! 일단 고기의 색깔부터 남달라요!!..."
298," 전주 맛집으로 추천할만한집이 되었답니다. 특히, 직접 만드는 고추장소스로 달지않고 개운한맛.... 근처가시면 한번 가보셔요. 제 기준에서는 전주육회비빔밥 맛집, ..."
299, 바다가 아름답고 워낙 해산물이 좋아 많은 사람들이 찾는 맛집이 모여있는 곳 이에요. 예전 속초 영랑호 리조트를 찾았다가 현지에서 알게된 정말 맛있고 눈이 즐거운 ...
300, 삼척해수욕장 근처에 위치한 삼척 막국수 맛집 현지인들이 삼척에서 막국수 먹을 만한 곳으로... 막국수 맛집 주말에 삼척으로 드라이브 갔다가 들르기 좋은 곳이었어요...
301, 정말 괜찮은 송도 맛집 ++ 나 처럼 주문하면 충분히 배부르고 맛나게 드실 수 있습니다. 송도 맛집 여긴 이영자 픽 맛집으로 유명하죠! 송도 맛집 붓글씨 메뉴판입...
302, 관광지도 열심히 돌아다니고 제주 함덕 맛집에서도 근사한 식사도 하고 왔습니다. 먼저 인터넷에서 열심히 알아보고 다들 한번쯤을 다녀간다는 제주 함덕 맛집이 있다고 ...
303, 전주 맛집으로 알려진 석산참숯가마삼겹살 이랍니다. 이름이 참 길어요. 처음에는 가게이름이 길어서... 전주 맛집 이였어요. 테이블도 많았답니다. 앉아서 먹기에 편...
304, 맛집으로 알려진 용을 다녀오면서 든든하게 일정을 마무리했네요. 안성주유소 앞에 위치해 있어서 금방 찾을 수가 있었어요. 주차장도 여유있어서 주차 걱정할 필요가 없...
305, 며칠 전 다녀와서 정리해보는 대전 맛집입니다. 며칠 동안에 고기며 배속을 찌우느라 정말 행복하게... 대전 맛집이였어요. 인스타에도 떠오를만큼 인기게시물에 등재가...
306," 오늘은 제가 좋아하는 강화의 카페, 맛집들, 특히 데이트 하기 좋은 코스로 생각되는 곳 추천해봐요.... 강화도 맛집 1) 조양방직 조양방직은 일제강점기 시절에 ..."
307, 맛집 상호 : 빵샘 맛집 위치 : (간단하게) 뚝섬역 근처 추천 메뉴 : 앙버터 추천 이유 : 팥이 달지않아서 담백하고 고소해요 너무 맛있습니다 ! 앙버터 좋아하...
308, 푸짐해서 더욱 행복했던~~~ 인천 맛집 한우 짝갈비한판 이에요~ 보기만 해도 찐행복이 느껴지네요!... 아이들과 함께 가는 만큼 그런거에 대해 더욱 신경썼어요~그...
309, 명품 우럭요리 제주 월정리 맛집 여행하기 딱 좋은 계절이 돌아왔네요. 한 낮의 햇빛은 따사롭고... 그 중 여행 둘째날 아침 겸 점심을 먹으러 간 제주 월정리 맛...
310, 안동 맛집이 있다는 갈비골목으로 떠났답니다 갈비골목으로 들어서는 순간부터 많은 갈비집들의... 안동 맛집인 만큼 노하우가 있을 것 같은데요 그 노하우 중 하나는 ...
311," 객리단길 맛집에 들렀어요! 전주 한옥마을에서 구경하고 사진 좀 찍으면서 놀다가 대략 10분정도 차타고 도착했던 전주 객리단길 맛집이에요. 고깃집이었는데, 특수부위..."
312, 제부도맛집 중에 선창횟집 이라는 곳이 있는데 여기가 칼국수 맛집이라 다같이 다녀왔어요. 여기는 다른 곳이랑 다르게 호객행위가 없어서 참 좋은 것 같아요. 들어갈때...
313, 지난 주 가족들과 외식을 위해 동탄 맛집을 다녀오게 되었습니다. 질 좋은 대패로 맛보는 대패구이와... 바로 동탄 맛집 매장 내로 들어가보았는데요. 깔끔한 분위기...
314, 청주 맛집에서도 첫번째로 이야기를 손꼽을만한 곳은요~ 이곳이였어요. 다들 한마음으로 향한 곳... 문을 여니까 아침에 고기 땡길때 딱인 청주 맛집. 칸막이가 있단...
315," ============= 문화예술채널 컬처블룸 문화채널, 인플루언서, 체험단, 리뷰단, 맛집, 여행, 뷰티, 푸드, 육아, 교육, 뷰스타, 뷰티체험단, 화장품체험..."
316,숙성회 전문점 '해주' 양재 맛집 숙성회 전문점 '해주' 양재 맛집 얼마 전 서울에 볼일을 보러 갔다가 간만에 만난 친구와 양재 맛집을 가보았는데요. 친구가 단골로 이용하는 곳이였는데 쫄깃한 숙성...
317," 군산 맛집 추천을 주변에서 많이 받았는데 꼭 가고 싶은 곳만 추려서 방문해야만 했어요. 그래도... 저희처럼 시간적 여유가 없는 분들, 알짜배기 맛집만 가고 싶은..."
318," 양평 맛집 초가사랑~ 저도 이 집을 처음 안 건 엄마따라 왔을때였으니 어느정도 일리가 있는말... 2,30대 분들이 데이트로 오셔도 좋아할 맛집입니다. 맛있는 음..."
319," 광릉수목원에서 못해도 20분 내외면 당도할 수 있는 포천 맛집과 카페들을 소개합니다. 단순히... 포천 맛집 1) 연미정 포천 연미정은 가평 동기간, 서울 계림,..."
320, 상주 맛집 또 가고싶은 곳 대한민국에서 위치적으로 중심지역이 어디이신지 아시나요? 저도 이번에... 상주 맛집 메뉴판 입니다 무엇을 먼저 먹을까 한참 고민중에 삼...
321, 다채롭게 즐기는 제주공항 근처 맛집 가족들과 예전에 제주도 여행을 다녀온 적이 있습니다. 저희는 공항에 도착하자마자 바로 향한 곳이 있었는데요. 제주공항 근처 맛...
322, 신화월드 가기전 비행기내리자마자 갈치를먹기로했는데 공항근처 가성비좋은 갈치맛집 알고싶어요~^^
323, SNS에서 미리 찾아둔 경포대 맛집으로 다녀왔어요! 이미 SNS에서도 완전 핫플레이스 중 하나인... 무쇠 가마솥에서는 쉴 새 없이 대게들이 쪄지고 있어서 지나가...
324, 갈삼구이로 유명한 곳이 있어서 바로 광안리 맛집으로 달려갔어요. 높은 건물에 위치해있지만... 건물안으로 들어가면 엘리베이터를 타고 이동한뒤 광안리 맛집안으로 이...
325, 지금도 침이 고이네요^ㅠ^ 요런 비슷한 라떼 맛집 있을까요? 라떼 맛집 찾아 운동할 겸사겸사 고센아에서 포텐셜 커피 커피라는 곳까지 갔는데... 뚜둥... 화요일 정기휴무...ㅠㅠ 포텐라떼 글이 얼마 전에...
326, 추천할 만한 맛집인가를 평가할 때 가장 중요하게 생각하는 조건은 재방문 의사입니다. 다시 가고 싶다는 생각이 들 정도는 되어야 진정한 맛집이 아니겠어요 ㅎㅎ 이 ...
327," 회는 정말 제주도에서 먹었던 그 회 맛이 잊혀지질 않아요 중문관광단지 맛집으로 꼽는 곳을... 수두리보말세트와 돗돔으로 시켜봤어요 와우.,, 스끼다시가 잘나온다는..."
328," 일산 맛집에 방문하게 됐는데 비주얼부터 맛까지 잊혀지지가 않는 곳이었어요. 백석역 5번출구에서 엎어지면 코 닿을 곳에 위치해 있는 곳이었고, 일산 맛집은 2층에 ..."
329, 올레길 6코스 서귀포 고기국수 맛집 올레길 6코스는 언덕이 하나밖에 안 되지만 만만하게 보면 안 되거든요. 당시 서귀포 고기국수 맛집에서 아점을 먹고 시작했답니다...
330, 저와 친구들이 불금을 보내러 온 역삼역 맛집이예요. 언주역 6번 출구로 나온 다음 역삼 방면으로... 막창이 유명한 역삼역 맛집이라 제일 먼저 대구 막창을 시켰어...
331, 천지연폭포 맛집이 있다고 해서 직접 다녀오게 되었는데 친근한 분위기와 따뜻한 밥에 만족했던... 천지연폭포 맛집의 입구는 친근한 돌하르방이 인사를 해주고 각각 파...
332," 가성비 좋았던 경주 첨성대 맛집 몇곳 소개해볼까하는데요. 감칠 맛 좋고 푸짐한 양의 기와메밀막국수, 전국 5대 낙지집 경주 낙지마실, 수제아이스크림 맛집 별봉 순..."
333, 제주 함덕 맛집 바다뷰까지 예술! 여행의 묘미는 바로 급여행이죠. 친구들과 급 여행으로 하루만에... 제주도는 제주도 바다를 보고 제주도의 공기를 마시는 것도 힐...
334," 돌산 맛집 2군데가 기억에 남아서 공유해보려고 해요. 1. 해물예찬 돌산에 위치하고 있는 가게인데요, 바로 앞으로 보이는 바다와 배들이 예뻤던 기억이 나요. 많은..."
335, 소박해 보이지만 가까이서 제주도를 바로 느낄 수 있었던 이천 맛집이라 여러분들하고 정보... 이천 맛집의 내부는 햇살이 밝게 들어오는 포근한 분위기였고 테이블석으...
336, 부천 맛집 아트벙커 B39 에서 즐긴 패밀리 세트 ++ 8만9천5백원에 즐겼어요! 단 술과 음료는 별도... 건물 앞 주차하고 안으로 들어갔어요 ^^ 부천 맛집 ...
337, 조금 특별한 파주 롯데아울렛 맛집 지난 주 친구들과 sns에서 엄청 유명하다는 파주 롯데아울렛 맛집을 다녀왔어요. 분위기도 독특하고 음식들의 퀄리티까지 훌륭했던 ...
338, 눈과 입이 모두 즐거웠던 평창 맛집 지난 주말 엄마를 모시고 지인이 알려준 유명한 평창 맛집에 다녀왔어요 맛뿐만 아니라 눈까지 즐거웠던 곳이라 만족하고 돌아왔네요...
339, 칭찬이 자자한 파주 출판단지 맛집 지난 주 친구들이랑 파주로 놀러갔다 왔어요. 근처에서 식사할 만한 곳이 없나 찾다가 파주 출판단지 맛집을 추천받았는데 기대 이상...
340, 통영 맛집 추천 하고픈 곳 다녀왔는데요 동피랑마을 쪽에 위치해 있는 현지인들도 통영 맛집 추천 한다는 곳 인만큼 핫한 곳이라 이번 여행에서 절대 빼놓을 수 없는 ...
341, 혼자만 아는 양주 맛집 BEST 5 1. 용암리막국수 얼마전에 친한 친구들과 함께 양주 드라이브 즐기다가 양주 맛집에 방문하게 되었어요 이 주변에서 유명한 막국수...
342, 모처럼 나와서 식사도 할겸 구로역 맛집 어디 갈까 찾아봤죠. 따로 어디 가기고 그렇고 선물은... 구로역 맛집 기본 상차림은 무난했습니다. 먼저 식사중인 옆 테이...
343, 얼마전 장구너머항 초입에 위치한 석모도 맛집에서 간장게장을 먹어보았는데요. 메인 메뉴를... 석모도 맛집의 게 자체가 쫀득하고 부드러운 살들로 꽉꽉 채워져 있어요...
344, 푸짐했던 영덕 대게 맛집 BEST 업체명 : 남은대게직판장 주소 : 경북 영덕군 강구면 강구대게길 43-1... 대게 맛집에 다녀와보았어요. 강구항 내에서 워낙 ...
345, 해물탕 맛집 통영해물천지 가서 정말 맛있는 황제철판해물탕 먹었어요 신랑이 신랑 친구들에게 도움을 받아서 대접하기 위해서 찾았는데 술도 한잔하고 밥도 먹고 즐거운 ...
346, 꼬막 맛집에서 지인들과 만족스러운 식사를 하고 왔어요. 사실 아무 기대하지 않고 들어갔는데 여러... 벌교 꼬막 맛집으로 유명한 이유를 알겠더라고요. 삶은 꼬막은...
347," 치즈를 좋아하는 편이지만, 비주얼 위주인 인스타에서 신상 맛집을 보면, 레시피에 한계를 느끼면 치즈로 치대는 느낌이 있어서 약간의 반감이 좀 생겼거든요. 이 집 ..."
348," 같이 먹었던 직원들도 인생 생선구이 라며 극찬했던 남해 맛집, 그때 기억을 떠올리면서 한번... 남해 맛집 멸치쌈밥도 유명하다고 하지만, 생선구이 후기를 보고 온..."
349, 얼마전 친구와 경주 보문단지 맛집을 다니며 경주여행을 했는데 아주 만족스러운 시간이었어요. 제가... 기와메밀막국수 가장 먼저 소개하고 싶은 경주 보문단지 맛집은...
350, 아이파크 앞쪽 맛집 많더라구요~~^^ 어디가 맛있을까요~~?? 청주 초입 종류불문입니당~!
351, 구파발 맛집 소고기맛집 향연이에요~ 고양스타필드 바로앞에 있어서 지나가다 딱보이더라구요! 전용주차장도 있어서 주차하기에도 좋아요! 구파발 맛집 많이 가봤지만 소고...
352, 통영 동피랑 맛집 여기가 핫플! 날이 너무 좋아 옆동네 통영으로 드라이브겸 마실을 다녀왔어요... 동피랑 맛집은 배말칼국수와 톳김밥으로 유명한 곳인데요 요 배말과...
353, 포천 이동갈비 맛집 여기는 가봐야죠! 이 세상에는 맛집들이 많은거 같아요 얼마전에 포천 이동갈비 맛집 중에 유명한 곳을 다녀왔는데요 숯불갈비 맛의 끝을 보고 온거...
354, - 상호명 : 제주도맛집 마루나키친 - 내가 먹은 메뉴 이름 : 제주 딱새우장 + 황게볶음우동 - 가격 : 둘다 15000원 - 위치(지도첨부) : - 자세한 설...
355, 가평 맛집도 많아서 친구들이랑 풍경 즐기고 맛있는 거 먹고 오면 딱 좋더라고요. 유명한 식당들을 몇... 가평 맛집 * 동기간 수요미식회에도 소개된 걸로 유명한 ...
356, 철원 맛집 식감부터 남달라! 족발이라고 다 같은 족발은 아닌 것 같아요 :) 얼마 전에 다녀왔던 철원 맛집이에요 족발야시장에서 족발을 제대로 조지고 왔답니다 쫄깃...
357, 드라이브 도중 친구가 자주 가는 여수 한우 맛집에 가서 밥이나 한 끼 먹고 가자고 하더라고요.... 한우 맛집이 아닐까 싶네요. 친구의 추천을 받아 주문해본 한우...
358, 작은 행사가 있어서 답례떡을 주문하러 천안 불당동 맛집으로 갔어요. 이곳은 떡으로 유명한... 천안 불당동 맛집에서는 이렇게나 많이 있었네요 ㅎㅎ 두둥~ 제가 주...
359, 오늘은 경기도 이천 맛집으로 넘어가볼께요. 제가 자주 가는 곳 중에 하나가 이 동네인데요. 친구들도... 살짝 노란색 바탕에 간판들이 고요함을 느낄 거 같았지만 ...
360, 지난주 친구들과 급하게 약속으로 서울로 향하게 되었어요 마곡 사는친구가 추천해준 마곡맛집인... 마곡맛집 실내는 꽤 큰 규모였고 밝고 환하지만 따뜻한 조명의 색상...
361, 홍제동 맛집 강추하고 싶은 곳! 족발 좋아하시는 분들은 홍제동 맛집 여기 꼭 가보세요 저도 추천받아 다녀온 곳인데 족발을 매일 삶는 곳이라 고기 잡내가 없어서 정...
362,명절맞이 부모님 계신 본가 근처에 '통영 오리 맛집' 탐방기! 어머니와 동생을 모시고 어제 고향집 동네에 있는 맛집을 찾아 가봤네요. 위치는요... 여깁니다. 지도에도 보이지만 오션뷰지요. 사진 보실까요? 와우! 오션뷰!!!...
363, 지인들과 같이 양산 맛집 중에서도 고기로 유명한 화화돼지왕갈비 집에 갔는데요. 고기 맛도 좋은... 전국 3대 갈비 집으로 유명한 양산 맛집은 규모도 아주 큰 편...
364, 경주 보문단지맛집 참나무향 솔솔! 이번에 다녀온 곳은 굉장히 맛이 좋기로 소문나있는 경주 보문단지 맛집 숯불갈비 전문점입니다 :) 기대했던 것보다 훨씬 맛이 좋아...
365, 점심식사 시간이 어중간하게 걸릴듯 해서 이곳 명지 국제신도시 맛집으로 새롭게 부상하고 있다는... 맛집의 핵심 식재료인 배말에 대해 자세하게 잘 설명되어 있네요!...
366, 콱 찜했지 사천 맛집 사천에 가면 다들 꼭 한번씩은 들러야 한다고 입을 모아 말하는 식당이 있습니다 그래서 저도 사천 맛집으로 추천해드리고 싶은데요 회나 해산물을...
367, 우연히 찾아간 성산일출봉 맛집 얼마 전에는 제주 필수 코스로 꼽히는 성산일출봉을 갔다가 바로 앞에 성산일출봉 맛집가 있길래 거기도 들려봤어요. 어마어마한 뷰를 자...
368, 안녕하세요 금요일날 당일치기로 부모님과 경남 고성을 다녀오려 카페글 보면서 맛집하고 코스를 짜보고 있는데 잘 안나오고 있습니다. 혹시 갔다오신 분들 있으시면 코스 추천 부탁드립니다. (가급적 사람...
369, 이색적인 갈비집에 방문했는데 품질 좋은 재료를 사용해서 뛰어난 맛을 자랑했던 포항 영일대 맛집이었어요. 저희는 영일대해수욕장에서 산책을 하다가 5분 정도 걸어서 ...
370, 대구 수성구 맛집에도 포함이 되는 삼대애였는데 가는 길에도 편했고 주차도 건물에 할 수 있어서... 역시 대구 수성구 맛집은 가족을 생각하는 마음으로 만들어 주시...
371, 제주시 맛집인 곳에 갔어요 어서와 한국은 처음이지 캐나다 편이었던 작년 7월에 나온 집이라고... 제주시 맛집에서 맛있는 건 다 먹어보고 싶은 마음이 컸기 때문에...
372," 오늘은 먹어보고 괜찮다 생각 드는 충주 맛집이 있어 소개해볼까하는데요. 전국 10대 냉면집으로 수제만두전골이 맛있기로 유명한 갈마가든, 치즈케이크 맛집 액티브커피..."
373, 며칠 전에는 간만에 제주도행 비행기를 타고 서귀포 맛집에 다녀왔어요. 절친들과 함께 제대로... 갈치와 고등어회도 만끽할 수 있었던 서귀포 맛집이었답니다. 20년...
374, 요즘 날씨가 너무 좋아서 입맛도 덩달아 좋아지니 코로나만 아님 외식도 자주할텐데 안타까워 하던중 간만에 우연히 들른 곳에서 맛집을 발견했어요. 코다리 정식이랑 해...
375, 오랜만에 동기들과 떠난 제주도여행길에 단연 손꼽았던 순간은 서귀포 맛집인데요. 두툼한 두께감에... 서귀포 맛집 천돈가를 찾았어요. 커다란 규모에 깔끔한 인테리어...
376, 며칠 전 친구들과 오랜만에 만나 미리 찾아봤던 부평 맛집을 갔어요. 캐주얼한 인테리에서 스파게티... 지도:인천 부평구 시장로 19 0507-1385-7999 매...
377, 기장시장 갈일이 있는데 맛집추천부탁드려요. 게는 먹을건 아니고. 그냥 맛집 추천해주세요. 그리고 일광에 찐빵 맛집 있다던데 거긴 어딜까요? 근처간김에 좀 사오려구요
378, 요즘 주변 사람들에게 대구 맛집 추천 해달라고 하면 이 곳을 꼭 꼽더라구요. 그래서 저도... 대구 맛집 추천 하더라구요 주방에서 만들어져 나오는 것 역시 밥 크...
379, 아침고요수목원 맛집 급이 다른 4곳! 오늘은 가족 또는 연인과 함께 들러보기 좋은 아침고요수목원 맛집 4곳을 추천드려볼까 합니다 요즘 날씨가 좋아서 어딜 가도 힐...
380, 가는 길에 미리 찾아보았던 여수 맛집에도 가고 행복한 시간을 보내고 왔어요. 그 중 괜찮았던 곳이... 여수 맛집이 다른 곳과 확실히 다른 점은 기본 상차림비가 ...
381, 놀러갔다가 갑자기 얼큰한 메뉴가 땡겨서 포항 맛집 중 그런 음식 잘 하는 곳을 찾아갔습니다 먹고... 포항 맛집은 1968년에 오픈해서 50년이 넘는 세월동안 장...
382," 강릉 맛집이자 동해안 3대 횟집으로 유명한 해동횟집과 감성 카페 초당커피정미소를 들려봤는데, 그... 친구가 요즘 좋은 일이 많아서 한턱 쏜다며 강릉 맛집을 미리..."
383, 모임 목적 : ▶ 쭈꾸미 맛집 탐방 2. 날짜 / 시간 : ▶9월 29일 / 오후 2시 3. 장소 / 상호(전화번호)... 설명 및 사진 첨부(링크 사용 금지) ...
384, 강릉 세인트존스호텔 맛집인 곳으로 가면 해결 됩니다. 둘다 한번에 먹을수 있어서 취향저격! 고민할필요가 없어요. 먹는거 앞에선 고민하기 싫잖아요 !! SNS에서도...
385, 함덕만 몇년째다닙니다만 어멍과 함덕칠돈가만 가봤어요 어멍은 육지와 비슷한 맛이고 함덕칠돈가는 특별히 맛있다는걸 못 느껴서 이번에 부모님모시고 육지와다른 맛있는 제주돼지고기 맛집으로...
386, 현지인 맛집 성문집에 다녀왔어요 몸보양도 좀 할겸 전날 너무 술을 많이 마셔 해장이 필요 했거든요 . 저희 숙소 사장님께서 추천을 해주신 곳인 만큼 속초 현지인 ...
387," 신랑이 오늘 생각보다 일찍끝났네요~ 에헤라디야~~이런날이 다있구나^^ 뭐ᆢ추석이후론 무쟈게 바쁘겠지만 오늘 순간을 즐기며 동네맛집에서 네식구 불백도먹고, 후식으로..."
388, 제주 흑돼지 맛집 여기 꼭~! 제주도 여행때는 꼭 제대로된 흑돼지 맛집을 가자고 이야기를 한지가 엇그제 같은데 벌써 제주 여행을 마치고 다녀온 맛집의 후기를 쓰고...
389, 지난번 여행에 제주도 말고기 맛집 다녀왔는데요. 정말 맛있어서 제주도 갈때마다 찾는 곳이랍니다.... 역시~ 언제와도 제주도 말고기 맛집 음식 맛은 변화가 없네요...
390, - 상호명 : 여의도 맛집 가양칼국수버섯매운탕 - 내가 먹은 메뉴 이름 : 가양칼국수버섯매운탕 2인분... - 자세한 설명 (500자 이상) : 여의도에서 학교를...
391, 지난 주말 동네 친구들과 제주 여행에서 꼭 한번 찾아간다는 제주 이호테우해변 맛집에 다녀왔어요.... 일단 제주 이호테우해변 맛집에서 주문했던 딱새우 회에 제일 ...
392, 오랜만에 연차를 쓰고 친구와 친구 애기랑 같이 광명 브런치 맛집 카페를 찾아 갔어요. 아이 데리고... 밤일마을의 범안사거리에 위치한 이 곳은 이미 유명한 맛집인...
393, 요즘은 좀 여유로워졌다길래 주말에 하루 시간 빼달라고 부탁해서 같이 청담 맛집 돌면서 자매 데이트... 청담 맛집 [우천식육식당] 소고기 좀 먹을 줄 안다~ 하는...
394, 속초 맛집 추천 제대로다~! 속초에는 정말 많은 속초 맛집들이 있어요. 여기는 제가 작년에 다녀오고 너무 만족스러웠던 곳이라서 다시 한 번더 방문하게 된 곳이에요...
395," [맛집 정복 게시판 이용 규칙] · 맛집 정복 게시판 안내 및 이용규칙 - 줌마렐라 회원님들에게 음식점, 카페에 대한 소개와 정보공유를 목적으로 생성된 게시판입니..."
396, 송도 맛집 고급지네요! 친구들과 약속이 있어 만났다가 송도 맛집으로 유명한 피제리아 일피노라는 이탈리안 레스토랑에 다녀왔는데 건물 2층에 위치했고 주차는 무료로 ...
397, 그 명성답게 정말 아름답고 조성도 다 잘 되어 있더라구요 무엇보다 너무 맛있었던 여수 맛집 추천 해요 여수 맛집 추천한 이 집의 게장은 전국민이 인정할 정도로 여...
398, 가평 맛집 감동이었다! 닭갈비는 누구한명 빼놓지 않고 먹어본 음식일꺼에요 호불호가 갈리지 않아서... 가평 맛집은 지금도 마음속에 최애닭갈비가 된 곳이기도 해서 ...
399, 최근 핫플레이스 급부상하고 있는 경주 맛집 다섯 곳을 짧게 리뷰해봅니다. 경상도 4대 막국수집... 기와메밀막국수 경주 맛집 기와메밀막국수에서 저의 인생 막국수를...
400, 냄새도 전혀 없고 제대로 된 불맛에 구워먹는 꼼장어의 맛은 진짜 잊지 못할 기가 막힌 맛이지요~ 기장 일광 맛집 불맛 좋은 곳 강추해요. 칠암포함해서 기장 전체 ...
401, 제가 좋아하는 튀김 덮밥 맛집~~ 센팍근처 텐동집에서 먹고 왔습니당ㅎㅎ 바삭바삭 맛있어요ㅎㅎ
402, 통영 케이블카 맛집 추천요 혼자놀기 좋아하는 식객이 오늘은 볼거리 먹거리 풍부한 통영으로 목적지를 정하고 아침 일찍 출발. 통영 당일치기 여행의 시작점은 통영 케...
403, ♡♡ㅎ 저번에맛집추천해주신곳중한군데 다녀왔는데요...넘반했어요.. 제주도를 안가도 제주도를 느낄 수 있네요... 여기눈 육#주의입니다.. 다음은 전#식당을 다녀와...
404, 제주도 여행에서 빠질 수 없는 고등어 회 먹으러 서귀포 올레시장 맛집에 다녀왔어요. 정방폭포... 낮 12시부터 밤 12시까지 쉬는 날 없이 운영중인 서귀포 올레...
405, 강화도 가면 꼭 가봐야 한다는 강화도 루지 맛집 강화고기국수~ 예전부터 가보고 싶었는데 드디어... 루지 맛집 강화고기국수 간판처럼 여긴 고기국수 전문점! 그래서...
406, 저는 목포에 가면 꼭 들리는 맛집이 있습니다. 바로 목포 맛집 숙성미학이라는 곳이예요. 저 혼자만 알기 아까워서 공개해보도록 할게요~ 제가 목포 맛집이라고 입을 ...
407," 숙박은 늘 똑같은데서 묵고 속초 동명항 맛집으로 추천 되는 곳이자 단골집인 영금정횟집도... 속초 동명항 맛집으로 유명한 영금정횟집은 통영 해원횟집, 강화도 용궁..."
408," 월정리 맛집 추천 할께요 만물식당 인데, 꼭 한번 가보세요 세화리 쪽에 예쁜 바다가 많은데 바다 보고 나서 식도락 여행 가면 딱 좋아요 월정리에서 차로 7분거리에..."
409, 가까운 거래처 사장님 두분과 함께 즐길만한 송도 한우 맛집 찾다가 뭔가 색다른게 필요해서 찾아간... 송도 한우 맛집 답게 소고기 빛깔이 정말 좋네요 ^^ 잘 구...
410, 대전 중리동 맛집 칼제비 맛있다! 대전은 칼국수 축제가 있을 정도로 칼국수가 맛있는 곳이 많죠. 이번에 칼국수와 수제비를 한꺼번에 먹을 수 있는 칼제비 맛집을 찾...
411, 다채로운 파주 헤이리 맛집 저번 주말에 드라이브 할 겸 친구랑 파주에 다녀왔어요 식사하러 파주 헤이리 맛집에 방문했는데 여러 밑반찬부터 낙지볶음와 삼겹구이까지 다...
412, 맛집에 방문했습니다. 해물파전에 활어회까지 풍성하게 맛보고 올 수 있었어요. 대부도 방아머리 먹거리타운에서 도보로 5분 이내 거리에 있었던 이곳은 알록달록한 음식...
413, 푸짐한 파주 아울렛 맛집 가을날의 정취가 기분좋게 느껴지는 요즘..^^ 가족들과 함께 파주 아울렛을 갔다가 기가 막힌 맛집을 발견했죠! 저희가 찾아간 곳은 다름아...
414, 대하구이 맛집을 방문을 하였는데요 조개구이집으로 유명한곳인데도 재철음 식까지 판매를... 대하구이 맛집 내부에 테이블은 사각테이블로 구성이 되어있었구요 실내포차 ...
415, 영종도 맛집 갓성비~! 친구랑 인천과 서울을 오가며 여행을 다녀왔어요. 여행을 가기 위해서 당연히 맛집을 찾아보고 체크해두고 떠나게 되었죠. 친구랑 저는 신기하게...
416, 카페에 엄마맛집들은 많은데 아이맛집은 없는거 같아서요.. 어제 아르*칠드런 미술수업후 앞에 있는 일본식 가정식 고*에서 급하게 돈까스랑 뱃살연어덮밥을 먹었어요~~...
417, 오늘은 천안에서도 24시간 오픈하는 천안 맛집 소식을 가지고 왔네요. 이곳은 주차장까지 있으니... 역시 천안 맛집이군. ㅎ 이렇게 무한제공을 해주는 곳이 또 있...
418, 주문진 맛집은 오전6시부터 오후10시까지 운영하는 곳으로 오랜 운영경력으로 단골도 많은 곳이예요 이 부근에서 모르는 사람이 없을 정도로 유명합니다!!!!!! 생선...
419, 단양맛집추천집에서 밥 먹고 왔는데 여기 너무 괜찮더라고요 왜 괜찮냐면요 ㅎ 실내도 무척... 단양맛집추천 안할수가 없네요 알고 보니 여기가 찐!! 단양원조 석갈비...
420, 그래서 오랜만에 서현역 맛집에 방문했어요! 서현역 5분출구에서 도보로 5분거리에 있는 서현역 맛집은 지하 주차장이 따로 완비되어있어서 주차걱정할 필요는 없는곳이랍...
421, 수원맛집베스트10 중에 단연 으뜸! 혹시 족발 좋아하시는 분들 많으신가요!? 저 얼마전에 족발 먹으러 갔다가 수원맛집베스트10 안에 꼽고싶은 곳을 발견했어요 ㅎㅎ...
422, 기장 맛집으로 유명함에 아구요리 드시려면 여기는 무조건이에요. 알만한 사람들은 다 아는곳이니 아구요리 드시고 싶다면 요기 찜하세요. 실내도 깔끔하고 쾌적한 곳 !...
423, 사당 맛집으로 갔어요. 3대족발장인이라는 타이틀을 얻은 곳이라 그런지 ㅎ 향기부터 남달랐던 거... 보시는 것처럼 옛스러움이 물씬 풍기는 사당 맛집이였어요. 장독...
424, 이번 여행때 찾았던 제주 함덕해수욕장 맛집 통물식당 추천드릴께요 숙소였던 제주 소노벨 근처에서 찾았던 식당이였는데요 직원분께 근처 갈치조림 맛집을 여쭤 보았더니 ...
425, 반년만에 만난 친구와 겨우 날짜를 맞춰 구로구 맛집 대작에서 만나 한잔하기로 했습니다. 중간지점... ㅎㅎ 구로구 맛집 대작 내부는 룸 형식마냥 칸막이 되어 있고...
426, 구경하고 나서 10분정도 거리에 있는 괴산 맛집도 다녀왔는데요 칼국수에 수육까지 진짜 맛집이더라구요! 신축건물에 깔끔한 인테리어로 정말 들어가자마자 쾌적해서 너무...
427, 남해 맛집 찾았어요 남해하면 멸치쌈밥 꼭 먹어봐야 하는데 남해 많은 멸치쌈밥 맛집 중에서 가장 원조의 맛을 느낄 수 있는 멸치랑칼치는 사장님께서 25년간 요리를 ...
428, 예전에 경주 여행 갔을 때 맛있게 먹었던 경주 황리단길 맛집 공유해드릴게요. 전국 5대 낙지집 경주... 황리단길 맛집으로 추천해요. 1. 낙지마실 무안 제일회식...
429, 오늘 저희가족이 다녀온곳은 군산맛집 가볼만한곳으로 검색하면 부동의 1위 우리나라에서 가장... 도 보이네요 군산맛집 이성당의 대표 원투펀치 바로 단팥빵과 야채빵이...
430," 태안 청산수목원 맛집으로 제가 다녀온, 서해안 3대 꽃게요리집 생생왕꽃게 추천하고 싶은데요. 글 솜씨가 좋진 않지만 나름대로의 후기 남겨보아요^^ 태안 청산수목원..."
431, 상암동 맛집 삼합이 존맛탱! 오랜만에 고기가 땡겨서 친구랑 상암동 맛집으로 유명한 예쁜돼지라는 고깃집에 다녀왔어요! 여기는 관자와 함께 구워먹는 삼합을 맛볼 수 ...
432, 가족들과 맛있게 먹었던 기억을 더듬어 친구들과함께 영종도 맛집 다녀왔었는데 기존에 운영하던곳에서 근처로 확장이전을 하셨더라구요~ 제가 손에 꼽는 몇안되는 맛집중 ...
433, 팥이 맛있어요 ㅠㅠ 세상싫은 맛이 팥맛아이스크림. 팥빙수였는데. . 팥아이스크림도 맛나고. 팥죽도 맛있고 ㅠㅠ 앙버터는 또 넘흐 좋구요~ 동탄 앙버터 맛집 추천해주세요 동탄 아니라도 맛집 추천요
434, 진안 맛집 샘터가든 흑돼지 맛있네요 진안 맛집 돼지불고기 샘터가든 전북 진안으로 가을힐링 여행을 다녀 왔네요 진안 마이산은 미슐렝 그린가이드 로부터 최고 평점 별...
435, 맛집은 개인적인 생각입니다 ^^ 와이프랑 산책겸 나왔습니다만 발길을 멈추고 말았습니다. 부산 자갈치시장에 선지국밥으로 유명한 포항집 왔습니다~ 운치있습니다 나름 ...
436, 많고 맛집들도 많은거같아요 ㅎㅎ 오랜만에 시간이 되어서 다녀왔는데요 계획없이 무작정 다녀온 여행이였는데 계획을 세우고 다녀온 여행보다 더 알차게 즐겁게 즐기고왔답...
437, 흑돼지 맛집이예요 ~~ 넓은 주차장은 물론 동절기를 제외하곤 야외테이블을 운영하고 있어 마치 바비큐파티를 즐기는 기분 들게해주는 서귀포 흑돼지 맛집이예요 ~~ ㅎ...
438, 제주 표선 맛집 놀라워!~ 드디어 가족여행을 다녀왔어요. 매일 가자가자~ 말만 하다가 거의 5년만에... 표선 맛집이 있는데 눈이 딱 하고 떠질만큼 너무 맛있었고...
439, 한눈에 반한 서울 해물탕 맛집 통큰 해물탕이 나의 마음속에 저장 ٩(♡▽♡ )۶ 매일 공급되는 신선한 해물가득 들어간 서울 해물탕 맛집 의 위엄 ^^ 말 그대로 ...
440, 곱창 정말 맛있는 건대 맛집 ^^ 여기 가면 곱창을 맛있게 먹을 수 있어요!~ 건대 맛의 거리에 위치해... 건대 맛집 곱창 모듬과 나옴과 동시에 주문한 참이슬 ...
441, 맛집 상호 : 사천빠슈마라탕 맛집 위치 : (간단하게) 함덕해수욕장 추천 메뉴 :마라탕 추천 이유 : 맛이 깊고 많이 맵지도 않고 맛있어요!
442, 이태원 브런치 맛집입니다~ Sunday Arvo
443, 영순이 해물찜 진짜 맛있네요 !! 간도 딱 맞고 진짜 너무 맛있게 먹었어용 원래도 유명한거 같던데 충주를 잘 몰라서 맛집 찾다가 발견했네용
444, 이런날에 뜨끈한 밥한끼 하면 든든해지고 좋잖아요 ~ 통영터미널 맛집 중에서 자주가는 곳 오늘도 어김없이 다녀왔지요. 실내도 넓고 쾌적한곳이라서 통영터미널 맛집중에...
445, 새벽에 일이 끝나서 갔던 청주 맛집. 허기진 배도 채우고 고기에 술한잔 하고 싶어서 직원들과 함께... 모자르면 언제든지 요청하면 준다면서 ㅎ 친절한 청주 맛집이...
446, 장흥 갈일이 있어 맛집검색하고 목수방에서 확인검색한번 더하고 가본곳 ㅎㅎㅎ 역쉬는 역쉬다 ㅎ... 커피숍도 검색하여 갔는데 상위권맛집이라 그런지 젊은층들이 많더라...
447, 베이커리맛집 ... 정갈1 맛난 빵 야미야미...정갈2 정갈3 케잌 정갈4 각종음료 정갈5 빵 진열 정갈6... 저수지 산책하며 발견한 베이커리맛집입니다... 맛...
448, 가평 맛집 가볼만한 곳들! 가평에는 맛집들이 그래도 여러군데 있는데요~ 오늘은 가볼만한 곳들을 좀 추천해보려구여 첫번째로는 칠오닭갈비라는 닭갈비집이랍니다 :) 한...
449, 가족들과 통영 여행 갔을 때 맛있게 먹었던 통영 루지 맛집 추천해드릴게요. 경남 3대 횟집으로... 이렇게 4곳 통영 루지 맛집으로 추천해요. 1. 해원횟집 블루...
450, 무한리필 맛집인 왔쏘 홍대점이란 곳을 알게 되어서 좋은 정보 남겨드려요 ^^ 무한리필이라고 해서 질이 좋을까 걱정이 조금 되기도 했는데요. 홍대 무한리필 맛집인 ...
451, 죽림 맛집이에요^^ 통영 버스터미널에서 가까워서 버스내려서 또는 버스타기전에 들려 식사하시는 관광객분들이 많은 유명한곳이랍니다 쾌적하고 밝은 분위기의 통영 죽림 ...
452, 전 위대한 여자라 여러 분이 추천해준 그 맛집 실패였어요 흑 신랑도 이 돈에 양이나 맛이나 영...... 나름 맛집검색 잘 한다고 자부해왔는데 망...... 그 근처 각시쭈꾸미는 맛나게 먹었었거든요. 웰빙타운 뭔가...
453, 가을에 가기 좋은 가평 맛집 추천! 추석이 지나고 나니까 날씨가 확실히 쌀쌀해진 것 같아요~! 이제 곧 겨울이 올 것 같지만 겨울이 오기 전 가을을 제대로 즐기기...
454, 대전 신성동 맛집 궁중왕족발. 제가 찾는 이유는 남다른 식감이 있어서인데 알고보니 30년 전통이 넘는... 오후 4시부터 자정까지 하는 대전 신성동 맛집. 입구를...
455, 밀양에 해바라기 보고 고택카페 갔다가 여기가 만두 맛집이라고 하여 테이크아웃 하려고 했는데 배가... 만두 맛집에선 만두만 먹는걸루~ 만두가 맛있어서 고기만두와 ...
456, 금산 맛집 인데 워낙 유명한 곳이라서 아마 금산 분들은 다 알거예요 저는 예전부터 단골이였는데요 항상 갈 때 마다 느끼지만 맛 변화가 없어요! 사장님도 친절하고 ...
457," 구디 맛집 색다른 맛 경험! 매번 먹는 한식이 아닌 특색있는 요리가 먹고 싶을 땐 인도요리 만큼 좋은게 없어요, 이번에 찾아간 구디 맛집은 만족도가 정말 높은 곳..."
458, 40년동안 운영하고있는 유서깊은 막국수집 프리스틴밸리CC 맛집 유명한 금강막국수 다녀왔어요 ㅎㅎ... 프리스틴밸리CC 맛집 자리도 넓어서 여러명이 함께하기에도 좋...
459, 포항 영일대 맛집 뷰도 맛도 끝내줘! 제가 얼마전에 다녀온 포항 영일대 맛집이 있어요 곱창이나 막창을 좋아하신다면 여기는 꼭 가보셨으면 좋겠습니다 왜냐하면 매장 ...
460, 그 중에 울 가족이 좋아하는 왕새우 소금구이를 수원 인계동 맛집에서 먹고 왔어요. 살이 꽉 차올라 사이즈도 남달라서 한 입 한입 까먹는 재미가 있었어요. 입구에 ...
461, 지난주 친구들모임이 있어 서울에 있는 종로 맛집을 찾게 되었는데요 돈가스와 닭갈비를 전문적으로... 종로 맛집 내부에 들어가보니 사각 테이블로 되어 있었구요 심풀...
462," 오랜만에 경기도 양평 맛집 으로 유명한, 곳 갔다 왔어요 근데 여기 아세요? 아구찜 진짜 맛있는... 양평 맛집 으로 유명하니 꼭 꼭 가보세요 내부인데 깔끔하죠?..."
463," 경주 보문단지 맛집 1. 기와메밀막국수 기와메밀막국수는 요즘 황하 코스모스가 드넓게 피어 있는... 내공은 갖추고 있는 맛집이지만, 신축 건물이라 분위기는 카페처..."
464, ------------------------------------------------- [맛집·멋집 소개등 업체이용 후기관련 카페규정] 1. 게시글 작성... ...
465, 물론 여행의 최종지는 피곤한 다리를 이끌고 먹는 맛집탐방이죠!ㅋㅋ 동물원 다녀오다가 주유소에 들려 주유를 하고 근처에 경기도 가평 맛집 추천해달라고 하니 딱 소개...
466, 왠지 맛집일거같아서 포장해왔는데 집에서 먹어도 맛있어요 많이 안맵고 속도 편했어요 이틀 뒤에... 신원동맛집 하나 늘었네요 아직 외식 불안하신분들 포장해서 드셔보...
467," 가족들과 통영으로 여행 가면서 만족했던 통영 맛집 추천해드릴게요. 경남 3대 횟집으로 유명한... 통영 맛집 추천해요. 1. 해원횟집 부산 마라도, 부산 퇴근길횟..."
468," 경주 황리단길 맛집부터 맛있는 디저트까지 재미있는 시간을 보내고 올 수 있어 만족스러웠는데요... 빙수 맛집 1894 사랑채, 맛있는 간식거리인 황금십원빵까지 총..."
469, 이*수. 홍*. 류*본* 이곳 말고 숨은 맛집 육개장집 있을까요?? 명절때 튀긴 음식을 많이 먹어서인지 얼큰한 육개장 먹고 싶네요~~ 육개장 맛집 좀 알려주세요^^
470, 대전 동구 맛집 든든한 식사! 친구랑 함께 찾아간 기가 막힌 대전 동구 맛집. 바로 최정규의 팔당원조칼제비보쌈이에요. 이곳은 하남 본점에 이은 대전에 자리잡은 직...
471, 당고개역 맛집 손님들이 많이 오시는곳이다 보니 퀘적함 들어올때까지도 기분 좋게 먹고가라는... 주인장 코스 스페셜 입성 합의 일치로 당고개역 맛집 스시도쿠였어요....
472, 호국원 맛집이예요. 수육이랑 해물칼국수가 맛있는 곳으로 부드러운 수육과 칼국수가 환상조합이죠. 괴산산막이 시장이 도보로 3분거리에 있는 신축건물 괴산 호국원 맛집...
473, 부산대 맛집 선진축산 개강을 했으나 비대면으로 계속 수업이 이어지다보니 대학생활은 아직 맛도... 부산대 맛집이 꽤 많은데 우리는 짐 대충 풀어놓고 오픈한지 얼마...
474," 시청 근처에 아는 먹태구이 맛집이 있는데 배달이 안되서 매번 포장하러 왔다갔다하기도 어렵네요ㅋㅋㅋ 한창 먹태구이에 빠져있는데, 우리 동네에는 먹태구이 맛집 없나요~~ 먹태구이 맛있게 드시는..."
475, 결과도 만족스럽지 않아서 그 스트레스가 폭발했고요...ㅋㅋ 그냥 아무 생각 없이 맛있는 거나 먹자 싶어서 신논현역 맛집 투어 하기로 했어요. 맛집 간김에 좋은 가...
476, 제 개인적인 입맛이겠지만 전 인생송편이였어요~ 떡도 쫄깃하고 안에 깨도 엄청 맛잇고 많이 들었어요 혹시 송편사실분들 추천드려요 혼자 맛집찾앗다고 흥분하면서 글쓰니...
477, 이번 여행에서 제일 신경썼던 부분은 바로 맛집 부분이예요. 가족 여행으로 어느 지역을 가서 어떤 맛집을 가던 부모님께서 이것은 어떻고 저것은 어떻고 지적을 많이 ...
478, 찐맛집. 카페 가기전에 고기로 배를 채우고 갔다는.. 이게 바로 꼬들살 입니다 .. 흐흐흐. 볼때마다... 다음에 다른 사진들도 찍어보겠습니다 ^^~ 문래동에 맛...
479, 싱싱한 맛도 가성비도 최고였던 남해대교맛집 대구횟집 생생한 남해의 맛 제대로 보고 왔어요. 남해가면 필수로 가봐야 할 맛집이 있더라구요. 3대째 전통을 이어오고 ...
480," - 상호명 : 부산맛집 희야손칼국수 - 내가 먹은 메뉴 이름 : 손칼국수, 김밥 - 가격 : 5500, 3000 (하단메뉴참조) - 위치(지도첨부) : - 자세한..."
481," 관악 맛집 마이무 - 내가 먹은 메뉴 이름 : 빠에야, 감바스 - 가격 : 24,000원, 14,000원 - 위치(지도첨부) 안녕하세요 오이님들~ 오이님들 샤로수..."
482, 이모가 근처에 원주 맛집이 있다며 데려가 주시더라구요. 장가네라는 곳이었는데요. 멀리서보면 약간 펜션 같기도 하고 일반 가정집 같기도 해서 뭔가 정감있는 모습이더...
483, 거제 맛집 추천하는 곳에 갔는데 다들 너무 맛있게 잘 먹어서 취향 저격하는 맛이라서 지금도 그 맛이... 거제 맛집 추천 생활의달인에 출연해서 최강달인해물탕편에 ...
484, 얼마 전에 다녀온 인천 서구청 맛집입니다 친구랑 점심 약속이 있는데 무엇을 먹을까 하다가 친구가... 몸에 좋은 아이들이죠 게다가 맛도 좋으니 얼마나 좋아요 인천...
485, 분위기와 맛이 있는 전주 신시가지 맛집 얼마 전에 우연히 들른 저주 신시가지 맛집이 있어 소개드리려고 합니다 : ) 전주 신시가지에서 차를 타고 충분히 멀지 않은...
486, 곱도리탕맛집 곱품닭 곱도리식당 부천점 너무 맛있네요 ㅎㅎ 친구들이 맨날 곱도리탕맛집 있다고 가자고 하길래 이번에 약속잡고 곱품닭 곱도리식당 방문해서 곱도리탕 먹고...
487, 삼척해수욕장과 삼척 쏠비치 근처에 위치한 쏠비치 삼척 맛집 생선구이&쭈꾸미볶음~~^^ 삼척 현지인이 정말 맛있다고 극찬하는 맛집이라 우리 가족도 삼척 갈때...
488, 기억에 남는 통영 맛집 추천 지난 주 오랜만에 바람 쐴 겸 친구들과 통영 여행 다녀왔어요. 마지막 날 회를 거하게 먹기 위해서 통영 맛집 추천 받아 봤는데 정말 ...
489, 멸치쌈밥 맛집도 찾아가서 맛나게 먹구왔어요 남해에서는 제일 유명한 멸치쌈밥 집이라는... 멸치쌈밥 맛집에서 제대로 푸짐하게 먹고파서 ^^ 일단 멸치쌈밥이 정말 푸...
490, 지난 번 친구들과 영화를 보고 난 뒤 밥을 먹기 위해 용인 맛집을 찾았어요. 대패삼겹과 샤브샤브를... 저희는 용인 맛집에 들어가자마자 벽면에 걸린 메뉴판을 둘러...
491, 저는 판교역 근처에서 일하고 있는데 사내식당이 없어서 ㅠㅠ 여기저기 맛집을 찾아다니고 있어요! 분식을 워낙 좋아해서 분식 맛집을 찾아다니다가 대박 맛집을 발견해서...
492, ㅎ 제주도에 놀러 가서 둘 째날 갔던 제주 정방폭포 맛집 에서 먹은 해물탕인데 이거 나오는 순간 다... 로컬 맛집이기도 하답니다 해물탕과 해물뚝배기가 가장 유명...
493, 숙박은 어찌 해결했고 ^^ 친구가 통영에 괜찮은 맛집들이 많다고 하여 같이 돌아다녔지요. 그래서 오늘은 찾기 좋은 통영루지 맛집 세 곳을 공유해보려고 합니다. 경...
494, 저 이전부터 가보고 싶었던 강릉밥집이 있었는데요 이번에 친구들과 강릉 갔다 강릉 주문진 맛집 접수... 주문진 맛집 음식들 ! 괘 정갈한 편 이었고요 우린 해물파...
495, - 상호명 : 부산맛집 가야포차선지국밥 - 내가 먹은 메뉴 이름 : 수구레국밥 - 가격 : 6500원 - 위치(지도첨부) : - 자세한 설명 (500자 이상) 예...
496," 거제도 장승포에 위치한 30년 전통의 거제도 토박이 식당이 바로 장승포 맛집인데요 거제... 장승포 맛집에서 주문한건 해물뚝배기와 충무김밥, 성게비빔밥, 전복미역..."
497, 먹어보고 맛집으로 인정했다 하길래 주소 기억해 뒀다가 네비게이션에 찍어 일부러 찾은 제주 현지인 맛집 인데요~ 먹어보고 완전 인정!! 씹는 맛이 너무 좋은 보말이...
498, 대전 송촌동 맛집 푸짐한 점심 메뉴 얼마 전에 가족들이랑 대전에 갔다가 송촌동에 있는 먹자골목에서 식사하려다가 인근에 기가 막힌 대전 송촌동 맛집을 발견 : ) ...
499, 서울역 맛집 여기 찐이다! 역대급으로 존맛탱이었던 서울역 맛집이었어요 :) 간간히 갔던 곳인데 이번에 오랜만에 다녀왔는데 넘 맛나더라고요 ㅠㅠ 반찬은 이렇게 1인...
500, 가봐야 할 진짜 맛집으로 유명한 강릉 세인트존스호텔 맛집 얼마전 다녀왔어요. 조용한 곳에서 푸른 바다 보고 나니 답답했던 속이 뻥~! 그리고 돌아오는 길에 생생정...
501, 놀고 나와서 통영 케이블카 맛집 통영굴마당가서 맛있게 굴요리 먹고 왔습니다. 굴요리 외에도 통영... 가성비 좋은 통영 케이블카 맛집 통영굴마당 고고 합시다. 실...
502, 멀리서도 많이 오는 진접 맛집을 하나 소개 합니다. 그저께 다녀온 집 입니다. 우선 영수증 인증 먼저... 튀김도 굉장히 잘하는 진접 맛집 입니다. 군함초밥? 이...
503, 제주여행이라고 별다를게 있을까요 ㅎ 첫날부터 제주 해비치 맛집 검색해서 흑오겹살이있다는... 상받아온흑돼지 맛집!! 으로 유명하던데 표선해비치 근처에 있는 흑돼지...
504, 남양주 맛집 가성비 대박이야! 저 얼마전에 남양주 맛집 가서 돈까스에 우동 그리고 냉모밀 먹고 왔는데 여기 가성비 대박이라 추천을 안해드릴 수가 없네요 분위기도 ...
505, 한우찐맛집 추천부탁드려요~ 이사온지얼마안되서...잘모르네요ㅜㅜ 블로그후기는 못믿겠어유.. 요즘 광고가넘많아서ㅜ 이번주말 손님이 와서 좋은곳에 가고싶은데.. 가격은 상관없구요~ 감탄사나오는맛집추...
506, 모임에 탁월한 전주 호성동 맛집 가족들과 함께 먹기 좋은 식당! 그래서 선택한 곳이 전주 호성동 맛집 드림숯불갈비에요. 드림숯불갈비는 취치도 좋은게요. 호성동에 ...
507, 제주도에 일 때문에 1년에 5~6번정도 직원들과 가고있는데요 그럴때마다 방문하고있는 제주 대명리조트 맛집이예요 현지 직원이 추천하는곳이였는데요 진짜 여기 제주도 ...
508, 은평구 맛집 군침도는 조합! 혹시 낙지요리 좋아하시는 분들 많으신가요!? 저는 이번에 은평구 맛집에 가서 낙지요리에 꼬막비빔밥까지 아주 제대로 먹고 왔는데 여기 ...
509, 제주여행은 이색 맛집 찾아다니는 재미가 있는 것 같아요. 이번엔 진짜 이색적이고 특별한 제주시 맛집도 가보았는데요 어서와한국은 처음이지 캐나다편에 소개되면서 유명...
510," 죽도동 맛집인 영해회식당이에요 싱싱한 해산물이 가게 앞에 있는데 해산물 천국이에요 ^^ 포항 죽도동 맛집은 코스형태로 나오더라고요 물회, 모듬회, 해물모듬, 꽃게..."
511, 강릉 맛집 추천 하는 곳에 가서 맛있는 칼국수 한그릇 드세요ㅎ 저는 회사 동생이랑 장칼국수랑... 강릉 맛집 추천 하는 집에도 장칼국수가 있는데 국물이 끝내주고 ...
512, 제주여행에서 정말 특별한 맛집 찾아 입맛 제대로 충족시켜본 우리들~ 정말 오래 오래 기억에 남을 최고의 맛집이었는데요. 입소문 내지 않아도 현지인들 사이에서 정말...
513, 주문진 맛집중에서 여기만큼 생선구이 맛있게 하는집 못봤어요~~ 서비스도 좋고 맛있고 단골이신분들... 주문진 맛집도 개인위생뿐만 아니라 식당내 방역에도 힘쓰고 있...
514, 얼마 전 친구들과 포항으로 드라이브갔다가 들렀던 구룡포 맛집이 있어요. 튼실한 게살에 녹진한... 이처럼 찜기 옆쪽에서는 사장님께서 직접 손질을 하고 계신 광경도...
515, 남해 독일마을 맛집 파티시에의 이국적인 카페 펠리스~ 추석 연휴 잘들 보내시고 계신가요? 시국이 시국인지라 갑갑하네요. ㅠ 대신 눈으로라도 힐링하도록 이국적인 남...
516, 소호동 맛집인데요 저희가 칼국수도 좋아하고 쭈꾸미도 좋아하다보니 푸짐하고 가성비 좋은 맛집을 찾아 가거든요 그런곳이 바로 여수 소호동 맛집이더라구요 ㅎㅎ 사장님이...
517, 제주공항근처맛집 아침식사 좋네요 친구랑 아침식사 밥 먹을 곳을 찾던 도중 제주공항근처맛집으로 후기가 많은 곳을 발견해서 들어가서 밥을 먹기로 했어요. 제주공항근처...
518," 오늘은 존맛탱 은평구 맛집을 소개해 드리려고 합니다. 사실, 우리 구 주민이라면 왠만큼은 알고있는 현지인 맛집이지만 ~~ 이사오셨거나 직장인이거나 다른 사정에 의..."
519, 사고 군산 시내에서 저녁 해결하려구요~ (변산반도 부근 맛집도 좋아용!) 검색해보니까 지린성 매운짜장 많이 추천해주시는데 저는 완전 좋지만 남친이 매운걸 못 먹어여 ㅠ0ㅠ 현지인 맛집 추천 부탁드려요~♡
520, 제주도여행에서 해비치리조트에서 지내면서 바로 앞에 위치하고 있는 제주 해비치 맛집에서 정말... 해비치 맛집 해비치리조트 바로 옆에 있어서 그냥 천천히 걸었는데 ...
521, 저번에 콩국수랑 김밥 맛있게 먹고 돈까스 떡볶이도 추천받아서 포장해왔어요~ 생크림이랑 돈까스 기대 이상으로 잘 어울리고 맛있네요- 떡볶이도 떡은 쫄깃하고~ 국물은...
522, 후회 없는 인천 송도 맛집 추천! 이제 내일이면 추석인데요~ 이번 추석은 고향에 가는 것 보다 가족끼리 오붓한 시간을 보내는 게 좋을 것 같아서 가족끼리 다녀오기...
523, 광양 맛집인데요 조개구이 하는 하는곳있데요 너무 특색있어 여러분들에게 알려그릴려고 합니다... 광양 맛집에 내부에 들어오니 벌써부터 사람이 많이 있더라구요 . 테...
524, 한림항 근처에 있는 맛난 집 제주 협재 맛집 한림 쪽 갈치조림하면 대표 맛집으로 손꼽힐 만큼 맛있고 유명한 집이랍니다 문재인 대통령도 다녀간 진짜배기 맛집이에요!...
525, 부모님 모시고 독채 빌려서 생활할 예정이거든요. 충렬사인근에 숙소를 잡았고 관광지 유명 맛집보단 현지인이 주로 가는 맛집이었으면 좋겠고 가족 전부 육류를 즐기진 않네요. 괜찮은 맛집 추천해 주세요.
526, 천지연폭포 맛집 진짜배기 향토음식점 얼마 전 천지연폭포 맛집을 다녀왔어요. 입맛 까다로운 엄마와 함께 간 거라 가기 전부터 사전 조사를 엄청나게 했는데 다행히 너...
527, 꾸웨이띠어우가 없어서 아쉬웠지만 여행에서 가장 기억에 남을 만큼 맛있었어요!! 구좌 근처에서 맛집 찾으시면 꼭 가보세요 :)
528, 주안 맛집 믿고 가는 곳 진짜 올만에 방문했어요~~~ 거리가 멀어서 그렇치 저 여기 동네 살면 진짜 자주... 주안 맛집 으로 들어갑니다. 2시간 까지 무료쿠폰을...
529, 서호시장 맛집 리스트 먼저 간략하게 소개해보려고 합니다. 1. 통영밥상갯벌 통영 서호시장 맛집 리스트 1 통영밥상갯벌 일단 이곳은 워낙 유명한 곳이예요. 숙소랑도...
530, 오랫만에 가족들하고 같이 이리저리 다녀온 파주 헤이리 맛집 입니다. 항상 헤이리갈때마다 들러서... 먹거리 주전부리들이 상당히 많은 편이에요~ 뭔가가 막 이것저것...
531," 이 집은 보말죽 맛집이지요~ 자꾸 생각나는 고소하고 진한 보말죽입니다. 김위에 보말죽반, 성게알반... 개인적인 느낌으로는 여성분들이 좋아하실만한 맛집입니다. 손..."
532, 계란찜 콜라 무시 듬뿍 찍어먹는 양념 두종류까지 서비스네요 이집은 서비스도 맛집인ㅋㅋ 오랜만에 주문했는데도 잊지않으시고 감동이여요~ 코로나로 힘드실껀데 이리 서비...
533, 한동안 일이 바빠서 가지 못했던 동대문 맛집. 아무생각없이 갔다가 최근 이사를 간 곳도 모르고 길을... 들어가서 먹고 싶었던 것들을 친구 여럿이서 거의 휩쓸고 ...
534, 늘 먹던 집밥이 그리울 때 가면 너무 좋은 하동 쌍계사 맛집 장터보리밥 ~ 취미가 등산이라 쌍계사... 쌍계사 맛집 장터보리밥 ~ 내추럴한 우드톤의 인테리어가 정...
535, 토박이들이 많이 찾는 강릉 사천해변 맛집 중에서 외지인들에게도 더 유명해지면 좋겠다 싶은... <<해동횟집>> 대학교 친구가 강릉에서 나고 ...
536, 바람이 쌀쌀하니 참치가 땡깁니다 남표니랑 열심히 먹었어요 히히 첫번째는 병점맛집 요거는 능동맛집ㅋ 묵은지가 있어서 더 좋았어용ㅎ 언제먹어도 맛있어요☺
537, 센팍쪽 동탄닭발 완죤 단골이엇는대 폐업하셔서 ㅠㅠ 먹을곳을 못찾아요ㅜㅜ 동탄닭발처럼 맛집 있으시면 공유해주세요~~~
538, 오늘 중문 알아보러 랜시티 갔다가 배고파서 집까지 가려다가ㅜ오랜만에 식당가기로 맘 먹고 맛집을 알아보다가 삼겹살로 결정 단@집 먹었는데.. 진짜 여태 먹었던 집 중에 제일 맛집이였어요 후기보니간 욕...
539,배달집들~(맛집은 아니고요ㅋ) 리뷰위해서 찍은 사진들위주로 소개할게요^^ 중국집 맛집은 진짜 없는 편이구ㅜㅜ 회 맛집은 그나마 많아요ㅋ 바다생X ㅡ 물회 푸짐하고 맛있어요. 이 해산물들을 물회에 넣어먹는건데 넘 싱싱했어요~ X꾸쭈꾸미ㅡ...
540, 꽃지해수욕장 맛집 마린횟집은 본관 신관이 나누어져 있고 규모가 엄청 크고 넓은편이라 자연스럽게 거리두기가 가능했던것 같아요 ^^ 현지인들이 즐겨하고 추천하는 꽃지...
541, 말고기 맛집이랍니다. 제주공항에서 5분 거리에 있어서 신제주쪽보다 더 가까이 자리잡고 있어서 공항 출발 도착 전 후 오셔서 식사하시기에 좋답니다. 제주 말고기 맛...
542, 제주 모슬포 맛집에도 갔었는데 기대 이상이었고 덕분에 더 즐겁게 보낼 수 있었던 것 같아요. 다음에... 제주 모슬포 맛집 많아서 어디로 가면 좋을지 고민이 많이...
543, ㅠㅠ 항상 시켜먹는 맛집 이에요. 배달비 포함 27000원 자주시켜먹으니 연어초밥 서비스..ㅎㅎ 업체명은 광고같아 안올려요. 식당을하지만 연어퀄리티가.. 언제 맘...
544, 경주황리단길맛집 영화속 장면같은 비주얼과 맛 료코 주소 : 경북 경주시 첨성로 99번길 27 연락처... 예쁘고 맛있는 곳은 경주황리단길맛집이 제일 많아서 열심히...
545, 피자맛과 친절한 사장님이 계신다고 소문듣고 간 동네맛집 롱타임노씨 기대는 크게 하지않고 피자를 시켜 먹어봤는데~ 왠걸~~ 증말로 맛났어여 나중에 피자만 먹으러 가...
546, 1년에 한번씩 맛볼수있는 송건애찬이에요..ㅋㅋ 게장 맛집인데.. 진짜진짜 엄청엄청(미친듯이) 맛있어요..ㅋ 송건애찬은...양념게장도 유명하답니다..ㅋㅋㅋㅋ 남편 ...
547, - 상호명 : 창원북면맛집산수정 - 내가 먹은 메뉴 이름 : 오리탕 - 가격 : 1인분-10000원 - 위치(지도첨부) : 캡처사진X / 지도 첨부기능을 이용해주...
548, 술값 저렴하고 질 좋은 세계3대돈육을 오목교역 맛집 가면 마음껏 먹을 수 있다 하여 친구들이랑 다녀왔어요! 오목교역 맛집 내부사진입니다. 일찍가서 손님없을 때 찍...
549, 일산 라페스타 맛집 이 맛에 먹지! 며칠전에 친구랑 일산 라페스타 맛집 족발야시장에서 족발을 먹고 왔어요+_+ 제가 또 족발을 엄청 좋아해서 자주 먹는 편인데 딱...
550, 한 3년이상 못 간듯해요 메밀맛집 용암리인지 그 먼곳 간것보단 전 개인 도토리 소화잘되고... 첨 양주와 남편과 둘이 맛집 찾은데가 의정부에 부대찌개집인데. 남편 블로그보고 간곳이 3년전인가 문닫은곳....
551, 내 생일날 가족들이랑 갔던 안동 갈비 맛집 안동 친절한한우갈비 ! 안동에서 제일 질 좋은 한우를... 갈비 맛집 안동 친절한한우갈비 ~ 테이블도 좌식과 입식으로 ...
552, 제주도 갔을때 맛집 투어 사진이에요~ 딱새우도 맛있었고 흑돼지 전복구이도 맛있었어요 그중 최고는!!! 우도에서 먹었던 한라산 볶음밥 너무 생각나서 조만간 시기봐서...
553, 갑자기 스콘이 너무 싶네요ㅜ 맛있는 스콘맛집 추천해주세요^^ 스콘종류많은 빵집있을까요? 달달구리가 땡기는밤이네요^^
554, 먼저 안성맛집 약수터식당 영수증 첨부합니다 소곱창전골 대짜먹고 곱창도 추가하고 볶음밥 까지... 볶음밥맛집 자리띄워 앉기의 영향도 있지만 저녁시간대가 지나가는 시...
555," 미사역 힐스 이사온지 2주쯤되었는데 h마트빼곤 아무것도모르겠어요 미사선배맘님~ 밥집도좋고,술도좋고 먹는곳이라면~^^;; 근처 맛집있으면 소개좀해주세용~"
556," 경주에 가면 감성 카페, 감성 맛집 엄청 많은 거 아시죠? 유명한 곳은 일부러 찾아갈 정도로 SNS상에서도 핫하고 유명한 곳이 많답니다 그중 제가 너무나도 가보고..."
557, 지지난주 주말에는 가족들과 다같이 부산으로 나들이 갔다가 들렀던 남포동 맛집이 있는데요.... 마침내 자리에 앉아 코스 5만원을 주문한 저희는 남포동 맛집 에서 ...
558, 솔직히 가 본 곳만 가보게 되는데 세로운 곳은 도전해보기기 어렵습니다. 간혹 낡은 간판인데...아니겠지?? 또는 들어가봤는데 예상외로 맛집인 경우도 있고... 광고가 아닌 직접 듣고 맛본 맛집이 있을 까요??
559, 여기가 구름맛집이네요.눈으로 배부르는중. 저 방에서 나가라고 해주세요 ㅠ.ㅠ 한시간째 누워서 하늘만 쳐다보고있음. 누웠는데 멀리 남산타워도 보이구.. 구름보고있으...
560, 하단맛집 추천! 대게가 맛있는 하단 크랩크랩 얼마 전에 유튜브를 보다가 유명한 먹방 유튜버가... 이 근처가 맛집이 사실 많이 없어서 마땅히 갈 곳을 찾기가 쉽지...
561, 홍대 맛집 해남김치에 한돈 싸묵 & 소주토닉 9월 중순 친구랑 연남동 나와서 신나게 놀다 오후 5시 넘어가니 친구가 배고프다며 갈비타령을 하더라고요. 이 ...
562, 양산 맛집 베트남사람들과 콩코드라운지 늘 새로운곳이 궁금한 사람과 실패를 줄이고픈 사람이... 양산 맛집 베트남 사람들은 평일 중간에 브레이크타임이 있습니다. 미...
563, 따뜻했던 인계동 맛집 며칠 전 친구들과 모임이 있어서 요즘 핫하다는 인계동 맛집을 찾아갔어요. 방송에도 나올 만큼 유명한 곳이라 궁금했는데 메인음식부터 서비스까지...
564, 간 김에 1박을 하면서 좋아하는 회도 먹으러 갔는데 여수 돌산대교 맛집으로 유명한 곳에 데리고... 찐맛집이긴 하더라구요. 안으로 들어가면 매우 깔끔하게 잘 되어...
565, 치즈가득 닭갈비 둔내 맛집 민들레닭갈비 전화번호: 033-345-0366 우연히 리조트 숙박권이 생겨서... 솔직히 맨날 한우만 먹기에는 질리기도 하고 부담되는데...
566, 영업시간은 점심은 안하고~ 다른 은평구 맛집들과는 다르게 밤장사만 하는데 늦게까지 해서 좋아요... 응암동 맛집으로 여기저기 소개되어 작년 겨울에는 1시간 기다렸...
567," - 상호명 : 지역+맛집+상호명 필수!(ex. 청담맛집 소스돈까스) 마산맛집 ""옥수수산"" - 내가 먹은 메뉴 이름 : 석화 무한리필 - 가격 :..."
568, 추석연휴 끝자락에 동탄 대하구이 맛집에서 가을 별미 먹으면서 원기 보충하고 왔어요. 아무래도... 동탄 대하구이 맛집에서 맛있게 먹기 위해선 중간에 한 번씩 뒤집...
569, 여수나 여천에 곱창전골 맛집 알려주세용!!! 애기의자 있으면 더 좋아요!!! 임산부라ㅠㅜ 먹고싶을때 땡길때 먹어야하는거 아시죠ㅠ 못먹으면 눈이 짝짝이로 태어난다나...
570," 진리였던 타임스퀘어 맛집 오늘 소개해드릴 곳은 영등포역 타임스퀘어 맞은편, 금강제화 골목으로 쭉... 타임스퀘어 맛집 바오밥은 데이트하기 좋은 곳이라 입구서부터 ..."
571, 20년 노하우가 있는 강릉 주문진 맛집 한곳 추천 할께요 교항면옥 인데 여긴 도깨비 촬영지랑 가깝고... 주문진 맛집 으로 유명한거겠죠 ?? 또 친구들이랑 강릉 ...
572, 현지인 맛집 추천하던 곳 창밖으로 보이는 소호바다의 풍경마저 뷰까지 만족하게 만들던 곳이었죠... 현지인 맛집 2018년 8월 3일 vj특공대에 빙수콩국수로 소개...
573, 아는 지인이 강릉에 거주하고 있어서 얼굴도 볼 겸 지인이 강릉 맛집 추천을 해줘서 밑반찬부터 메인메뉴까지 정갈하게 잘 나오는 곳을 소개해보려고 합니다! 강릉 맛집...
574, 현지인맛집 이라고 해요 ㅎㅎㅎㅎ 여수 분들은 여길 다 안다고 하니까 진짜 유명한 곳이죠 8시부터 운영하여 아침식사가 가능 하니까 여수 이순신광장 맛집 찾고 있던 ...
575, 술도 한잔 할 겸 양산 범어 맛집를 먹었는데 고퀄리티 고기를 가성비있는 가격에 판매하고 있는... 양산 범어 맛집의 모든 반찬은 직접 만드시기 때문에 조미료 맛이...
576, 단양쪽에서 가성비 좋고 맛있는 곳 찾는다면 구인사 맛집 장미식당이란곳 꼭 알아보세요... 유명한 맛집도 많다는 사실! 구인사 맛집 하면 장미식당이라고 단양내에서도...
577, 리조트 맛집 찾다 현지인 추천으로 들렸답니다 삼척 하면 막국수 빠질 수 없는데 맛있는 곳 하니 여기 많이들 추천해 주시더라고요 현지인 추천 으로 믿고 들린 삼척 ...
578," 제주를 여행하면서 고기라면 흑돼지이겠지만 최근에 오픈했던 신상 맛집으로 주변에 없는 불고기 메뉴를 전문으로 하는 제주 안덕면 맛집 빽가한우불고기 모슬포, 산방산,..."
579, 원당역에서 도보로 가능한 곳에 맛집 추천 부탁드려요~ 손님 모시고 가야하는데 원당은 시장만 가봐서 근처 맛집을 모르겠네요~ 추천해 주신 분 미리 감사합니다!!
580, 서초 맛집 여기가 찐이야! 고기를 안 좋아하시는 분들은 거의 없으실 거예요 제가 얼마전에 나빗살이라는 걸 서초 맛집에 가서 맛보고 왔는데 이건 완전 강추할게요! ...
581, - 상호명 : 제주도 맛집 섭지코지로 - 내가 먹은 메뉴 이름 : 딱고세트 - 가격 : 메뉴판참고 - 위치(지도첨부) : - 자세한 설명 (500자 이상) : 제...
582, 예전 센2상가에 있던 골뱅이쫄면 안주 맛집이 없어져서 여기저기 찾는데 없네요. 소면보단 쫄면을 좋아하는데 불금이라 골뱅이쫄면 포장해와서 한잔하고싶은데 맛집 아시면 추천좀해주세요^^
583," 샤로수길 자주 가시는 분들이라면 아실만한 맛집인 안녕베트남에 다녀왔습니다. 이번이 두번째 방문인데, 왜 이제서야 가봤냐고~ 여기 완전 맛집이라고~ 친구들이 강추를..."
584, 황리단길 맛집 동양백반 들렸답니다 우선 친절하고 가정집을 개조해서 만든 인테리어가 느낌 있더라고요 우리는 경주 황리단길 맛집 에서 불고기곱창전골과 고등어구이 맛봤...
585, 여기만 7년째 살고 있는데 동네에 생각보다 엄청 많은 맛집을 소개해드립니다. 1. 블루메쯔... 니하오 숨겨진 중국집 맛집인데 다 맛있어요 특히 유니짜장이랑 잡채밥 4. 호미스피자 블랙맘마 포테이토...
586, 앙버터랑 치아바타 바게트맛집 찾고있어요 그리고 맛집빵집요 몇몇유명하다는 빵집 몇번씩 가봤지만 너무달고 건강하다고 입소문난빵집은 어떤날은 우유비린내 어떤날은 계란비린내가 너무심해서...
587, 어제 벙갔다가 맛집발견! 지나가던 저의 발길을 잡는 고기냄새! 다 구워나오니 편하고 맛도있고 금액도 예쁘고 친구랑 배찢어지게 먹었어용 김찌된찌는 싸비스~ 담에또가...
588, 이번 여행의 포인트는 맛집에서 그리고 분위기 좋은 곳에서 여유롭게 힐링하기로 정하고... 곳 맛집들은 거의 다녀왔을 만큼 많이 알고 있는데요 제주도는 갈 때마다 ...
589, 오늘 소개드릴 맛집입니다 바로 부산 서면에 위치한 목구멍이라고하는 고깃집이랍니다ㅎㅎ 알바생들이 구워줘서 편하게 먹을수 잇답니다. 고기도 두툼하고 맛잇어요 오늘은 ...
590, 객의 맛을 봤다 용평리조트 맛집!! 집에서 멀지 않은 곳에서 외식을 하고싶은데 마땅한 곳이 없어 계속 검색해보다가 용평리조트 맛집인 방림메밀막국수를 찾아냈어요. ...
591," 둘째 임신하고 입덧지옥에 살고있는데, 첫째때도 그렇더니 양념게장이 그렇게 먹고싶네요ㅠ 멀리는 못갈것같고, 광명에 양념게장 맛집 있을까요? 직접 드셔보셨던 검증된 맛집을 찾고파요ㅠㅠ 아니면 주문..."
592," 올레시장 맛집이라고 관광객들한테도 유명해서 사람이 항상 많다고 하더라고요? 그래서 주말에는 갈... 사실 서귀포 올레시장 맛집이다, 제주 맛집이다 해서 가면 참 ..."
593, 속초대게맛집 - 서민갑부 출연 속초게찜 본점 다녀옴 ^^ 오래전에 서민갑부에 출연했던 대게 맛집이에요 오빠랑 얼마전에 속초로 여행 갔을때 다녀왔어요 속초 바닷가에...
594, 몇일전 올렸던 청주시내떡볶이와 버금가게 애정하는 청주시내맛집 랭고스버거 입니다 수제버거 좋아하는 분들은 꼭 가보시라고 추천하고 싶은 수제버거 맛집이니다 스사사 초...
595, 장목한화리조트맛집 랍스터5단해물찜 맛집인정이에요!! 여름휴가도 못가고 집에만 있다가 스트레스가 하나둘 쌓여갈때쯤 남편이랑 아이랑 거제도 다녀왔어요. 코로나로 해외...
596, 다덜 짐작하시는 뷰맛집에서 단촐하니 만남이 이루어졌네요~~^^ 세팅실력!!!!역시 맛집 답습니다~~~ 명품축산의 육회와 꼬기!!!! 맛낫어요~~육회가 부드러우면서...
597, 이번에 호매실 맛집만 찾다가 다녀보면서 새로이 알게된 구운동 일월 먹거리촌에서 뭔가 괜찮은 곳 하나 발견했네요... 가족 모임하면서 은근히 소고기 폭풍흡입한......
598," 두툼하니 , 오겹살 맛집 친정집입니다 쌈 야무지게 이른저녁 먹어보겟습니다 쫜득 쫜득한것이 제스타일이구만유 버섯이랑 마늘도 구워서 양껏ㅎ 다들맛저하셔유~♡"
599, 어제 먹었던 파스타맛집! 하나가 더있는데 나오자마자 슉슉 먹어버려서 사진은 없다요..ㅜㅜ 샐러드도 반덜어가곸ㅋㅋㅋㅋ간신히 찍었다요ㅋㅋㅋㅋ 찐맛집! 똥손이라 맛없어...
600," 또 주변 관광지나 숙소와도 가깝고, 삼척 쏠비치 맛집이라고 할 만큼 유명한 맛있는 곳들이 많이 있기... 하고 삼척 쏠비치 맛집 사장님께 여쭤볼 뻔 했었답니다. ..."
601, 웅천에 크루아상 빵집 (더그레인) 자주가던곳이없어지고.. 다른곳을못찾고있어요ㅠㅠ 혹시 여수에 크로아상 맛집있나요?
602, 김치손만두 맛집 아시는분 추천부탁드려요..용인수원도 좋아요 진짜김치면 좋을듯요...백종원의 우거지..씨래기김치말구요.. 분당동에 개성식만두? 그런느낌인데 거긴김치가 안들어 있어서ㅠ
603, 석양의 메인 불쇼♡ 뿌렌드 위드♡ 맛집 석양 이제 야채 걍 주네요~한번 가 보세요들♡
604, 여행을 가면 가장 중요한 것 중 하나가 맛집이라고 생각해요. 그래서 여행을 가기전 미리 찾아둔 맛집이 있었어요. 바로 이 곳!! 마치 정원이 있는 친구 집에 놀러...
605, 떡갈비가 생각난다면 무조건 담양 맛집을 찾아 가야해요~한 번 먹고 그 맛에 반하다 보니 다른 집에... 떡갈비 맛집으로 담양 현지인들에게 유명한 맛집이에요 역시 ...
606, 주변 맛집 제주해물밥과 함께 시작해보세요 제주 공항 주변 맛집 제주해물밥은 알작지해변과 이호테우해변에서 3분거리에 있어서 바다를 보며 밥을 먹을 수 있는 식당으로...
607, 부모님은 제주는 사업때문에 자주 가시곤 하셨는데 거의 대부분 20년전이라 기억하고 계시는 맛집도 많이 바뀌었거나 없어졌거나 했을거 같거든요. 진짜 현지 오분자기 뚝배기 맛집! 찾습니다. 옥돔도...
608, 요번에는 나들이 없이 그냥 몸보신만 하고 후딱 왔어요 ^^ 가평 맛집 말 그대로 푸짐하게 맛있게... 엄지척 부모님 모시고 나들이 삼아 가기 딱 좋은 가평 맛집 ...
609, 간만에 지방에서 친척들이 올라와서 이리저리 영통 맛집 탐방하고 다녔어요. 1박2일 동안 계속... 영통 맛집 답게 100%프리미엄 한돈을 고기 전용 숙성고에 넣어...
610, 광주로 고고고 사흘동안 광주로 여행을 다녀왔어요 ^^ 화담숲도 가고~~ 곤지암 리조트 맛집도 다녀왔지요 ㅋ 동동국수는 광주에서 꽤나 유명한 맛집이더라구요 모든 육...
611, 독일마을 맛집 이틀이나 갈 만큼 좋았던 카페였어요! 주변 풍경 인테리어 무엇 하나 부족함 없이 다... 독일마을 맛집 입구 풍차부터 고양이 간판까지 구석구석 이곳...
612," 천곡동 맛집이 나오길래 다녀왔습니다. 천곡해물탕이라는 곳이었는데요. 후기도 괜찮고, 다녀온... 저와 남편은 동해 천곡동 맛집에서 해물탕이 아닌 해물찜을 주문하였..."
613, 쫀득했던 곱창과 싱싱한 육회를 가성비 좋은 금액으로 먹을 수 있어 만족했던 의정부맛집... 그리고 의정부맛집에서 내어주시는 생간과 천엽도 맛을 보았어요. 저는 생...
614, 아름님들 추석명절 잘보내셨나요? 저는 아픈덕분에? 친정엄마가 역귀성 하셔서 연휴내내 강제요양 생활하다가 오늘에서야 엄마랑 바깥공기 쐬러나가요. 파주로 가는데 맛집 추천해주시면 감사드려요~~
615, - 상호명 : 제주도맛집 장인의집 - 내가 먹은 메뉴 이름 : 해물만두전골 - 가격 : 해물만두전골 5만원... - 자세한 설명 (500자 이상) : 제가 추천드...
616, 닭발 아예 못먹었었는데 여기서 먹어보고 완전 반한 맛집이에요ㅎㅎ 맵찔이라 신라면도 못먹는데 마요네즈 듬뿍찍어먹으면 많이 맵지도 않고 딱 좋더라구요~ 사진보니깐 또...
617, 요즘은 sns가 잘되어있어 맛집도 많아서 방문하기는 편안하고 좋은데 맛집이라해서 갔는데 실망할때도 많은거같아요 너도나도 Tv에 나온집이다보니~ㅠ 목동에 진정성(?)있는 외식하기좋은 맛집있을까요?
618, 사진도 엄청 찍고 만족하는 엄마와 함께 점심을 먹으러 향한 순천 맛집은 바로 꼬막... 순천 맛집으로 가보고 싶다고 하시더라구요. 저희 모녀는 크게 메뉴에 고민하...
619, - 상호명 : 포항 빙수맛집 카페모네 - 내가 먹은 메뉴 이름 : 과일빙수/블루베리빙수 - 가격 : 13.8... 빙수맛집 카페모네 의 빙수메뉴는 일반빙수/과일빙...
620, 죽림 맛집 이였어요 여러명이 모이면 고기고기 먹어야지요 저희 형부 통크게 생목살 쌈밥... 죽림 맛집 기대하게 만들고 침고이는 비쥬얼이 였지요 저 삼겹살 매니아였...
621," 경주리얼맛집에서 인생카츠 먹은 후기 여행 일정 짤 때, 어딜 구경하는지 정하는 것도 참 어렵지만 무얼 먹을지 정하는 것도 정말 어려운 일인 것 같아요. 맛집들은 ..."
622," 송도 센트럴파크 맛집 가서 날치알볶음밥, 차돌삼합과 매운갑오징어갈비찜 까지 푸지고 맛있고 먹고... 여러 지점이 있지만 저희 방문한 곳은 송도 핫플레이스 위치에 ..."
623," 강릉가면 무조건 들러 봐야지 했던 강릉 초당순두부 맛집 다녀왔어요. 강문해변,경포해변에서 차로 10분도 안 되는 거리에 있어서 접근성이 정말 좋은 강릉 초당순두부..."
624, 쑥이랑 말차 쿠키 맛집 찾아요 분당에 온실과자점에서 쑥라떼랑 쿠키 빵류 먹어봤는데 너무... 쿠키 맛집 알려주세요!!! ※ 알림 1. 카페 내 검색 기능을 사용해보시고 원하는 답을 찾지 못했을 경우에만...
625, 성남 맛집 퀄리티 대박! 갈비 좋아하시는 분들은 성남 맛집 한번 가보시라고 권해드리고 싶어요! 여기는 수제갈비가 맛있기로 소문난 곳이었는데 직접 가서 먹어보니 왜...
626, 퇴촌 맛집 포차 동아리... 원래 여기 낙지볶음이 맵고 맛있어서 왔는데~ 저번에 제육을 한번 먹어보고 완젼 맛있어서 또 옴! 근데 오늘은 좀 맵네 ㅋㅋㅋㅋ 맛있게...
627, 배가 고파 찾아온 곳 영등포역 맛집 짜파구리와 전국5대짬뽕 먹고 왔습니다. 영등포역 맛집 위치는 영등포롯데백화점 지하 식품관 매장에 있습니다. 영등포역 맛집 3대...
628, 안녕하세요~ :) 오늘은 아산 맛집으로 유명한 153 갈비마을을 소개해 드릴까해요~ 지난 주말에 아산에... ^^ 친구도 아산 토박이인데 아주 어렸을때부터 가족끼...
629, 요리나오면 테이블도 좁고 다닥다닥 앉는거도 신경쓰이는데ㅜ 기분나빠서 나와서 간곳은 맛집이었네요. 제가추천한곳이지만 이젠 안녕.. 어딘지 쓰진않을래요 다른분은 맛있...
630, 가봤던 맛집 공유해요! 버뜨 다 아시는 음식&식당일꺼예요ㅎㅎ -덕복희여사의 쌍팔년도 떡볶이... 오로지 제기준 맛집이긴하지만 먹을때 분명 행복했어요ㅋㅋㅋ ...
631," 한림공원 맛집 와봤어요^^ 입구에서 고기굽는 맛있는 냄새가 나네요. 흑돼지 오겹살,목살 주문했네요 육지와 비교햇을때 제주도가 더 싸네요^^ 제주 한림공원 맛집 사..."
632, 여수에 가면 꼭 들려야하는 코스에도 들어가는 여수 현지인 맛집 맛도 좋고 푸짐하게 잘 나오는 한정식 전문점으로 한번 맛을 보면 반할 수 밖에 없는 맛집이라 울 가...
633, 할머니댁에 인사를 드리러 갈때면 항상 들리는 수원 맛집이 있어요. 여기는 오랫동안 방문했던... 그리고 수원 맛집을 가장 좋아하는 이유중 하나는 24시간 영업이라...
634," 어느새 배가 고프더라구요~ 그래서 미리 알아봐두었던 곳으로 고고~ 저희가 알아봐두었던 그 곳은 강화 석모도 맛집, 전망좋은집입니다. 이미 보문사에서 유명한 맛집으..."
635, 구파발 맛집 매콤함에 끌렸어! 매콤한거 좋아하시는 분들은 구파발 맛집 가셔서 낙지 요리나 쭈꾸미 요리 즐겨보시는 것도 좋을거 같아요+_+ 제가 다녀온 구파발 맛집...
636," 그곳은 이미 현지, 그리고 관광객들에게 제주 산방산 맛집으로 유명한 가게라고 하더라구요. 그래서... 깔끔하면서도 담백한 느낌의 상차림이 무척 좋았는데 제주 산방..."
637, 친애하는 당진 시민여러분.. 당진 장어 맛집을 알고싶습니다. 여왕벌님께서 장어 먹고싶다고 노래~노래를 부르십니다.. 사드려야죠 찐 맛집으로 추천해주시면 미리 감사합니다!
638," 갠적으로 속초 맛집 추천을 꼭 드리고 싶은 티각태각! 당근과 미역 그리고 새우를 부각으로 만날 수... 속초 맛집 추천집이라서 센스있게, 향이 강한 수산물과 다른..."
639, 맛집 찾아다니면 정말 행복해요 먹는거 좋아하는 일인이라 누가 맛있은거 먹으러 가자고 하면 언제든지 콜 언니가 생일인데 못챙겨줬다고 밥사준다고 해서 갔었던 양양 맛...
640, 신설오름 몸국 유명하죠~ 현지인 맛집으로 조금 더 유명한 것 같습니다^^ 김희선몸국도 유명하지만... 몸국 맛집입니다 10년전 제주도민의 추천으로 다녀왔었는데 역...
641, 안동 맛집 안동 친절한한우갈비 들렸답니다 여긴 주차가 잘되어 있고 규모가 있어 가족끼리 오기... 안동 맛집 에서 맛본 육회 이거이거 서비스 였어요 ㅎㅎ 그냥 인...
642, 네이버에 지역을 막론하고 맛집이라고 해서 심지어는 현지인 맛집이라고 해서 막상 찾아가서 식사를 해보면 맛이나 가격 모두 과장된게 많은 것 같습니다. 서귀포에 근무하고 있는데 모처럼 아내과 명절에...
643, 운정에 치즈타르트 맛집 없을까요? 치즈타르트 먹고싶어요 ㅠㅠㅠㅠㅠ 운정에 타르트맛집 알려주세요❤️❤️
644, 제주 애월에 위치한 한식전문점인 제주 애월 맛집 걸어서 애월항과는 3분거리에 있으며 곽지해변과 한담해변도 근처에 있어서 식사 후 드라이브가기에도 넘 좋은데요 ㅎㅎ...
645, 새로 생긴 국밥집 다녀왔는데 사장님도 엄청 친절하시고 맛있네요 양 장난아니게 많아요 수육도 냄새 하나도 안나고 야들야들 부들부들 개인적으로 북면찐맛집 느낌입니다 ...
646, 만족을 더했던 제주 소노캄 맛집 올해만 제주도는 두번째 여행이예요 비행기타고 갈 수 있는 섬은... 그렇게 도착한 제주 소노캄 맛집 반반한흑돼지 반반한 흑돼지 앞...
647, 제주도 함덕 맛집 찾는다면 강추해요!! 함덕해수욕장 근처에 있는 흑돼지집인데요. 여기 깔끔한... 바로 여기가 제주도 함덕 맛집이에요. 인테리어가 정말 깔끔해요....
648, 유명셰프들이 운영하는 찐 맛집 여러 개 생겼는데 와ㅏㅏ 저 거기에 인생맛집 생겼어요~~!! 거제에서 소봉셰프 마제소바 먹고 완전 반해버린 1인인데 광교 롯데아울렛...
649, - 상호명 : 통영맛집 심가네해물짬뽕 - 내가 먹은 메뉴 이름 : 해물짬뽕/해물 접시짜장 - 가격 : 9000/8000원 - 위치(지도첨부) - 자세한 설명 (5...
650, 경주 현지인맛집 추천부탁드릴게요 ㅎ 항상 네이버맛집에 속아서가는편이라서요 ㅠㅠㅎㅎ 부탁드려요 농라회원님들~ 알려주세용 ㅎ
651, 현지인 맛집 토담순두부에요 사장님과 직원분들이 친절한 곳이에요 가게 규모는 4인 테이블 기준 12테이블 옆에 30테이블이 있고요 주차는 총 100대가 가능하게 되...
652, 서대문구 맛집! 인생맛집있으신가요?
653, 친구들과 낙산해수욕장에 바람 쐬러 가서 실컷 바다 구경을 하고는 주위 낙산사 맛집에서 식사까지... 흔히 나오는 콘샐러드나 무침 등이 아니라 낙산사 맛집은 죽부터...
654, 몇번 추천댓 드린적있는데 일보러 간김에 먹고왔네용ㅋ 아귀찜 맛집이예요 아시는분들은 다아시는 꼬맹이ㅋㅋ 밑반찬이며 생선멱국 진짜 사오고싶음요ㅋㅋ 밑반찬은 갈때마다 ...
655, 편스토랑에 윤은혜가 콩나물국밥을 뚝딱 끓이는걸 봤더니 너무먹고 싶어지네요.. 콩나물국밥맛집이 어디있을까요?포장해오고싶은데.. 이근처에 없어진곳이 많아서 아쉬워요ㅠ
656, 김포 사우동 맛집 등짝 등갈비 명절이 코앞이라 바쁘진 않치만 여기저기 분주한 느낌이나는 날들인듯... 사우동 맛집 메뉴판을 봅니다 참숯불 등갈비가 메인인듯 하여 ...
657, 얼마전 회사에서 출장차 답십리역 맛집을 방문했었는데요 근처에서 미팅을 마치고 돌아오는 길에... 답십리역 맛집은 비냉도 워낙 맛있어서 여기서만 찾아먹는 메뉴에요 ...
658, 떡볶이 좋아하는데 입맛에 맞는 맛집을 못찾았어요~~ 맛집 알려주심 감사해요~~^^ 사닥다리 / 북문로 / 신전 / 엽기 떡볶이 제외하구요~~~^^
659, 어우 간만에 술국맛집 발견이예요~ 꺄악!! 남편은 지금 맵다고 죽을지경 ㅋㅋㅋ
660," 대게 맛집있나요? 마트가서 쪄달라해서 먹는게날까요?^^; 대게먹고싶은지는 오래되었는데 비싸서 엄두를못내다가, 가성비좋은맛집 있을까해서 문의드려요^^/ 상호명도 부탁드리려고, 맛집게시판으로..."
661," 제품리뷰단, 맛집, 여행, 뷰티, 푸드, 육아, 교육, 화장품체험단, 식품체험단, 핫플레이스, 핫플체험단, 추천여행, 추천맛집, 꼭가봐야할곳, 주말어디가지, 추천여행지, 주말뭐먹지, 휴가어디가지, 체험이벤트..."
662, 팍팍 삽니다 위치는 광양 부성아파트 인근입니다 혹시 광양 현지인 맛집 찾으시는 분들 한번 가 보시길 추천합니다 후회 노노~ 그럼 이만 행복과 웃음 가득한 추석명절...
663," 괜찮아요~ 다 먹을 수 있어요 ㅎㅎㅎ 아주 쬐꼼 더 올라가니 운길산역^^ 바로 앞~~ 뷰맛집이 있네요~~ 애들 음료 시켜주고, 우리도 아이스라떼 한잔쓱 키야~~ ..."
664, 동삭동 맛집 이 맛에 반했어! 족발이 땡길때 가야하는 동삭동 맛집이에요 :) 깨끗한 육수로 즉석에서 바로 삶은 풍미좋은 족발이라는 슬로건이 바로 앞에 딱! 붙어있...
665," 만원초밥 오산 롯데마트 맞은편에 위치한 만원초밥이에요~~^^ 제가 원래 날음식을 잘 못 먹어서 초밥을 안 먹었었는데, 만원초밥에서 초밥 먹어보고 이곳저곳 초밥 맛..."
666, 오늘 남편이랑 오창프라자쪽 갈일있는데 그근처 맛집 있을까요? 어제는 지인들추천으로 검은콩? 거기 갔는데 맛있게 먹었어요. 점심먹으려고 하는데 오창프라자 근방으로 맛집 추천 부탁드려요. 아는곳이...
667," 골목식당나온 텐동집 맛집이 여기보다 더 맛있을까?생각하며 먹었던ㅎㅎ 세번째 소담. 칼국수,수제비 집이에요. 양두 많고 날 추워짐 생각나는^^ 마지막은 립하우스. 수제버거집이에요.ak 2층에서..."
668, 점심으로 쌀국수 시켜서 먹었어요ㅎㅎ 평리동 맛집답게 JMT!! 맛있어요 증말~~~~~~~!!ㅋㅋㅋ 오늘같은 날씨에 딱입니다요ㅎ
669, 오랜만에 만나서 그런지 얘기하다보니 해가 껌껌해지고 대구 월성동 맛집 괜찮은 곳 있다고 밥이나... 달서구 맛집을 여럿 다녀봤지만 처음와봤기에 더욱 궁금했답니다....
670, 가게 규모가 크기 때문에 단체 손님들이 선호하고 있는 계림동 맛집 올능이버섯백숙 직영점이에요... 계림동 맛집이에요 나물도 자극적이지 않고 담백하고 감칠맛 나게 ...
671, 이번 주위분들 선물은 거봉으로~~~매년사먹는 거봉맛집이예용~~~!!! 알이엄청커서 너무좋아용 거봉좋아하시는 분들은 요기가보세용 ㅋㅋㅋㅋㅋ
672, 얼마전 하대동에서 저녁먹고 지나가다가 화환세워져 있길래 궁금해서 2차 할 겸 들어가봤어요~ ㅋㅋㅋ 하대동 맛집 소쿠리 왜 가게 이름 소쿠리인가 했더니 모듬해산물 ...
673, 하루5시간 오픈. 주5일근무. 영업시간표만 봐도 맛집 포스가 느껴졌어요~ 만두피가 너무 얇아서 속이 다 비쳐 보여요. 저렇게 빚을 수 있다니 신기하더라구요. 포항...
674," - 상호명 : 안양 맛집 원차우 - 내가 먹은 메뉴 이름 : 차돌짬뽕, 고추잡채덮밥 - 가격 : 10,000원 9,000원... 안양 맛집 원차우는 수타 전문점인..."
675, 활어가 두툼~해서 깜짝 놀랐어요 사시미도 입에서 살살 녹네요 나가사끼 짬뽕이랑 회덮밥도 있던데 담에 먹어봐야겠어요 사장님도 친절하시고 암튼 만족입니당ㅎㅎ 일광에 ...
676," 최애맛집 청주-백로식당,고고닭짱,샷보로일식,분평동굴세상,대명닭도리탕,수곡동 돈아돈아 오창... 최악맛집은. 우체국 옆에있던 순대국밥집ㅋㅋㅋ 지금은 없어졌는데 그맛을 잊을수가 없어요ㅋㅋㅋ 최애..."
677, 야외결혼식 잘보고 식사는 뷔페라서패스하고 뷰맛집으로 갔어용ㅎ 기장으로 슝 날라왔답니다^^ 예약한 저의자리입니다ㅎ 코로나이후 처음바다봤어요^^ 저는 운전해야해서 음...
678, 사당역 맛집 여기가 진리! 저는 고기를 진짜 좋아하는 편인데 며칠전에 다녀온 사당역 맛집 고을래 이베리코 흑돼지에서 이베리코 고기 맛보고 진짜 놀랬잖아요.. 너무...
679, 우정분식입니다 원래는 즉석떡볶이 맛집이지만........ 혼자 간거라서 떡볶이는 나중에 그분과함께..... 졸면과김밥은 그냥그냥 쏘쏘.......... 솔직히 추...
680, 요거 하나 올렸다고 삼겹살맛집 됐어요ㅋㅋ 신랑도 맛있다고 잘먹어서 멜젓 리필 2번이나 더했네요ㅋㅋ 맛있게 잘~~~먹었는데 치우려니 또 눈앞이 캄캄하네요ㅋㅋㅋ 가봅...
681, 장위동에 찹쌀떡 맛집이 있다고해서 찾아가 보았읍니다.... !!!! 위치는 꿈의숲 정문 근처 12시 오픈 9개 4500원 6개 3000원 4개 2000원 가격 합...
682, 노원역 맛집 놀라운 갓성비! 저번에 다녀왔던 노원역 맛집이에요 :) 하토상의술방이라는 곳이었는데 가성비가 진짜 대박이었어요 ㅎㅎ 5종세트 먹고 왔는데 5만원이 안...
683, 문막에 볼일이 있어서 나가야하는데 나름 맛집에서 밥을 묵고싶어서오 ㅎㅎ 소바집은 아는데 소바는 안땡겨서요 ㅎㅎ 혹시 아시는 맛집 있으시몬 알려주심 감사하겠습니다~
684, 간단하게 먹을 한식집이랑 친구놀러왔을때 데려갈만한 고기집등등 아시는 맛집 알려주세용 ㅠ
685, 금호동으로 이상온 지 7개월 정도 됐는데 코로나때문에 집에만 있다보니 아직 동네를 잘 모르겠더라구요!ㅠㅠ 금호동에 숨겨진 맛집이 많다고 들었는데 혹시 금남시장에 추천해주실만한 맛집이 있을까요?
686,제주 이도동 맛집 쫄깃쫄깃 6질좋은 흑돼지 흡입! <아라숯불갈비> 이도동 맛집 잘 어울리는 이름이였어요! 제일 대표메뉴인 제주산 흑돼지와 백돼지 두가지가 있구요~ 그 외에 사이드메뉴와 주류가 준비되어 있습니다. 메뉴는 단촐한 편...
687, 저희동네 자주가던 경리식당이없어지면서 갈팡질팡 날씨가쌀쌀해지니 그식당생각이자주나요ㅋㅋ 남편이랑 걸어서맨날갔던집인데ㅜㅜ 현지분들이정말 찾아가는집? 맛집 소개시켜주세요!!
688, 서울에서 살때는 합정 멘야 하나비 즐겨 갔었는데 수원 쪽은 지점이 없는것 같네요 ㅜㅜ 혹시 영통쪽 마제소바 맛집 추천해주실 만한 곳 있을까요? 사진은 봉평 메밀곤...
689, 밥먹으러가려구요~~~맛집추천부탁드려용
690," 맛집 상호 : 겐로쿠 맛집 위치 : 부산시 대연동 추천 메뉴 : 지도리 우동 추천 이유 : 우동에 들어있는 구운 파와 닭, 살짝 칼칼한 듯하고 후추 향이 강하게 나는 국물이 너무 맛있어요. 면도 직접 뽑는다고..."
691, 아이들 다 등원해서 오랜만에 고기맛집인 언니집에 놀러왓어요ㅋ 양파장아찌도 오랜만에 묵으니 너무맛잇어요ㅜ
692, 미사리 맛집 꿀맛인증! 안녕하세요~ !! 오늘은 미사리 맛집 :) 시카고피자포스팅이에요! 날씨가 이제 어느덧 쌀쌀한 가을날씨를 넘어 저녁엔 좀 춥기까지 한데 다들...
693, 가끔 그분(?)께서 좋아하능 대구 떡볶이 맛집 찾아 돌아다니 는데요 앵간한곳(체인점 제외)다 가봤다고 생각했는데 또(?)발견되어 가보았어요 ㅎㅎ 그자리에서 20년...
694, (사실 저 곱창집도 유명맛집! 양쪽 식당이 한 집이예요.) 부뉘기 좋고~~~ 들어가자마자 급하게 봄베이 하이보르 주문주문! 하이네켄 쌩맥도! 한우 150g에 19...
695, 거제한화리조트근처맛집 거제돌문어해물탕 국물이 끝내줘요! 아이와 함께 거제한화리조트... 특별한 맛집을 찾자고 말해서 거제한화리조트근처맛집을 폭풍검색을 했는데 거제...
696, 일산 시장에 유명한 맛집이나 일산 사람들이 많이 가는 토박이 맛집 알고 계신가요? 일산 칼국수는 아는데 거기 말고 오래된 노포 맛집 알고 계시면 공유 부탁드려요!^_^
697, 오랜만에 맛집 먹방에 글써봅니당 저의 오늘 마음가짐이에요 .오늘은 다이어트 안할꺼니까 많이 먹을거에요 한국인들의 소울푸드 독복히에요 독복히 싫어하는 사람 없나영?...
698, - 상호명 : 지역+맛집+상호명 필수!(ex. 청담맛집 소스돈까스) 부산 반여동 맛집 도날드치킨 - 내가 먹은 메뉴 이름 : 모듬치킨 / 소주 / 맥주 - 가격 ...
699, 오늘은 하대동에 맛집하나소개드립니다 바로 고기달인 진주냉면인데여!! 이번에 상봉동에서 직영점으로 하대동으로오게됬다고하네용 상봉동 사장님이 하대동으로오셨습니다...
700, 연어 1인분 으로 되어있는거 배달시켜먹고싶은데 이사온지 오래 안되서 맛집을 잘몰라서 추천해주실만한곳 있나용?!! 황선x? 에서 많이 시켜드시는거 같은데 얼마전에 위생 관련 글을 봐서ㅠㅠㅠㅠㅠ 또...
701, 고기맛집으로 소문난 이유를 알겠더라구요. 부부사장님 두분이서 운영하셔서 가격도 엄청 착하게 먹어요 그러니까 인건비 드는 것 만큼 손님에게 가격으로 만족도를 높여주...
702, 너무 믿고 맡기고 가시는거 아녜유우우? 코로나 연휴 추캉스 자제하시고 마스크꼭쓰시고. 명절 연휴 잘보냅시다요~ feat. 전북 완주 고산 저수지 또랑맛집 되려는
703, 지금도 생각나는 칼국수맛집 꽃지해물칼국수 하루하루가 정말 힘든날의 연속이였는데요~ 업무적... 이렇게 드라이브를 즐기면서 시간을 보내다보니 어느새 점심시간이 되어...
704," 배곧!에 꿔바로우 맛집있나요? 추천부탁드려요~ 제이드웍, 홍콩반점은 먹어봤어요 새로운곳 먹어보려구요 양꼬치나 마라탕집꺼도 괜찮아요"
705, 회사동기랑 퇴근 후에 간단하게 저녁 꼄 술한잔 할려고 서면맛집을 갔어요. 이미 평일에도 웨이팅이... 서면맛집 부단에 방문을 하시면 감자튀김이나 계란후라이를 서비...
706, ★ 글 '제목'에 'K9'이란 차량명이 들어가도록 작성부탁 드립니다 ★ 정읍 볶음밥 맛집 입니다.. 점심 맛나게들 드세요.
707, 혹시 스타필드 가보신분들중에 맛집이라고 생각하신 음식점은 어딜까요? 알아놨다가 가보려구합니다 ~~^^
708, 여기위치는 연제구청이예요 너무 멀지않은곳에 맛집아시는분! 알려주세요ㅜㅜ 냉면말고 밀면이용~~
709, 요기 맛집인거죠?~~^^ 마침 자리가 딱!~생겨서 주차도 한번에하고~ 식사시간도 그렇게 많이 안기다리고 먹었어요~~ 오랫만에 꼬막 완전 배부르게먹었네요~ㅎ 잠깐 ...
710, 문제시 삭제할게요ㅠㅠㅠ 햄버거너무 좋아하는데ㅠㅠ 수제버거가 먹고싶은데 진주 이사온지 얼마안되서 잘 몰라요ㅠㅠ 혹시 수제버거 맛집 아시는분 추천부탁드려요:) 수제버거에 칠리후라이랑...
711, 울동네 스시맛집이 있는데 코로나시기에도 항상 웨이팅이 길어요 요즘은 시기가 그래서 그나마 배달주문이 많아서 식사시간피크타임 비켜가니 줄안서고 식사가능하더라구요. ...
712, 은평구 맛집의 명성 답게 오늘도 가득찬 테이블 ~~ 역시 테이블마다 소주가 ㅎㅎ 이 가게의 시그니처... 추가로 시킨 삼겹살 역시 고기 본질에 올인한 은평구 맛집...
713, 칼국수 집이나 국밥집에서 많이 파시던데요 어디가 야들야들 하고 맛있을까요? 세종에서 맛집 찾기 정말 힘들어요 ㅜ 맛집은 공주나 대전으로 갔는데 이시국에 멀리는 못가겠고 이제 세종에 정착하고 싶어요
714, 제가 너무좋아하는 김해 장유 맛집이랍니다 가게 옆쪽으로는 계곡이랑 산이 있어서 등산객들도 많이... 장유 맛집 이랍니다 분위기가 별장에 온 기분이드는곳이예요 계곡...
715, 송도 밖 시장등 송편 떡 맛집 알고 계시면 알려주세요~^^ 송도는 두군데로 알고는 있는데 다른 곳 맛난 송편집도 알고싶어요~~
716, 합정역 맛집 점심 먹기 좋은 곳! 며칠전에 합정쪽에 갔다가 친구랑 합정역 점심을 먹고 왔어요... ㅋㅋㅋ 합정역 맛집인 정육도는 인테리어도 예쁘고 일단 자리가 다...
717, 작년에 제주도에 일이 있어서 갔다가 서귀포 올레시장 맛집에서 먹고 왔던 해물탕이 한~~ 참 동안 생각이 났었어요 그래서 이번 일정에도 빠뜨리지 않고 찾았던 이곳!...
718,진정한 파이맛집을 소개합니다. 파이앤브라우니 (모둠파이사진 추가합니다!) 파이맛집이니다. 네 바로 호두파이 그 파이요! 직장에 선물돌릴일이 있어 서치서치 하던중 알게 되었어요. 무려 집근처에 있던곳인데 꽤 오래된것같더라구요~ 왜 몰랐던...
719, 마산 맛집 밥집 매콤함이 인상적! 얼마전 친구들이랑 체험단으로 마산 맛집 짚신을 다녀왔어요 자주 가봤던 곳이라 바로 한방에 찾아갈 수 있었죠! 마산 맛집의 세트메...
720, 임산부 친구 마카롱에 꽂히셔서 이쁜 맛난 마카롱으로 입덧 퇴치중이랑 맛집 부탁드립니다~~!! 미리 감사합니다 수지맘님들 추석 보내시느라 고생많으셨어요!! 짝짝짝!!!!!
721, 평거동 맛집으로 소문이 많이 난 모양이에요 양고기를 여기에서 입문했었는데 냄새 안나고 육즙도... 양고기 맛집 찾으시는 분들 한번 가보셔도 좋을 것 같아요 세트메...
722, 맛집이어딨을까요?
723, 미사에 쌀국수 맛집있나요? 쌀국수 엄청 좋아하는데 아직 여기선 맛집을 못만났네요 ㅠ 시국이 시국인지라 집에 포장해오거나 배달시킬수 있는집~~ 마구마구 추천해주세요~~^^
724, 탑동 맛집 돈사촌 본점 너무좋았던곳이라 살짝 알려드려보아요 ㅎㅎ 연탄구이 생근고기 전문점이예요 제주 탑동 맛집 현지인들이 모두 인정한 정말 제대로된맛을 느낄수있는...
725," 친구한테 맛찬들 가자고 하니까, 울산에는 맛집이 맛찬들뿐이냐며 무시하네요. ㅋㅋㅋ 본때를 보여주고 싶은데 추천해주세요"
726, 아시는분? 금ㄹ 찹쌀이라서 다른집이랑 달라사다먹엇는대 저번에 먹는대 냄새가나서 그만 음쓰통으로 ㅠㅠ 맛집좀 추천해주세요 ~
727, 맘님들 어디서 마카롱 사드시나요?? 오랫만에 마카롱 한번 먹어보고 싶은데 어디로 가야됄지ㅎㅎ 맘님들 맛집이 궁금하네요~
728, 맛있네요 저는 홍어회는 저희 외숙모 표만 먹는데 요기 맛나요~~ 저희 엄마가 좋아하시는 홍어 맛집 추천 드려요^^ 어떤분은 선물하신다구 엄청 많이 구입하시더라구요...
729, 가로수길 하면 누구나 떠올리는게 맛있는 식당과 예쁜 까페일거예요 제가 오늘 찾은 맛집은 가로수길... 가로수길 맛집 이끼롤까스! 깨끗하고 예쁜 인테리어가 눈에 띄...
730, 하는 맛집이 있다고 해서 들렸어요 길가 바로 옆에 위치하고 있어 건물 외관과 간판이 눈에 띄어 찾기가 쉬웠네요 제주 애월 맛집 보말보말은 가게가 정말 깔끔하니 분...
731, 안녕하세요~ 친구가 순천 아랫장 구경하고 싶다고 하는데 아랫장 맛집을 제가 잘 몰라서요~ 순천 아랫장 인근으로 어떤 맛집이 있을까요??
732," 강릉 교동 맛집 가면 치즈가 쭉쭉 늘어나는 비쥬얼 끝내주는 대패삼겹살을 특별하게 먹을 수 있다고해서 찾아가봤어요. 강릉 교동 맛집 메뉴가 있는데요, 시오야끼가 대..."
733, 퇴근후에 어스름 저녁이 되었을때 숯불꼬치로 유명한 등촌역 맛집이 있다고 하여 직장 동료와 함께... 등촌역 맛집 답게 완벽한 굽기와 숯불향의 풍미 쫄깃하고 담백한...
734, 충주대표 데이트코스나 맛집등.. 아시는데로 가르쳐주세요 아이는없고 저랑신랑 둘만 데이트할거에요 가깝거나 멀거나 충주안에서 다 돌아보고싶어요 맛있는 음식점도 알려주세요 미리 감사합니다
735, 집에서 해먹기 간편하다는데 재료도.. 솜씨도.. 둘다 없는데 크림파스타 배달 맛집이 혹시 있을까요? 어제인가? 강봉원에서 직접하신 스타게티 사진 올라온거 보고 자꾸 생각나네요
736, 신현리 맛집 으로도 통하는 이 곳은 입맛 돌게 잘 먹고 온 곳 이었답니다 ㅋㅋ 밑반찬도 너무... 신현리 맛집 에서 순대철판볶음 주문하면 같이 나오는 국물 이에요...
737, 처음 가보는 천안인데.. 이번에 시댁이 이사도 했고 해서 겸사겸사 가게 되었는데 시간이 어중간하게 도착할거같아 밥 먹고 들어가려구요^^ 신부동쪽인데 맛집 있을까요??
738," 제주 맛집 기행의 마지막은 서귀포에 위치한 만선식당. 잘 알려진 미영이네처럼 고등어회 맛집입니다. 소자 고등어회를 (50,000원)을 시키면 나오는 한상! 사진에..."
739," 코로나에.... 임신에....시댁,친정 모두 못가요 오지말구 쉬라고해서... 명절음식도 먹고싶지만 그중 송편이 너무 먹고싶은데... 혹시 맛집알고있으시면 알려주세요~ ㅜ"
740, 원래는 정식 돈가스 생선가스 파셨는데 매장을 음료와 돈가스. 생선가스로 메뉴를 바꾸셔서 아쉽긴해요 그래도 최애맛집이에요 오늘은 제가 좋아하는 생선가스 먹고왔떠욤 ...
741, 주말에 스타필드 구경 갔다가 안성에서 점심 먹으려 하는데 맛집 추천해주세요~
742, 이번 주말엔 동네 새로생긴 빵 맛집을 다녀왔어요 먹고 싶은 빵은 너무나 많았으나 딱 두개만 이틀동안 먹었지만 다시 생각나는 맛집 다이어트 안녀영 Bread 사랑
743, 60대 시어머님이 낼오셔서 2박 하고가시는데 입맛에 맞으실 파주배달 맛집 뭐가있을까요?? 임산부라 신랑이 많이배려해줘서 많이 시켜먹을거같은데 금촌맛집좀 알려주세요ㅠㅠ 국물있는 음식 좋아하세용!!
744," 용유역 맛집 방문해 좋아하는 간장게장에 고등어구이&삼치구이, 곤드레돌솥밥에 영양굴밥 먹고 온 후기 지금부터 시작 해 볼게요~~^_^ 매일 통영 산지에서 배..."
745, 인스타에서 맛집이라 그래서 갔는데 가성비 좋고 맛도 좋아서 맛집 포스팅 하게 되었어요~~ 송도 맛집 송도옥 추천합니다. 처음 갔을 때 대기도 있더라구용ㅎㅎ 가게 ...
746," 아이들이 라면맛집,먹어본 소떡중에 제일맛나대요ㅎ 주차장이 지상이고 넓은편이긴해도 만차라서 근처 가게문닫힌곳에 주차했어요. 담에 또 가기로했어요~^^!! 송파맘 챤..."
747, 부천 스테이크 맛집 볼거리가 많아서 데이트코스 로도 굿! 볼거리 다양하고 분위기 내며 스테이크 썰고 싶어 다녀온 부천 스테이크 맛집 입구에요!! 여기 입구 부터 ...
748,매운거 못먹는 아이 동반 손님초대시 배달 맛집 추천 부탁드립니다~^^ 배달 맛집 있을까요?? 어른들은 다 잘 먹어요~ 그 식구들이 창푸억 좋아해서 오면 무조건 거기... 남편이 거기 하나 찍어둬서요~^^ 배달 맛집 많이 많이 추천해 주세요~^^ (피자 치킨도 좋은데 좀 색다른 곳도...
749," 저는 용인맛집 하면 바로 떠오르는 곳이 여기가 아닐까 싶어요~ 처음에는 친구랑 수지맛집을 찾다가 알게 되었는데, 직접 방문해서 보니 스테이크 퀄리티가 무척 좋더라..."
750, 오늘따라 삼겹살이 땡겨서 나가서 먹고싶네요 우두동이든 원당동이든 당진지역에서 삼겹살 맛집 추천해주세요
751," 제주도에 많이 가본 친구들과 함께 다니니깐 맛집만 골라다니게 되고 좋더라구요~ ^^ 금능해수욕장 갔다가 협재해수욕장으로 넘어가면서 늦은 점심을 먹게 되었는데요, ..."
752," 아침식사 맛집에서 먹기 좋았어요 경주 아침식사 하기 좋은 메뉴들이에요 소고기해장국, 닭계장, 선짓국, 메밀묵해장국, 메밀묵 등 한끼에 6~7천원이라서 경주 아침식..."
753, 쉬는날마다 맛집으로 외식가는게 낙이라 이리저리 움직이는데... 이왕이면 아내와 아이들이 모두 즐겁게 한끼를 하고 싶어서요. 맛집 종류별로 잘 알려주시면 복 받으실겁니다.
754," 소문만 듣던 인천의 맛집중 한곳.. ""오스 베이커리""을 방문 했드랬죠~^^ 주인중한분은 부재중이라... ㅎ 그렇게 인사를 나누고 커피한잔을 주셨..."
755," ""[서울/노원] 입이 쩍벌어진 내가 뽑은 노원구 월계동 석계역 맛집"" -노원조개창고- 최근에 TV방송을 보다가 여름 보양식으로 전복이 나오길래 ..."
756, 한울 1단지에서 가까운 파스타 포장혹은 배달 맛집 있을까요? 집들이 해야하는데 똥손이라 음식 배달하려구요 ㅜㅜ
757, 육아 3개월차 초보맘이에요 육아에 치여서 포장이나 배달음식 먹고싶은데 맛집을 모르겠어서 항상 뭐먹을까 고민입니다 숨겨두신 맛집 있으시면 공유 부탁드릴게요
758, 이영자가 추천한 닭볶음탕 맛집이라고 해서 가평까지 다녀왔는데 개인적으로 왜 맛집인지 모르겠네요... 웨이팅 40분 하고 5명이서 2마리에 볶음밥 먹었는데 15만원...
759, 방송된 맛집 이거든요 사장님이 매우 친절하고 유쾌하기 때문에 맛있게 먹고 기억에 남는 것 같아요... 경주역 맛집 훌륭한 가성비 맛집이라 좋아하고 또먹고 생각나는...
760, 모처럼 엄마와 언니 모시고 단골로 가는 네스트호텔 맛집에서 푸짐하게 먹고 왔어요 입 맛 까다로운 엄마의 입맛을 사로잡아 단골이 되었어요 오늘도 일찍 달려갔어요 네...
761, 아따 여기 맛나네ㅋㅋ 닭발 맛집 접수ㅋ 동네 배달 여기저기 다시켜서 맛집 찾아삼만리 하는중인데 닭발맛집도 찾앗네여ㅋㅋ 맵기도 매운디 맛도잇구ㅋㅋ 뭣도 많고 겉에잇...
762,숨은 커피 맛집 개포동 '글린' 개포동 숨은 커피 맛집 카페 '글린' 분위기도 아늑하고 사장님도 친절하셔서 나만 알고 싶은 곳인데요 ㅋㅋ 커피맛은 말할것도 없구요 ㅋㅋ 통유리로 되어있는 카페 인...
763, 명절 연휴 마지막날은 친구들과 통영 중앙시장에 들려 통영 중앙시장 맛집이라고 불리는... 통영 중앙시장 맛집답게 매장 안에는 방송에도 한번 방영된 적 있는지 사진...
764, 분위기도 좋고 수제맥주가 다 맛나요 샘플러맥주로 먼저주문해서 맛본다음 4가지 다 맛나지만 그중 다크에일흑맥주와 망고맛나는 ipa맥주 추가주문 이집 수제맥주도맛집이...
765, 진짜 너무 맛있어요!!!! 후라이드가 완전 취저 블랙알리오도 맛있는데 후라이드 바삭하면서 뭔가 다른 치킨집이랑 다르게 맛있어요ㅋㅋㅋ 그리고 양도 많구요 ! 제 기...
766, 논현동 점심 맛집 추천좀 해주세요~ 직장인이라 가성비좋은 맛집 위주로 부탁드려용!! 매일매일 회사에서 점심 뭐먹을지 고민하는것도 정말 일이네요ㅠ 이동네 가성비 좋은집은 자꾸 없어지고..점점 맛집이...
767, 수지에 얼큰한 소고기 국밥 맛집 있을까요~? 날씨가 추워지니 국밥이 땡기네요 ㅎㅎ
768, 계단마저 멋짐... 이 곳은 식당 옆에 있는 카페에요 ㅎㅎ 밥머고 딱~ 가서 코피 한잔 하면 최고죠 음식 퀄리티 보이시죠 ? 여친이 정말 좋아합니다 ㅎㅎㅎ 제가 ...
769, 안녕하세요 이번에 가족끼리(3명) 세종 금강자연휴양림에 가는데 주변 맛집정보가 전혀 없는데 혹시 고기쪽 매뉴로 추천해주실만한 맛집이 있을까요?? 외진곳이라 망고플레이트에도 딱히 나오는 정보가...
770, 내입에맛집 입니다~~ 요즘 야채값이 너무 올라... 상추 사놨는데... 생각보다 깻잎하고 상추챙겨 주셔서 맛나게 먹었네요~~~^^ 정이 카페에서 맛집 추천해주셔서...
771, 하남미사지역 맛집 추천 해 주세요~^^
772," 강릉 세인트존스호텔 맛집 찾았다! 지난주 가족들과 함께 강원도에 놀러 갔다가 강릉 세인트존스호텔 맛집에도 방문했어요 물회, 회, 꼬막찜, 회무침 등 다양한 음식들..."
773, 놀러가면 다들 맛집들 찾아서 방문하게되잖아요 그런분들을 위해서 제주 표선 맛집 강해일횟집 알려드릴게요 아는분이 제주도에 갔을 때 현지인분이 추천해주신곳이였다면서 ...
774," 최근에 다녀온 해운대 삼겹살 맛집 입니다. 이 근처는 제가 잘 아는 곳인데, 처음 보는걸 보면 최근에... 1차 술자리 이후에 조금 부족한 듯한 느낌을 채우기에도..."
775, - 상호명 : 산청 맛집 카페산청요 - 내가 먹은 메뉴 이름 : 카페라떼. 패션후르츠에이드 - 가격 : 각 5.5/6.5 - 위치(지도첨부) : - 자세한 설명 ...
776, 김해에 볼일있어서 잠깐갔다가 맛집인식당이 김해에도 생겼다해서 가봤는데 가격도 파스타치고 착하고 맛도 굳이였어요~ㅎ 전 갠적으로 꽃게파스타가 매콤하니 맛났어요~^^...
777, 날씨가 살짝 추워져서 베트남 쌀국수 땡겨서 미에우 다녀왔어여 합정에 있고 어플로 발견해가지고 그때부터 지금까지 쌀국수 최애 맛집인데 소개합니다요 저는 분짜 좋아해...
778, 낼 김해시에서 진영읍으로 친구가 놀러온다고 맛집 배달.. 점심 메뉴 결정 해놔라 하는데. 점심에는 뭐 시켜 먹은적이 거의 없어서 점심 배달 맛집 추천좀 해주세요^^
779, 동탄 맛집 갈매기 월남쌈 평소에도 좋아하는 월남쌈이지만 갈매기 넣고 싸먹는 월남쌈은 더욱 특별했지욤 ^^ 동탄 맛집 내부는 홀도 있지만 룸도 아주 다양하게 갖춰져...
780, 아브뉴프랑에 새로 생긴 에크타르트 맛집 나따오*까 제가 갔을 때는 5종류 밖에 없어서 그냥 종류별로... 그냥 주니까 받아와 저녁에 남편 주려구요ㅋㅋㅋ 내돈내산 ...
781, 파스타 소스들도 진했고 짜지도 않고 적당히 맛났어요 새우필라프도 맛났고 목살스테이크도 사진엔 안보이지만 샐러드 스테이크 소스도 따로 있구요 4가지 모두~~~맛났어...
782, 서초2동으로 배달가능한 한식 배달 맛집 있을까요~~?
783, 어제 친구랑 함께 대구점심맛집으로 소문난 삼대애라는 곳에 다녀왔습니다 얼마전에 오픈했기에... 대구점심맛집은 그렇지가 않았네요 게다가 해산물들도 엄청 신선하더라구...
784," - 상호명 : 간절곶 맛집 바다횟집 - 내가 먹은 메뉴 이름 : 모듬회(소), 성게비빔밥 - 가격 : 모듬회... 울산 사람인데 저희 예랑이 울산 맛집을 모르더라..."
785, 강구항만의 매력이 이런 것이 아닐까라는 생각을 했는데 영덕 대게 맛집에 가기 전에 꼭 들려서... 수조에 있는 걸 보니까 괜히 영덕 대게 맛집라고 하는 게 아니구...
786, 키즈배틀 산모교실을 가기 위해 대구를 다녀왔었어요 ~^^ㅎㅎ 너무 일찍 도착 하는 바람에 산모교실 장소 근처에서 식사를 해야지~ 하고 대구시 맛집을 검색 하다가!...
787, 루지 맛집에서 후다닥 맛있는 한끼를 먹고 왔어요~ 아이들이 크니까 엄마가 좋아하는 음식을 같이 먹을 수 있어 참 좋네요~ ㅎㅎ 통영 동피랑 마을 쪽에 있는 통영 ...
788," - 상호명 : 부산맛집 조방숯불곱창 - 내가 먹은 메뉴 이름 : 숯불곱창, 곱창전골 - 가격 : 곱창구이 1인분 8,000 / 곱창전골 1인분 12,000 - 위..."
789, 용문시장 근처나 도보 10분이내 맛집 찾고있어요 이사온지 얼마안되서 잘모르는데요 몇군데 가보긴했는데 맛집인지는 모르겠어요 좀적어주시면 ㅎㅎ 한번 돌아댕겨보려고요... 부담갖지마시고...
790, 가족들과 바람쐬러 다녀왔어요 여행의 묘미는 뭐니뭐니 해도 맛집 찾아 가는거 아니겠어요? 우리가 찾은 곳은 가평 맛집인데요 40년 유서깊은 막국수 맛집으로 주말에는...
791, 김치찌개 맛집이래요 ㅋㅋㅋㅋㅋㅋ 왠만한 김치찌개집보다 맛있고 양도 많아서 넷이서 밥 두공기 퍼서 나눠먹을 수준의 맞는 양이였어요. 남았다는....... 상호면 대...
792, 개인마다 애정하는 피자맛집 있나요?? 저희집은 항상 변함없이 도@노 피자에요 질리지 않는게 너므너므 맛있어요 탱글탱글 새우도 짱 맛나네요 얼마전 먹은 피자가 생각...
793, 올해 가본 집 중 최고로 꼽을수 있는 한우맛집 미우 입니다. 지인들과만 공유하고픈 집이었는데 이미 입소문 타고 널리 알려지고 있어서 포스팅 합니다. 정육식당 개념...
794," 말고기 맛집 알려드리고싶어요 코스로 정말 푸짐하게 다양하게 맛있는 말고기를... 말고기 맛집 이랍니다 코스는말액기스, 초밥, 사시미, 육회, 타다끼, 스테이크 탕..."
795, - 상호명 : 지역+맛집+상호명 필수!(ex. 청담맛집 소스돈까스) 하동맛집 대가손짜장 - 내가 먹은 메뉴 이름 : 짜장면 짬뽕 짬뽕밥 - 가격 : 짜장면5500...
796," 두 군데다 소개로 다녀왔어요 테이크아웃 우리집 대식가들 많이 먹죠 인정합니다 오늘부터 프리미엄 김밥 맛집 이라고 지칭하렵니다 시계방향으로 ""멍김밥 참치김..."
797, 네이버 찾아봐도 안나오네요? 손지창 김민종 이정재 중 누가 우희진 친오빠인지? 어릴때 한 드라마라 모르는데 오늘 드라맛집에서 나오는데 결말을 안가르쳐주네요.. 혹시 아시는 분 계실까요??ㅎㅎ
798, 가서 먹으면 더 맛있겠지만 코로나도 불안하고 아기도 있고해서ㅠ 무실동 근처는 첨 가보는데 포장해도 지~~~인짜 맛있는 점심 맛집 마구마구 추천 부탁드려요!!
799," 진짜 찐인곳이요 명절 끝나고 가보려는데 초보운전도 가능한 찐 맛집 평거,초전이면 좋겠지만 아니라도 괜춘해요 진주에는 진주엔입니다 http://cafe.naver.com/lgtabbook"
800," 맛집 추천부탁드려요., 인스타 또는 카페글 보니 홍성.내포등등 사진 잘찍고 맛깔스러워보이는데...막상 배고파서 맛집찾으려고 인스타나 카페글 찾아보면 그때 그사진들...못찾겠더라고요..ㅠㅠ..."
801, 풍무역인근쪽이면 더 감사하겠습니다 이사를와서 코로나에 맛집탐방이 어렵네요 ^^ 맛집추천부탁드려요
802, 이천에 꼬맛이라는 꽈배기 맛집이 있거든요 엄청 즐겨먹는 곳인데 오늘 독감대기시간이 길어서 보강천에서 놀고있는데 어떤분이 꽈배기 같이 보이는거를 두봉지를 사셨더라고...
803, 내일이 남의 편님 생일인데 강봉원에 케이크 맛집 있을까요? 추천 마구마구 부탁드려요^^
804, 자주 못가겠다했는데 하..벌써 세번이나 다녀왔네요 42개월딸램 캐릭터 고르는재미 들려서 구름이랑 감모양은 꼭 들고오네요 가정보육으로 지치신 분들 당 충전하고 오세...
805, 경주 해장국 맛집으로 팔우정해장국거리에서 가장 유명한곳입니다. 40년 전통의 원조해장국집이니... 가성비 짱짱 ~ 혜자스러운 경주 해장국 맛집 입니다. 메밀묵해장...
806, 광명내에 스콘맛집있을까요? 스콘이 거의 거기서 거기?일까요? 아주 색다르면서 맛난 스콘 찾아요~~ㅋㅋ
807, 맛집이 하늘도시에 많은거 같네요 공항신도시에 숨은 순대국 맛집 아시는분 계시면 추천좀 부탁드려요 ㅎ
808," ""부산 정관 맛집 완벽했던 기장 조개구이 맛집"" -부산조개창고- 조개구이+셀프조개찜+소고기,돼지고기+20여가지 사이드바까지 전부 무한리필 저번주..."
809, 둘마트 다녀오다가 보니 정육점앞에 줄이 길게 서있네요ㅋ 고기 맛집인지 전단지 행사인지 모르겠네요.
810, 낙지볶음이 너무 먹고 싶어요 맛집 알려주세요
811, 떡볶이 맛집 추천해주세여!!^^
812, 멍때리다가 맛집랭킹은 뭐지? 하고 들어가봤는데 저희가게가 위에서 다섯줄칸에 있어요 그럼 그 카테고리에서 5위라는건가요?
813, 물금에도 보리밥 맛집이 생겼어요???? 각종 쌈 채소에 생선 고기까지! 이 구성이 7천원이라니!! 보리밥 좋아하시는 분들 가보세요^^ 진짜 배 빵빵 두드리면서 나...
814, 계속 때우니 추석음식 갈비찜이 너무땡기네요ㅜㅜㅜ 혹시 송도내 갈비찜맛집아시는데 있을까요? 본가가면 엄마가해주던 정통갈비찜맛이엇으면좋겟어요 찾아보니 다 매운갈비찜 밖에없어서요ㅜㅜ
815, 첨성대 맛집 동양백반 여기 아시나요? 오래된 가정집을 개조한 곳인데 한적한 분위기에 아늑한... 첨성대 맛집 동양백반 ~ 오진 경주에서만 느낄 수 있는 정서를 오...
816, 미아사거리에서 해장할겸 들어갔다가 제대로된 미아사거리 맛집 발견했습니다 ㅋ 전날 너무 과음을 해서 해장하러 그냥 눈에보이는 곳이 들어갔는데 인생 갈비탕집을 만났네...
817, 친구랑 오랜만에 만나서 밥도 먹고 수다도 실컷 떨고 왔는데 괜찮은 경남 사천 맛집이 있다고 해서... 비주얼에서부터 경남 사천 맛집이라는 생각이 팍팍 들 정도로 ...
818, 종류 상관없이 근처에 맛집있을까요~? 가리는거 없어요!입맛도 안까다롭구요ㅎㅎ 제가 인터넷 으로 찾아본곳들은 장가계 사천탕수육 드셔보신분..? 여진족 괜찮나요? 털보 숯불 갈비 괜찮나요? 열린참치는...
819, 이사온지 얼마 안돼서 동네에 뭐가 있는지 아직 잘 몰라요~ 수기마을 근처도 좋고 역 근처도 좋아요 메뉴불문 맛집 추천 좀 해주세요~ ^^
820, 선선해지는 날씨에 가족들과 오랜만에 외식을 여수 현지인들이 자주다닌다는 여수 고기 맛집으로 소문난곳을 다녀왔는데 아주 감칠맛이 쩔어 인상깊어 소개해드리려해요 번화...
821, 감자탕 맛집 (우리지감자탕)이네요 코로나19때문에 식당을못가서 하나로마트에서 뼈사다가 (감자탕)맹글었어요~~ 아이들이 맛있다고 엄지 척!해주니 좋네요^^ 아래사진...
822, 신라호텔 맛집 해송수산물회센타 클라스 알고 계신분들은 잘 알고 계실텐데요 2018년도 제주도 횟집... 신라호텔 맛집 해송수산물회센타 찾아오시는 분들이 많았는데요...
823, 최근에는 율동공원에도 다녀왔어요 ㅎㅎ 율동공원 들렸다가 맛있는 율동공원 맛집이 있을까 싶어 검색하고 찾은 곳은 서현 울진후포항입니다. 율동공원 맛집인 울진후포항은...
824, 1초의 망설임도 없이 제주 표선 맛집이라고 대답할거에요. 왜 사람들이 제주도가면 흑돼지는 꼭 먹어보라고 하는지 그 이유를 알게 해준 곳이였어요. 흑돼지하면 손꼽히...
825, 집근처에 맛집으로 먹어보고 블로그에 내돈내산으로 글올려 드렸어요 저도 자영업을 하니 도움이 될까 싶어서 한 일인데 흠...!!! 체험단 이런거 아니구요 체험단 해본적없이 정말 제가 겪은거 맛본거 써서...
826," 선물할 곳이 있어서, 닭강정 맛집 추천부탁드려요^^ 혹시 닭강정외에 애들간식용 추천도 좋아요^^"
827," 성정동 맛집이라고 지인분이 알려줬던 화로담이라는 곳이 생각나서 다녀 왔어요 일단 고기 퀄리티가 아주 좋다고 극찬하시길래, 잔뜩 기대에 부풀어서 방문하게 됐어요 여..."
828, 나드리랑 아테네 말고 혹시 시내에 맛집 있나요^^
829, 군산에서 가장 맛있는 게장을 맛볼 수 있는 군산 맛집 계곡가든 군산에서 모르면 군산 사람이... 군산 맛집이에요 블루리본서베이라고 전국에 맛집을 소개하는 맛집 가...
830, 지난주부터 바삭 닭강정이 너무 먹고싶은데 배달 맛집 어디일까요?
831," 우연히 들렀던 제주 월정리 맛집 출장길에 역시나 즐거움은 식도락 여행이죠. 점심을 뭐 먹을까 제주 월정리 맛집 검색했다가, 그 유명하다는 대왕해물짬뽕 집 가게 되..."
832, 배달말고 친구랑 식당가서 먹을까한데 위례 짬뽕 맛집이 어디인가요?
833, 떡볶이 좋아하시나요?? 울 동네에 떡볶이 맛집 있으면 추천 좀 해주세요 ㅠㅠ 시장 떡볶이도 좋구 배민 떡볶이도 좋아요 밀떡도 좋아하긴 하는데 엽떡은 너무 자극적이라 ㅠㅠ 빼구요! !
834, 송탄 맛집 중독성 강한 맛 오랜만에 친구를 만나 방문한 중독성 강한 송탄 맛집이 있어 소개드릴게요 : ) 송탄에 이만한 고기집이 또 어디있나 싶을겁니다 ㅎㅎ 저희...
835," 아참 , 신원동 동네 배달 맛집 아시면 추천 해주세요~ 어제 비** 치킨 먹었는데체인점만 도전하고 있어서 동네 배달 맛집 추천도부탁드려용 ~~^^ 여기는 신원동 입니당!"
836," 안녕하세요~^^ 섭지코지,성산 일출봉,광치기 해변 근처에 맛집 추천 부탁드립니다~^^ 가족여행 입니다 (부부,초3아들) 회,고기,갈치조림 모두 좋습니다~ 감사합니다~^^"
837, 여기앙버터 맛집인가봐요 대박이에요 버터 두툼한거보세요 빵도 적당히 쫄깃하고 씹히는것도있어서 대만족!!!! 앙버터 먹으러 와야겠어요 쪼코쪼코한 크롸쌍~ 원래 까페서...
838, 떡볶이 엄청 좋아하는데요 ~ 배달맛집 추천좀 해주세요 !!!
839," 오랜만에 아기 맡겨두고 친구들이랑 대구맛집을 갔지요^^ 대구에는 중비 맛집이 몇 곳 있는데, 젤 가까운 곳으로 갔습니다.ㅎ 오래된 맛집, 줄서야 먹을 수 있는 맛..."
840, 서귀포 올레시장 맛집중에 기억하셨다가 들려보세요. 분위기도 좋고 신선한 재료들로 만족스럽게 먹고 왔습니다. 우연하게 들린곳이었는데 이미 맛집이었더라구요. 이럴때 ...
841, 곧 친정엄마 생신이라 모시고 다녀올까하는데.. 아이들먹을수있는 음식도 좀 있으면 좋겠고..조용히 식사할수있는 킹크랩맛집 근처에 있을까요
842, 밥하기 싫어요~~~~~런치맛집좀알려주세요~~~ 굶고있어요 쓰러질꺼같아요~~~
843, 현지인 맛집 돼지갈비가 너무 먹고 싶은 거에요 신랑한테 먹고 싶다고 말했더니 자기도 먹고 싶다고 그래서 조용할 시간에 맞춰서 먹으러 갔어요 강릉에서 현지인들이 많...
844, 신랑이가 고르곤졸라가 먹고싶으시데요 전 워낙 빵종류 안좋아해서.. 뭐 사올만한곳이나 기왕이면 배달가능한 맛집있을까요... 피자집이면 다 팔긴하겠지만 아..너무 먹기싫다..근데 밥하긴 더 귀찮으니께. .
845, 어제는 4주년 결혼기념일 내일은 남편생일을 기념하여 행나님들이 소개해주신 맛집을 다녀왔어요~~ 바로 마산브루펍!! 이 시국에 외식? 미친거아냐? 하시는분들 계시다...
846, 오늘도 방배동 맛집 하나 쓱 추천하구 가요 ㅎㅎㅎㅎ 서래마을에 브런치카페 워낙 많지만 제가 자주가는 곳은 바로 여기!! 37.5 입니당 ㅎㅎㅎㅎㅎ 너무 좋아하는 ...
847, 이미 일대 사람들도 제주 김녕 맛집이라고 알고 있어서 많이들 가고 있기때문에 믿고 먹을 수가 있을... 김녕 맛집에서만 맛볼 수 있겠구나! 했어요. 노릇하니 구워...
848, 제주 카페 뷰 맛집을 찾았어요 유난히 맑은 하늘에 기분이 좋아서 제주 카페 핫플레이스인 바다뷰가... 새로 오픈한 카페지만 SNS에는 뷰 맛집으로 이미 유명하더라...
849, 비는 안오는데 전이 너무 먹고싶어요~ 김치전 녹두전 감자전 맛집 찾습니다~
850, 시내 맛집 강릉에 장칼국수가 유명한데 그중에서도 강릉 시내 맛집이 국물이 끝내준다고 하더라고요 저희가 아침을 안 먹고 출발했는데 아침 10시부터 영업한대서 아점겸...
851, 성동구에 이사온지 얼마 안되서 맛집을 블로그로만 보고잇는데 아버님이 오시는데 맛집을 어디로 데리고 가면 좋을지.. 추천부탁드려요 ! ㅎ
852, 제주도가면 무조건 먹어야 하는 필수코스는 제주도 흑돼지 먹어야 하는 서귀포 올레시장 흑돼지 맛집... 이러니 서귀포 올레시장 흑돼지 맛집이 제주도 흑돼지집 중 정...
853, 부산 사직동 갔다가 근처에 마침 돼지국밥맛집 박가동이 보이길래 가봤어요. 사람들이 많아서 맛집인가보다 했는데 알아보니까 박가동은 인스타인기페이지 부산플래닛에 부산...
854, 단양 구경시장 에서 걸어서 가까운거리라 구경시장 쓱~~~ 둘러보고 단양 구경시장 맛집 이라 불리는... 계속 단양 구경시장 맛집 찾으러 돌아다니다보니 살짝 더워서...
855, 미금역 라볶이 맛집 디델리 추천드려요! 지금은 애기 엄마가 됐지만 고등학생때부터 가던 단골집이에요 ㅎㅎ 치즈그라탕에 참치김밥 조합 추천드립니다!!
856," 원픽 ㅎㅎㅎ 즐겨 찾는 삼겹살집은 어디세요??? 저는 마약생고기밖에 안가서 삼겹살집은 알 못이에요,,,,,,,,,,,, 맛집 궁금해요 ^^"
857, 합정동쪽에 맛집추천 부탁해주세요
858, 스콘 찐맛집으로 알려진 중흥동 크눌프 커피앤베이크에 다녀왔어요 :) 소문대로 베이커리 종류가 엄청나더라고요!! 크눌프커피앤베이크는 입구맛집으로도 알려져셔 카페 앞...
859, 와플 맛집 추천해주세요^^
860," 먹는거 너무 좋아해요~~ 분당 최고맛집, 나만알고싶은 맛집 추천해주세요 그리고 자주애용하는 백화점도 알려주세요~~!!"
861, 쭈꾸미 맛집이라는 정보를 입수하고 고고고~~ 일단 침샘 자극하는 비쥬얼 합격!! 쭈꾸미 한입 입에... 쭈꾸미 맛집 인정!!! 글 쓰면서 쭈꾸미 생각하니까 또 입...
862, 송도 맛집으로 특상점이 있길래 주말에 갔다왔습니다. 자 아래는~~ *참고링크* 은평구가 본점인것같고... 오늘 인천 송도 맛집으로 소개할 지점은 특상점이구요~ 영...
863, 부자곱도리 곱창이랑 닭 이 만남 !! 육수 찐하고 얼큰하고 여튼 먹을때 마다 맛나용~~ 맛집이 많아 이제 닭볶음탕도 배달로 먹네요 조쿠로 ~~ㅎㅎㅎ
864, 제주도까지 갔으니 안먹어 볼 수가 없었구요 안먹었었다면 후회하지 않았을까… ㅎㅎ 제주 세화 맛집인 곳!! 저도 다녀왔습니당 ^^ 제주시에서 다섯손에 들 정도로 핫...
865, 레일바이크 타고 한군데 더 들리고 싶은데 마땅한곳이 없네요ㅜㅠ 쁘티프랑스는 아들들도 좋아할지 모르겠구요^^;; 조언 부탁드릴께요~ 맛집도 추천해주셔요~ 미리 감사합니다^-^
866, 칼국수랑 고등어두부구이? 그 두집 말고 다른곳 또 없나요? 꼭 굴운 아니여도 화촌에 맛집 궁금해요
867," 정말 전혀모르고 생각도없이 들어갔는데 대박맛집이였나봐요ㅎㅎ 사람이 계속 들어오더라구요~ 안성 궁중해물탕 집에서 시킨 전복뚝배기♡ 전복뚝배기 13,000원 배고파서..."
868, 생일인 딸램 닭발 드시고 싶으시답니다. 닭발 맛집 알려주세요~ 오늘 저녁은 육회모듬이랑 닭발로 가려 합니다 ㅎ
869, 송도 소고기 맛집 1.3프로만 나오는 귀한부위 한우짝갈비를 먹고 왔습니다. 귀한 부위는 귀한 사람들과 함께 하면 더욱 좋겠죠? 송도 소고기 맛집 내부로 들어오면 ...
870, 김치만두 맛집 아시는분 계실까요.. 안성이면 더 좋고!! 평택이면 일요일에도 오픈하는곳으로 부탁드릴게요! 일요일에 열면 이번주에 갈수있는데 아니면 담주 금요일 병원갈때나 갈수있어서ㅠㅠ
871, 상수 맛집 요즘 같을 때 제격이다 요즘 어디나가서 외식하기도 쉽지 않네요. 코로나도 무섭지만 경제적으로도 어려워지는게 부담되요 ㅜㅜ 소고기는 언감생신 생각도 못했...
872, 맛집 있나요? 다 맛이 그닥... ㅜㅜㅜ행신 이사와서 마땅한데가 없어 괴롭네요
873, 카메라어플 맛집 스노!우!ㅋㅋㅋㅋㅋ
874, 갑자기 파스타가 급 땡기는데 해먹기는 귀찮고.. 배달되는 맛집 있을까요??
875, 밤도깨비에 방영 되었던 평창 맛집을 보구선 나도 꼭 가야겠다고 메모해 두었던 미락식당 이예요!... 평창 맛집은 손맛도 당연 좋습니다! ^^ 기본으로 인기좋은 메...
876, ㅠㅠ 위례 와플 맛집이나 냉동생지 에프에 해먹을만한 맛난 브랜드 있음 추천 부탁드려요... 빵순이는 이번 명절에도 빵만 잔뜩 쟁겨놓으렵니다 ㅎㅎ 이런 어린이 입맛은 사십이 가까워져도 안바뀌내요;;...
877, 낼 보문사 산책겸 바람쐬러 다녀올려구요 강화도 맛집 추천부탁드려요~~~^^
878, 여수 갓김치 맛집 궁금해요 직접 가게가서 사들고 가신다네용 혹시나 택배도 가능하면 좋구요 돌산까지 들어가지 않구 여수시내 근처나 있을까요!
879, 사려니숲 맛집이였어요 코로나 때문에 여행도 조심스러운데요 손소독제로 개인의 위생을 챙길 수있게 제주 사려니숲길 맛집 준비되어 있었어요 실내가 엄청 넓었거든요 주차...
880, 청라 맛집 제주아방 가서 오겹살도 먹었더니 기분이 상당히 좋아졌지욤 ^^ 고기가 또 이렇게 사람 기분 다르게 만드나 몰라 ㅋㅋㅋ 제가 또 좀 단순해요!!! 종로명...
881, 에그x랍이나 에그x런트는 위례에 안들어오려나요 ㅠㅠㅠ 맛있었는데 아침부터 토스트가 땡기는데 연곳도 없더라구요 위례맘분들 혹시 주변에 알고 계시는 토스트 맛집 있으면 추천해주세요!
882, 한번도 안먹어봣는데 요즘들어 무척궁금해지고있어여 ㅎ 배달되는 맛집 추천해주세요 ^^
883," 오늘 저녁에 친구가 놀러오기로 했는데, 보쌈을 시켜먹으려구해용ㅎㅎ 근데 저희는 거의 족발을 주로 먹어서 보쌈맛집은 아는곳이 없네요ㅠ 지역은 정자동인데, 혹시 맘님들이 픽해주시는 보쌈맛집..."
884, [양산대표맛집 육전국밥 물금점] 경남 양산시 물금읍 버들길 25-12 ☎055-372-0060 찿아 주시는 고객님 감사합니다. 더욱 열심히 하겠습니다. -고맙습니...
885, 네이버 검색하다 지쳐서 영맘에 여쭤봐요...ㅠㅠ 현지인 맛집 궁금합니다~~~!!!! 친구랑 가는거라 편하고 맛있으면 돼요! 삼계탕이랑 양식쪽은 빼고요... 유명한데라고 해서 갔다가 정말 별로였어요;;ㅠㅠ
886, 1층에 햄버거맛집 다운타우너도 있고~ 도넛가게는 2층이에요! 다만 주차가 너무 불편해요ㅠ 압구정은 그래도 발렛이 있어 편하긴 했는데.. 송리단길은 주차하기가 넘 ...
887, 이번 서울 마포구에서 상암동지역경제활성화를 위해 만든 맛집지도 ‘거슐랭 가이드’라고 하네요~ 맛집 참고하라고 올립니다^^ 참!! 올리고 보니 이 시국에 가게가서 ...
888, 다~^^ ※붉은제플린 사장 잘생김(예전 단골집ㅋ) 기본 에피타이저~ 등갈비 나오기 전에 소주 먹기 딱 좋음~^^ 떡볶이~ 묵사발~ 물은 헛개물~~ 본 게임 시작~...
889," 지인에게 추천해줘야 하는데 돼지고기만 먹으러 다녀서 소고기 맛집은 잘 모르겠어요ㅜㅜ 일단은 한우, 수입 상관 없는데 너무 시끄럽지 않고 맛이 좋았으면 합니다! 여러분의 소고기 맛집은 어디인가요?..."
890, 노원구 강북구 다 좋습니다. 추어탕 맛집좀 알려주세요 포장해올려구요 70대 이상 어르신들이 드실거에요 어르신 입맛에 맞는 추어탕집 있을까요?
891, 칼국수랑 해물파전 먹고싶은대 맛집좀 알려주세용 생전안먹던 칼국수가 엄청 땡기네요;
892, 꼭 동구 아니더라도 로컬들만 주변 맛집 좀 알려주세요 :)
893," 배달을 많이 시켜먹게 되는 요즘인데 ... 이 동네는 그냥 시켯다하면 맛집이네요??? 넘나 행복해요 ~~~~^^ 이때까지 먹엇던 족발, 탕수육, 치킨, 찜닭 모두..."
894, 해산물을 진짜 좋아하다보니 맘껏 먹고 싶을 때 즐겨 찾는 곳이 거제 벨버디어 맛집이에요 거제 벨버디어 맛집은요 거제도에서 해물요리로는 현지인분들에게도 인정 받을 ...
895, 코로나 때문에 매번 집에만 있다 보니 우울증이 올 것 같아 지인 언니에게 구출해달라고 했더니 방역 잘하고 대접받는 느낌을 받을 수 있는 맛집이라고 데리고 가준 더...
896, 닭발 맛집알려주세요~ 뼈있는거 숯불닭발 너무 먹고싶은데 어디가 맛있을까요? 그리고 매운거 잘먹는데 양념 매웠으면 좋겠어요 스트레스가 확풀릴만큼 호매실 배달맛집 추천해주세요
897, 오늘따라 에그타르트에 맛있는 커피가 생각나네요~ 맛집 아시는분~~ 정보부탁해요!!!!
898, 깔끔하고 맛있는 성수동 맛집 타논55 성수점 요즘 날씨가 추워져서 그런지 샤브샤브 같은게... 샤브샤브 맛집은 성수동 맛집인 타논55 성수점인데요. 한국스타일과 ...
899, 그냥 다 맛나용ㅋㅋ 옆에두면 계속 집어먹게되는 단점이ㅠ 앞으로 먹어볼 빵 및 디저트 맛집이 한가득인데ㅠㅠ진짜 어떻게 자제할지 걱정이지만 하나하나 천천히...맛보고...
900, 장어맛집 추천해주세여^^
901, 추석이라 많이 안하실것같은데 혹시 오늘영업하는 맛집추천해주세요
902,"[부산 해운대구 맛집] ""수영김밥"" 간단한 말 [우동][ 역맛살 - L2 벡스코역6번 ] 메뉴판만 봐서는 맛집인지 구분할 능력은 없고요 가격 저렴하고 다양한 면들도 파시네요. 차에서 먹기 좋은건 역시 김밥만한게 별로 없네요. '일반' 먼저 열었고요 일..."
903," 혹시 스사사 회원님들의 숨은 김치맛집 알 수 있을까 하여 글 남겨봅니다~ 가격은 조금 나가도 재료... 김치맛집들 공유해주셔서 정말 감사합니다~ 추천이 많있던 조선호텔, 학가산, 도미솔, 농협 김치..."
904, 아이랑 지산동 가는데.. 거리도 있고..간김에 맛집 들르고 싶어서요~
905, 갑자기 뜬금없이 추어탕이 먹고 싶네요 교하 운정 근처 추어탕 맛집 추천좀 해주세요 포장해서 먹을래요
906, 천일애님 덕에 이런 맛집도 찾아오고 좋은 주말 이였습니다!!! 감사합니다 천일애님!!! 그냥 헤어지기 아쉬우니 커피한잔 하고 수다를 즐기고 남자분들은 내일의 일조...
907," 닭강정 먹고싶은데,,, 맛집 있나요?? 검색에도 나오는게 거의 없네요 ㅠ"
908," 설렁탕 맛집이 있을까요? =================================================================== ☆ 새싹 활동시 주의사항 ☆ 1. 하루 게시글수 3개 제한, 초과게시글은 무통보삭제 2. 본문내용은 100자이상 길게 써주시고..."
909, 울동네 맛집 다녀왔어요. 웨이팅 하는 맛집이 집근처에 좀 있거든요. 오늘도 좀만 늦었으면 웨이팅 했겠어요.
910, 동삭동으로 이사왔어요~~ 맛집과 배달맛집 추천 부탁드립니다~~ 배민시키다보니 몇군데는 배달 안된다고 결제후 취소되더라고요ㅜㅠ 감사합니다~♡ 다양한 메뉴 부탁드립니다~~
911, 안녕하세요 비산동 거주 중인데요 어머님이 수술 앞두고 있어서 염소탕 이나 전골을 사드릴까해요 포장 가능한 맛집으로 추천부탁드려요 ^^
912, 멘보샤를 살면서 먹어본적이 없어요ㅎ.ㅎ 하도 핫하다고 해서 먹어보려는데 이왕이면 맛집가자!!! 해서 네*버님 도움받아 찾아갔습니다. 이름은 화청궁이구요. 대구 지...
913, 강남토박이 친구들이 송도에 놀러옵니다..ㅎㅎ 그래도 송도 번화가 보여주면서 핫한 맛집 데려가고 싶은데 보통 친구들 송도 놀러오면 어디로 가시나요??
914, 닭볶음탕과 파스타 맛있는 안양일번가 맛집 안녕하세요~ 다들 건강하시나요? 오늘은 오랜만에 휴가 받은 남친이랑 갔던 닭볶음탕 맛집을 소개하려 합니다. 안양일번가 근...
915, 딱히 맛있는집도 모르겟고 먹는거에비해 5-6만원 나오는것도 쬐꿈 아깝긴해요 ㅋㅋㅋ 아가도 잘안먹어도 커피숍생각해서 1인1메뉴 시킨다는;;;브런치 맛집 어딜가야 할까요??이상 국밥좋아하는 아내였습니다
916, 평소 가족들과 즐겨 찾는 춘천 맛집 재궁골토종닭 으로 go~go~ 춘천 맛집 재궁골토종닭은 오랫동안 운영되고 있는 능이백숙맛집으로 유명한 곳인데요. 항상 좋은 재...
917, 매번 물어보기만 하고 해서 용산 우리동네근처 맛집 3군데 소개해볼께요. 1.도동집 여긴 후암3거리... ^^ 위3곳은 나름 우리동네 핫플맛집 3군데이고요..평가는 완전 제 주관적인 판단으로 썼으니 편하게...
918, 통영의 맛집 아시는곳 있으면 소개해주세요... ☆ 상호는 조그만 검색해보시면 알수있습니다. ☆ 쪽지문의 ㅡ> 정중히 사양합니다. 맛있는 음식 = 행복 입니다...
919, #몬스터떡볶이 # 요즘 신상 홍대 즉석 떡볶이맛집# 백만년만에 외출이자 올만에 만나는 내띵구 하지니... 떡볶이 맛은 춘장과 고추장의 절묘한 조화 진짜 즉석떡볶이...
920, 이천에 꼬맛 이라고 찹쌀꽈배기 맛집이 있답니다 ㅠㅠ진짜 쫀득함이 최고에요..가격은 또 얼마나... 바쁠때는 30분~1시간정도 기다려야하거든요 ㅜㅜ 제가 진짜 좋아...
921, 관광객들만 상대하는 소문난 맛집?들 피해야 해요 이 집은 도민들이 대부분이더라구요 천원 더 싼데 몸국도 나와요 고등어구이쌈밥.제육볶음.몸국 12.000원 조천읍에...
922, 부모님이랑 같이 갔던 속초 엄마가 특히 해물찜이나 아구찜 같은 찜 메뉴를 좋아하셔서 속초 현지인 맛집 가서 먹고왔어요 ! 방송에도 소개된 맛집이어서 의심하지 않고...
923, 미사에 찹쌀탕수육이 아닌 그냥 일반 탕수육 맛집 있을까요? 신랑이 찹쌀탕수육은 절대 싫다고 맛있는 탕수육 시켜달라고 달달 볶아대요.. 꼭 미사 아니어도 근처 맛있게 드셨던 곳 있으면 추천부탁드립니다..
924, 포장하면 볶음밥 안되는게 아쉽지만 그래두 포장 해와서 먹을 수 있는게 어디냐며ㅠㅠ 아직은 우리 신도시에 맛있는 배달 맛집이 그리 많이 없는 것 같아서 슬퍼여......
925, 안녕하세요 서식지는 언양이지만 언양 맛집은 잘몰라서 늘 다른회원님글보고 갔었는데 오늘은... 버블티맛집이였어요 맛에한번반하고 친절함에 두번반하실거에요^^♡ 배민에...
926," 간짜장 ㅡ 회암반점: 간짜장 맛집, 짬뽕도 죽여줌 9. 소고기 ㅡ 엄상마을 공원소갈비살: 생꽃살추천(150g,2만원) 죽여줍니다. 차돌도 괜찮아요. 밑반찬, 된장찌개, 맛있어요 저만의 맛집입니다. 혹시 입에..."
927, 찬바람부니 친정식구들이 골골골... 근처 장어맛집 추천해주세요~~^^
928, 먹었던 음식들중에 이 노라바라는 라면집 해물라면이 제일 생각나요! 웨이팅 있을만큼 맛집인데 아침 일찍부터 가서 먹었습니다 줄서서 먹을만해요~~ 재료도 싱싱하고 양...
929, 오늘 갑자기 남편연차써서 경주 갈려고하는데 함양집 갈랬더니 휴무네요ㅜ 다른 맛집 뭐가있을까요?
930, 오늘 딸아이 생일인데 당근케이크가 먹고 싶다네요 투썸을 생각했는데 진해 자은점은 없는지 배민 메뉴에 없더라구요 좀이따 가볼꺼지만 혹시나 하는 마음에 당근케이크 맛집좀 추천 부탁드려요^^
931, 사장님 성격이 너무 유쾌하시고 친절하셨던 서귀포 현지인 맛집 남정네들포장마차 생각나네요... 현지인 맛집 이랍니다 깔끔한 분위기에 위생관리도 잘되어 있었고 보시는...
932, 이번 추석은 어디 안가고 조용히 지내고 있네요. 이사온지 한 달.. 맛집투어도 못다니고 집콕했어요~ 베이커리 좀 추천 부탁드리옵니다~♡
933, ㅠㅠ 잠도 잘 못자고 컨디션이 영~~ 갑자기 얼큰하고 뜨끈한 곱창전골이 땡기는데 시흥으로 이사온 후 한번도 먹어본적이 없어서 시맘수에 맛집 추천 받아보려구요~~^^
934, 강릉 맛집으로 찾은 강릉 3대횟집^^ 아주 그냥 바다뷰까지 멋져 부려서 울가족들 정말 좋아하는 식당이네요 ㅎㅎ 부모님 생신이나 특별한 날에도 강릉 맛집을 찾아요^...
935, 세화리의 아름다운 해변가에 세화바다 보고 다녀오기에 좋은 제주 월정해변 맛집인 만물식당은 진정 제주의 맛집투어 1번지랍니다. 깔끔하고 정감넘치는 인테리어에 어머니...
936, 바람의언덕 맛집 현지분들이 정말 맛있다고 인정하는 곳이라 애들이랑 가보고 음식맛에 반한 듯 자주 가게 되었는데요 ㅎㅎ 거제도 바람의언덕 맛집의 모든 메뉴가 다 맛...
937, 있어요^^ 건강한 재료 신선한 먹거리로 다가갑니다. 진주샐러드맛집^^논개샐러드도시락~ #진주맛집 #진주샐러드배달#다이어트#진주도시락#상평동맛집#진주맛있는도시락#진...
938, 쌀국수 같은 베트남 음식 맛집 알려주세용~!!
939, 광진구 자양동 근처 맛집 추천부탁드려요^^
940, 주변 맛집 중에 공항에서 가장 가깝고 든든하게 챙겨 먹을 수 있는 밥집을 찾다 보니 포동정식... 주변 맛집 찾으시는 분들이 계시다면 공항에서 매우 가깝고 가성비...
941, 한다거나 맛집 다운 맛집을 가본적이 없어요 가봐야 회사 구내식당 정도? 였던것 같네요 ㅎㅎ 그러다 이번에 다녀온 출장에서는 맛있는 경주 현지인 맛집을 소개시켜준다...
942, 불국사 맛집 알아보았답니다 우린 좀 한정식 스러우면서도 맛도 있고 별미스러운 메뉴 찾다 부산식당... 불국사 맛집 에서 필수 주문 메뉴요 ㅋ 소고기도 좀 먹이고 ...
943, 용인 맛집 얼큰한 맛이 매력! 비가 추적추적 왔던 날 갔었는데 맛이 잊혀지지가 않아서 생각 난 김에 추천해 보려고 해요~ㅎㅎ 바로 용인 맛집으로 유명한 용인 뽕사...
944," 살짝 실망하다가, 참, 여기 카레 맛집이지? 사태를 파악하고 정신을 차립니다. 먹다보니 술이 땡기긴... 이정도 짬뽕을 먹어보니 맛집 짬뽕의 퀄러티가 얼마나 대단..."
945," 이게 뭔일이에요 매일오고싶게❤ 저는 한식파인줄알았는데,아니였어 진심.. 다맛있어요 다.. 브런치 맛집에 온것같아요 원피스입고와서.. 배터지게먹고갈것같습니다. 저오..."
946, 회사 때문에 외근을 많이 하는데요 저희가 외근을 가는 장소가 영종도거든요 영종도만 가면 점심식사는 꼭 용유도 맛집에서 해요 한상 가득한 상차림이 진짜 기가 막히거...
947, 제주도 에서 빼놓을 수 없는 흑돼지 집 접수 하고 왔어요 천지연폭포 맛집이었답니다 여기는 4시부터... 천지연폭포 맛집 바가지 없이 알차게 먹기 가능 이었고요 !...
948, 문정동 맛집 친구들과 반한 술집이에요! 분위기도 분위기만 여기 안주 맛에 홀릭되어서 완전... 문정동 맛집 아카시가 보여요! 문정동 맛집 안으로 들어왔습니다. 가...
949, 맛집을 못찾겠네요ㅠ 외관상 이쁘면 더욱 좋을거 같은데..인터넷은 전부 광고뿐인거 같구;;; 혹시 맘님들 드셔보신것 중에 포장 잘되고 택배되는 디저트 맛집 아시면 소개좀 부탁드려요 ~~!!!
950, 월요일에 죽전신세계나 죽전이마트 쪽 갈 일있는데 시간이 붕 떠서 혼밥해야하는데 혼밥할만한 맛집 있으면 추천해주세요 메뉴는...아무거나 다 잘먹어서 종류 상관없어요~
951," 오산 세교에서 돈까스 맛집으로 유명한 ""야미얌"" 내부식사가능, 포장가능, 배달가능 영업시간 11:30... 좋아요 세마역 맛집 세교동 맛집 야미..."
952," 천안 출장갔다가 우연히 들렸는데..뷰맛집,음료맛집,디저트 맛집이었어요ㅎㅎ 크로와상으로만든 디저트는 크로와상 생지를 쓴것같긴 하지만 그래도 맛있었어요^^"
953, 맛집 상호 : 연어식당 맛집 위치 : (간단하게)잠실나루 추천 메뉴 :사케동(곱빼기) 추천 이유 : 여기는 연어 좋아하시는분이라면 꼭 한번 드셔보셨음 좋겠어요!!...
954, 제가 가본 곳은 바로 제주도 가성비 맛집으로 유명한 제주삼다장이라는 곳인데요. 여기는 음식도 맛이... 제주도 가성비 맛집은 밑반찬도 정성이 가득했어요. 그래서인...
955, 북구 맛집은 칼국수와 삼계탕을 같이 먹을 수 있어서 가족 모두 좋아한답니다. 부모님도 좋아하고 아이들도 좋아하고 잘 먹는 대구 북구 맛집 삼계칼국수는 5가지가 넘...
956," 이번에 부모님 모시고, 부산 나들이 가려고 하는데 가보셨던 맛집 중 최고 1개 씩만 추천부탁드려요~ 음식은 상관 없습니다^^ 꼭 부모님이 좋아하실만한 음식 아니어도 되요~"
957, 엑스포역 맛집 최고였어요 여수엑스포역 정문 바로앞에 위치해있는 여수 엑스포역 맛집 이였어요 엑스포역 정문에서 도보로 2분이면 방문할수 있는 곳이구요 여수 현지인들...
958, 애들이 치킨 먹고 싶다는데 양념치킨이 먹고 싶다고 하네요. 너무 맵지 않는 양념치킨 맛집이 어디일까요? 후라이드도 맛있으면 좋겠어요. 반반을 시켜야돼서...
959, 문정동 맛집 가성비 좋은 런치특선 쵝오에요! 개인적으로 이 구성이 너무 맘에 들었습니다. 문정동 맛집 아카시 가서 런치특선 먹고 왔는데 만원의 즐길 수 있는 메뉴...
960," 그 곳에 가면 꼭 들렸다 오는 주왕산 맛집 이곳 또한 정말 맛있는 음식, 건강한 음식으로 힐링하기... 고속도로 출입구에서 2분 거리에 위치해 있는 주왕산 맛집이..."
961," 가족들과 함께 푸짐하게 먹을 수 있는 거제 소노캄 맛집 살아있는해물천국 추천해요~~ 이곳은... 소노캄 맛집 살아있는해물천국 전복삼합은 전복, 키조개, 차돌박이를..."
962," 청평 맛집, 우리숯불갈비에 대해 소개해드리고 싶어서 이렇게 글 쓰게 되었어요~ ^^ 가게 주변으로... ㅎㅎㅎ 워낙 양념이 맛있는 양념갈비 전문점이라 수십년의 노..."
963," ㅋ [맛집 정복 게시판 이용 규칙] · 맛집 정복 게시판 안내 및 이용규칙 - 줌마렐라 회원님들에게 음식점, 카페에 대한 소개와 정보공유를 목적으로 생성된 게시판..."
964, 남편이 내일 생일인데 케이크맛집 추천해주세요~~ 파리빵집을 가면 아이가 뽀로로케익을 고를거같고.. ㅎㅎ 맛있고 건강한 케이크파는곳이 있을까요?? 어른생일이나 아이먼저 생각하게 되네요 ㅎㅎ 샘말초...
965, 쏠비치 맛집! 저희가 쉬었던 쏠비치에서 걸어서 5분 거리에 있어서 무작정 들어간 곳이었거든요. 근데... 쏠비치 맛집 추천메뉴인 알로랍스타 플레이트 세트를 주문했...
966, 크로플맛집 갔는데 진짜 개쩔! ㅎㅎㅎㅎ진짜 존맛탱이에요 ㅎㅎ크로플의 거의 원조래요 연남동에 있는 카페가 크로플에 완전 빠져버렸어요 요즘~
967, 추천받은 맛집...석쇠불고기 국수집 다녀 왓는데..... 하.. ㅠㅠ양이 진짜 많고.... 고기 간이 다른데랑... 추첨해쥬신 맘님 ㅠㅠ 너무 감사해요 ㅎㅎㅎ 제...
968, - 상호명 : 지역+맛집+상호명 필수!(ex. 청담맛집 소스돈까스) 울산 맛집 정자항산오징어 - 내가 먹은 메뉴 이름 : 오징어회/오징어회찜 반반/소주 - 가격 ...
969, 생생정보통에도 소개 될 만큼 유명한 단양맛집추천집 단양 3대 맛집으로 입소문 자자한 곳이라 단양 가게 되면 무조건 들려서 꼭 식사하는 곳인데요 ㅎㅎ 사장님도 친절...
970, 일광 맛집 전산가든 있었어요 주차장도 잘되어 있고 본관이랑 별관이 따로 있었거든요 단체가... 일광 맛집 이였어요 음식이 정말 푸짐했거든요 그리고 저희는 조금 매...
971," 전에 갔던 제주도여행 중에 관광코스로 딱 좋았던 카멜리아힐 맛집 꺼멍연탄구이 추천드려요... 제주도 하면 흑돼지고기가 생각나듯, 저희 가족은 카멜리아힐 맛집 꺼멍..."
972, 화개장터 맛집 장터보리밥 들렸는데 음식맛이 신세계 였답니다 인스턴트로 연명하던 나에게 집밥... 화개장터 맛집 중 가성비로 따지면 장터보리밥 못따라 올 듯 알찼고...
973, 하남2지구 삼겹살 맛집 여기에요~^^ 서울사는 친구가 오랜만에 친정왔다가 얼굴 잠깐 보자는데 그냥... 언니가 맛집이라고 해서 같이 왔었는데 연탄구이집 특유에 냄...
974," 부모님 몸보신 시켜드리고 싶을 때 찾는 법성포 맛집 추천 산새가든 부모님 모시고 오기에도 좋고요, 회식장소나 모임 갖기에도 좋은 곳답게 법성포 맛집 추천 많이 하..."
975," - 상호명 : 갈현동 맛집 햇살머무는식탁 - 내가 먹은 메뉴 이름 : 모듬카츠, 로스카츠 - 가격 : 18,500원 - 위치(지도첨부) : 캡처사진X / 지도 첨..."
976, 좋고 맛집도 여러군데 많이 알고 있어서 저는 여수만 다녀오면 몇 키로 씩은 쪄서 오는것 같아요 역시 이날도 마찬가지였다는 ㅎㅎ 여수 하모샤브샤브 맛집으로 유명한 ...
977, 입덧때문에 아파트 창문으로 들어오는 전 냄새가 그렇게 싫으네요 ㅠㅠ 안중에 쫄면(야채가득) 맛집 추천좀 해주세용 ㅠㅠ
978, 양양에서 정말 유명한 줄서먹는 양양 맛집 있어서 찾아 갔어요. 양양 현지분들은 물론이고 관광객들도 많이 찾는 다는 대표 양양 맛집이예요. 양양 중앙시장에 위치하고...
979, 오늘저녁으로 추억맛집 다녀왔네요 역시굿 여긴 코로나 상관없는곳 웨이팅도 대박 많고~~ 역시 굿
980, 서귀포항 맛집이 있지요 바로 서귀포에서 가장 유명한 어멍뚝배기예요 해물탕과 해물뚝배기로... 제주도 맛집답게 다양한 제주 향토음식을 맛볼 수 있어요 가장 유명한 ...
981, 만들어먹으면 좋겠지만 입덧이 심해서 오전엔 아무것도 할 수 없고 먹는 것도 샌드위치만 먹히네요 혹시 배달가능한 또는 배달안되도 되니 샌드위치 맛집 좀 추천해주실 수 있을까요 샌드**는 제외하고요...
982," - 상호명 : 울진 맛집 울진대게빵 - 내가 먹은 메뉴 이름 : 대게빵 - 가격 : 2,000원 - 위치(지도첨부)... 울진 맛집 울진대게빵을 소개합니다!!ㅋㅋ..."
983, 전에 파주맘에 광탄맛집 문의드렸었는데 그중 대동반점 다녀왔어요ㅋㅋ 이곳오픈한지도 오래됐다는것같은데 평일 점심시간에 갔는데 정말 손님 많네요ㅋㅋ 그래도식사만하고가셔...
984, 울산맛집공유해드려요~!! 동구 대송시장 아시나용? 세계로마트 기준 오르막골목으로 쭉올라가시면 왼쪽에 햄버거집이 조그만하게 있어요!!!아직 간판은 타코집이라고 되있...
985, 중앙시장 맛집의 대게를 맛볼 수 있다는 장점이 있는 여기는 공영주차장에서 얼마 걸리지않는 곳에... 중앙시장 맛집의 퀄리티가 궁금해지곤했어요 내부는 코로나19 바...
986, 제가 지금 먹고싶은 샌드위치는~~ 파리 노천카페에서 먹는 너낌으로~~ 바삭~~한 바게트에 신선한 재료들 듬뿍~~ 서울에 요런 샌드위치 맛집 어디일까요 ㅎㅎ 마포 아니어도 상관없어요 낼 아침에 달려갑니다...
987, 고향 못가는 추석 인스타 뷰맛집에 놀러왔어요ㅋㅋㅋ 입으로 먹는맛집은 아니고 눈으로만 호강하는 뷰맛집이에요 날씨도 좋고 크게 걷지도않고 눈이 뻥 뚫리네요 남은 추석...
988, 당면들어가는 짬뽕밥이 먹고싶은데 리뷰를 찾아봐도 잘 안나오고...ㅠㅠ 지난번에 시켜먹었던데는 당면 안들어있어서 왕 실망했거든요 당면 들어가는 짬뽕밥 맛집 추천해주세요!!!!
989, 강릉 가면 꼭~ 들리게 된다는 강릉 주문진 맛집 실비생선구이 들려봤어요 예전에 아빠 어디가... 주문진 맛집 이였구요 저희는 생선구이 주문해서 입호강했네요^^ 정...
990, 고생하고 왔는데 또 객지 보내기 안쓰러워서 집에서 격리시키고 저희가 호텔로 나와있어요. 2주동안 인사동에 머물예정인데 밥이 제일 문제네요. 혹시 추천해주실 맛집 있을까요? 초딩 2명 같이 있어요ㅎㅎ
991, 이사 온지 얼마 안돼서 추석날 가족들 집들이겸 다 초대해 놨는데 동네 중국집 그날 쉰다네요~~ 혹시 배달 가능한 맛집 알려주시면 다 전화해 보려구요!! 중국집 아니어도 괜찮아요~~ 도롸주세요 ㅜ.ㅜ
992, 다행히 맛집이 바로 떠올랐습니다. 더 몸이 늘어지기전에 생각을 빠르게 행동으로 옮깁니다. 약 5분정도 걸어가면 나오는 이곳. 방이우동집 삼전동 어딘가 국수전문점입니다 사장님혼자 일하고 계시고...
993, 진짜 3시간 알차게 활용했네요 은행일보고 전대쪽일보고 뷰맛집가서 커피한잔테이크아웃 오랜만에 사장님과 대화 잠시하고 하원시간전에 집귀가요~
994, 오늘 점심에 타지역 마라탕 맛집이라는 곳에서 처음 마라탕을 먹어봤는데 갑자기 마라탕 탐방이 하고싶어지는 맛이네용... 충주에 마라탕 맛집 알고 계신거 있다면 추천 부탁드립니다!
995, 거의 다 중국집이고 이번이 두번째가는거라 어디가 어딘지 모르는데 맛집있음 추천 좀 해주세요~^^
996, 요즘 영 입맛도 없고 반찬거리 할것도 없고해서 간만에 소개포구역 맛집 소래모녀게장 다녀왔어요... 시장 딱 들어서면 그 공기부터 너무 좋은 것 같아요 사람사는 냄...
997, 맛집 하나 소개 시켜드릴게요. 우연히 지나가다가 발견한 곳인데요. 의외의 맛집이네요. 해산물도 풍부하고 칼국수 면이 더욱 쫄깃쫄깃합니다. 지나가실 일 있으시면 꼭...
998, 안녕하세요! 원흥역 인근에 맛집을 검색하다가 알게되어 가입하게 되었습니다. 원흥역 근처에 혼자 밥 먹을 만한 맛집이 어디 있을까요?? :-)
999, 만성지구 맛집 돼지갈비 맛있었어요 ^^ 천고마비 가을 날이 되니 요즘 왜케 먹는게 땡기는지요. 그중에 고기라 함은 요즘 환장을 합니다 ㅋㅋ 환장하게 만든 고기를 ...
