,title,date
0,error,error
1,"['asmr', 'asmreating', 'asmrfood', 'mukbang', 'mukbangasmr', 'mukbangkorea', 'eatingsounds', 'eatingasmr', 'eatingshow', 'instafood', 'foodoftheday', '먹방', '유튜버', '유튜브', '뿌링클', '뿌링클콤보', '치즈볼', '소떡소떡']",0주
2,[],0주
3,"['동춘동', '햄버거']",0주
4,"['먹스타그램', '먹스타맞팔', '먹스타', '맛스타그램', '맛스타', '푸드스타그램', '푸드', 'foodstagram', 'food', '떡볶이', '떡볶이스타그램', '떡볶이맛집', '신전떡볶이', '신전튀김', '치즈볼', '닭껍질튀김']",0주
5,[],0주
6,['BHC'],1주
7,"['bhc치킨', '맛초킹', '치킨맛집', '치킨추천', '치킨조합']",0주
8,['bhc'],0주
9,"['뿌링클', '뿌링클콤보', '치즈볼', '삼남매', '치킨먹는날', '많이먹어']",0주
10,"['냠냠', 'P', '비비큐', 'BBQ', '네고왕', '광희나는메이플버터갈릭치킨', '메이플버터갈릭치킨', '황금올리브', '황올', '치즈볼', '치킨', '치킨반마리', '황광희', '신메뉴']",0주
11,"['처갓집양념치킨', '슈프림양념치킨', '순살치킨', '매운양념치킨', '양념치킨', '치킨', '순살', '치즈볼', '치즈', '대구', '대구맛집', '배달', '배민', '동성로', '동성로맛집', '상인동', '상인동맛집', '맛집', 'food', 'foodstargram', '소통', '먹팔', '먹스타', '먹스타그램', '맞팔', 'foodie']",0주
12,"['치즈볼', 'BHC', '치킨스타그램', '치맥', '푸드', 'instalike', 'instadaily', 'instagram', 'instagood', '비에이치씨', '뿌링클', '뿌링클치즈볼', '좋아요', '후기']",0주
13,"['굴러가는', 'BJ', '치즈볼', '트레이너', '혹은', '먹방']",0주
14,"['fff', 'f4f', 'foodporn', 'wine', 'ootd']",0주
15,"['저녁식사', '비비큐', '네고왕', '할인', '광희나는메이플버터갈릭치킨', '후라이드', '치즈볼', '신혼밥상', '배터짐', '먹부림']",0주
16,"['01', '01년생', '20살', '20살그램', '친구야고마워', '깁콘', '생일선물', '치킨스타그램', 'bhc치킨', '치즈볼', '좋반환영', '좋아요그램', '맞팔하면선팔가요', '맞팔100', '선맞팔환영', '선팔100', 'instagood', 'fff', 'follow', 'follow4followback', 'follower', 'followforlike', 'followfriday', 'followforfollowback', 'follow4like', 'followers', 'followstagram', 'following', 'likeforfollow']",0주
17,"['배씨치킨', 'bhc', '오픈100일', '100일잔치', '이벤트', '축100일기념', '맵소킹', '치즈볼', '치킨스타그램', '맛스타그램']",0주
18,"['대전', '유성구', '관평동', '922번지', '마녀떡볶이', '대전남자눈썹문신', '치즈볼', '떡볶이', '마녀떡볶이']",0주
19,"['하림닭강정', '하림맥시칸', '닭강정', '치즈볼', '치킨', '먹스타그램', '맛스타그램', '혼맥', '일상']",0주
20,"['푸라닭', '치즈볼']",0주
21,[],0주
22,"['푸드트럭', '새우튀김', '멘보샤', '치즈볼', '새우볼', '안양', '박달동', '수자인', '수자인아파트', '한라비발디']",0주
23,"['웨딩촬영', '바디프로필', '족발', '뿌링클', '치즈볼', '삼겹살', '갈비', '쪽갈비', '부대찌개', '떡볶이', '라볶이', '튀김', '바디프로필', '해보고싶다', '화이팅', '운동하는직장인', '운동하는남자', '운동', '헬스', '웨딩준비', '내일', '촬영', '고생해보자', '결혼준비']",0주
24,"['mukbang', 'mukbangasmr', 'mukbangkorea', 'asmr', 'asmreating', 'asmrfood', 'pizza', 'chicken', 'pizzatime', 'cheeseball', 'korea', 'bonggil', 'bonggilasmr']",0주
25,"['협찬', '그래도진짜리뷰', '가치식탁', '치즈스틱', '자세한건네이버검색', '치즈볼', '냉동식품', '냉동간식', '간식', '리얼치즈스틱', '리얼크림치즈볼', '치즈', '08L']",0주
26,[],0주
27,"['한글날', '갓튀김닭']",0주
28,"['존맛탱', '치킨은별로', 'BHC', '치킨', '후라이드치킨', '치즈볼', '뿌링치즈볼', 'KOREA', 'KOREANfood', 'iPhoneX']",0주
29,"['데이트코스', '데이트', '치즈볼', '치즈볼케이크', '치즈볼파티', '치킨', '치킨친구', '존맛탱', '요즘핫이슈', '방구석', '방구석데이트', '방구석정보']",0주
30,"['호두과자', 'CGV', '치즈볼', '먹스타그램', '맛스타그램', '냠', '간식', 'Dessert', 'Eat', 'Food']",0주
31,[],0주
32,"['광고', '광고', '교촌', '교촌치킨', '사이드메뉴', '사이드메뉴맛집']",0주
33,"['치즈볼', '괌', '간식', '존맛탱', '괌윤지토리', '맛스타그램', '맛집', '홈쿸']",0주
34,"['명랑핫도그', '소떡소떡', '치즈볼']",0주
35,"['부천시청', '청년다방']",0주
36,"['치즈볼', '돼지인', '먹스타그램']",0주
37,"['협찬', '그래도진짜리뷰', '가치식탁', '치즈스틱', '자세한건네이버검색', '치즈볼', '냉동식품', '냉동간식', '간식', '리얼치즈스틱', '리얼크림치즈볼', '치즈', '08L', '좋아요']",0주
38,[],0주
39,"['8개월아기', '아기간식', '밤치즈볼', '치즈볼', '육아일상', '육아스타그램', '육아맘일상', '엄마표간식', '먹는거반흘리는거반']",0주
40,"['협찬', '그래도진짜리뷰', '가치식탁', '치즈스틱', '자세한건네이버검색', '리뷰', '치즈볼', '냉동식품', '냉동간식', '간식', '리얼치즈스틱', '리얼크림치즈볼', '치즈', '08L']",0주
41,"['푸지태안', '태안', 'bbqchicken', '네고왕', '광희나는메이플버터갈릭치킨', '황금올리브치킨', '치즈볼', '먹방', '먹부림', '맛스타그램', '먹스타그램', '혼밥', '혼술', '좋아요', '일상', '선팔', '맞팔', '먹팔', 'food', 'foodporn', 'foodie', 'cook', 'cooking', 'daily', 'life', 'like', 'likeforlike', 'yummy', '황광희']",0주
42,"['붐바스틱', '치즈볼', '냠냠']",0주
43,"['협찬', '그래도진짜리뷰', '가치식탁', '치즈스틱', '자세한건네이버검색', '치즈볼', '냉동식품', '냉동간식', '간식', '리얼치즈스틱', '리얼크림치즈볼', '치즈', '08L']",0주
44,"['bhc', '뿌링클', 'Bburinkle', '뿌링클치킨', '달콤바삭치즈볼', '치즈볼', 'Cheeseball', '순살', '유튜브', 'YouTube']",0주
45,[],0주
46,"['프로틴유', '프로틴치즈볼', '치즈볼', '프로틴유쉐이크', '단백질쉐이크', '프로틴쉐이크', '프로틴음료', '단백질음료', '운동하는남자', '운동하는여자', '프로틴초코볼', '프로틴시리얼', '프로틴볼', '단백질과자', '단백질간식', '와디즈', '와디즈펀딩']",0주
47,"['바디라인', '바디프로필촬영', '바디프로필컨셉', '바디프로필포즈', '바디프로필도전', '바디프로필준비', '바디프로필사진', '바디프로필', '감성사진', '감성바디프로필', '치즈볼', '운동하는여자', '운동녀', '운동하는직장인', '운동하는약사', '운동시작', '헬스', '헬스타그램', '헬스녀', '눈바디', '바디체크', '켈빈클라인', '직장인다이어터', '다이어트', '피트니스', '좋아요반사']",0주
48,"['광희나는갈릭치킨', 'BBQ', '또슐랭가이드', '메이플버터갈릭', '황금올리브', '치즈볼', '치킨', '비비큐', '네고왕', '광희', '메이플', '버터', '갈릭', '치킨스타그램', '치킨맛집', '치즈볼', '치맥', '맥주', '맛집', '맛스타그램', '맛집추천', '먹팔', '먹스타그램', '먹방', '좋반', '좋아요', 'food', 'foodstagram', 'foodporn', 'foodpics', 'chicken']",0주
49,"['bhc', '뿌링클', '뿌링치즈볼', '뿌링클콤보', '치즈볼', '묭치킨', '치킨', 'chicken', 'koreanfood', 'kfood']",0주
50,"['호치킨', '치즈찐', '치즈볼', '다이어트', '다이어트한단말을말자', '치킨', '치킨맛집', '치킨마니아', '치즈', '푸드', 'food', '패스트푸드', '치즈볼먹방', '존맛탱', 'jmt', '뼈있는치킨']",0주
51,"['보들보들솜뭉치', '마시멜로', '대만카스테라', '치즈볼', '지방이인형', '재인', '메이쨩', '생후158일', '5', '1yearold']",0주
52,['111cake'],0주
53,['우리집진짜점심이야기'],0주
54,"['라라공간', '파스타', '떡볶이', '치킨', '치즈볼', '와인', '와인안주', '파티룸', '모임장소', '와인모임', '생일파티', '파티', '중곡동', '광진구']",0주
55,[],0주
56,"['상하치즈', '늦게줘서미안해', '치즈볼', '천천히크자', '무발목아기', '귀요미', '227일아기', '꽃하현']",0주
57,"['1', 'bbq', 'bbq', '비비큐황금올리브치킨', '황금올리브치킨', '비비큐치즈볼']",0주
58,[],0주
59,[],0주
60,"['10월8일중식', '쌀밥', '잔치국수', '왕만두', '치즈볼', '배추겉절이', '한글날이벤트', '8일조식', '빈그릇인증릴레이', '음식물쓰레기줄이기', '빈그릇인증', '환경부', '음식물쓰레기줄이기', '빈그릇인증릴레이', '비워서남주자캠페인', '환경부', '고1만', '교육급식', '3식', '고등급식']",0주
61,[],0주
62,"['JMT', 'nobrandburger', 'NBB', 'coleslaw', 'coleslawchickenburger', 'coleslawburger', 'chickenburger', 'cheeseball']",0주
63,"['네네치킨고강점', '고강동치킨', '네네치킨', '치킨', '원종동치킨', '치킨맛집', '안전한먹거리', '치킨배달', '치킨추천', '치즈볼']",0주
64,"['찹쌀꽈배기', '핫도그', '도너츠', '꽈배기맛집', '핫도그맛집', '인천', '인천맛집', '계양구', '계양구맛집', '임학역', '임학역맛집', '계산역', '계산역맛집', '작전역', '임학동맛집', '계산동맛집', '맛스타그램', '먹스타그램', '팥도너츠맛집', '치즈볼', '치즈도너츠맛집', '계양구청맛집']",0주
65,"['하우스원푸드', '치즈볼', '콘치즈볼', '치즈볼맛집', '전국택배', '델리치즈볼']",0주
66,"['일상', '데일리', '오늘', '소통', '좋아요', '감성', '데일리룩', '떡볶이', '야경', '스타벅스', '안국', '카페', '서울숲', '건대', '홍대', '강남', '코로나', '여행', '휴가', '고양이', '북촌', '노티드', '블루보틀', '삼청', '청담', '치킨', '교촌', '치즈볼', '호랑이커피', '루미큐브']",0주
67,"['또봉이통닭', '치킨', '치킨추천', '2동탄맛집', '신리천카페거리', '신리천맛집', '신리천', '2동탄', '먹스타그램', '쿡스타그램', '치킨은살안쪄요살은내가쪄요', '치킨은언제나옳다', '맞팔', '선팔하면맞팔', '고추통닭', '똥집튀김', '닭발튀김', '치즈볼', '맵닭', '튀김옷이얇아더맛있음', '옛날치킨', '코로나19물러가라', '소독도철저히', '치맥', '알바', '알바모집', '구인', '직원구함', '많은지원바랍니다']",0주
68,"['GOGO', 'youtuber', 'bts']",0주
69,"['BHC', 'follow', 'chickenwings', 'koreafood']",0주
70,"['요녀석파스타성남점', '맛집랭킹1위', '찐맛집', '먹스타그램', '맛스타그램', '일상', '목요일', '점심', '공유', '맞팔', '파스타', '리조또', '필라프', '에이드', '더치커피', '감자튀김', '치즈볼', '치즈스틱', '우리가어떤민족인가', '배달의민족', '포장도됩니다', '배민오더됩니다', '전화주문가능합니다', '감사합니다']",0주
71,[],0주
72,"['repost', '프로틴유', '프로틴유신제품', '프로틴유치즈볼', '와디즈펀딩', '프로틴치즈볼', '프로틴과자', '단백질과자', '다이어트과자', '고단백과자', '저탄수과자', '저탄수고단백', '다이어트간식', '단백질간식', '프로틴간식', '치즈볼', '치즈볼과자', '다이어트', '식단', '다이어트식단', '다이어터', '유지어터', '식단기록', '식단일기', '다이어트그램', '식단관리', '체중관리', '받았다그램', '지니받았다그램']",0주
73,"['청년다방', '청년다방떡볶이', '청년다방감자튀김', '버터갈릭감자튀김', '떡볶이그램', '떡볶이맛집', '핫크림치즈볼떡볶이', '차돌박이떡볶이', '통큰오짱떡볶이', '서울떡볶이맛집', '천안떡볶이맛집', '대구떡볶이맛집', '부산떡볶이맛집', '매운떡볶이', '떡볶이', '치즈볼', '밀떡', '다모아튀김', '추석', '전', '활용', '명절', '맛집']",0주
74,"['네고왕', '네고왕bbq', '네고왕이벤트', 'bbq', '광희나는메이플버터갈릭치킨', 'bbq신메뉴', '치즈볼', 'bbq치즈볼', '존맛탱', '존맛', '먹스타그램', '맛스타그램', '좋아요그램', '소통']",0주
75,[],0주
76,"['호치킨', '쓰리고Hot치킨', '치즈볼', '야식', '달콤감자', '쓰리고핫치킨', '매운치킨', '간식', '치킨', '닭', '치킨스타그램', '맛스타', '맛스타그램', '먹스타그램', '먹스타', '먹부림', '좋아요', '간식']",0주
