,date,신전떡볶이
0,2020-10-12,야식 치킨 치킨 매니아 야심 준비 치킨 세트 양념 처갓집 슈프림 치킨 후라이드 비비큐 황금올리브 떡볶이 신전 떡볶이 세트 떡볶이 후추 후라이드 헤헤 가격 대비 양도 구성 치킨 매니아 리치 황금올리브 치킨 슈프림 양념치킨 신전 떡볶이 알볼 피자 치즈볼
1,2020-10-12,야식 치킨 치킨 매니아 야심 준비 치킨 세트 양념 처갓집 슈프림 치킨 후라이드 비비큐 황금올리브 떡볶이 신전 떡볶이 세트 떡볶이 후추 후라이드 헤헤 가격 대비 양도 구성 치킨 매니아 리치 황금올리브 치킨 슈프림 양념치킨 신전 떡볶이 알볼 피자 치즈볼
2,2020-10-19,jmt foodie instaeats foodporn foodfi 래서 신전 전하 거지 매운맛홀릭 떡볶이 중독 신전 신전 떡볶이 핫도그 치즈볼 떡볶이 분식 떡볶이 메이트 엄마 옴뇸뇸 먹방 스타 푸드 음식 스타 집밥 홈쿡 먹스타그램 다이어트 육아 남매
3,2020-10-19,jmt foodie instaeats foodporn foodfi 래서 신전 전하 거지 매운맛홀릭 떡볶이 중독 신전 신전 떡볶이 핫도그 치즈볼 떡볶이 분식 떡볶이 메이트 엄마 옴뇸뇸 먹방 스타 푸드 음식 스타 집밥 홈쿡 먹스타그램 다이어트 육아 남매
4,2020-10-19,jmt foodie instaeats foodporn foodfi 래서 신전 전하 거지 매운맛홀릭 떡볶이 중독 신전 신전 떡볶이 핫도그 치즈볼 떡볶이 분식 떡볶이 메이트 엄마 옴뇸뇸 먹방 스타 푸드 음식 스타 집밥 홈쿡 먹스타그램 다이어트 육아 남매
5,2020-10-19,yolo bhc daily fff food instargram instadaily 주말 먹방 전주 천안 교촌치킨 치킨 해물찜 신전 떡볶이 삼겹살 고양이 치즈볼 허니콤 골드 새우 전복 떡볶이 어묵 튀김 치킨 스타 먹스타그램 마무리
6,2020-10-18,녀르 미집 놀이 녀르미와닝 맥주 제조 해주시 대접 녀르미 간보 맥주 계속 부어 꿀물 인지 맥주 인지 분간 이안 개꾸르맛 간만 광주 집들이 집들이 모임 냐르 미도 블랙알리오 프라다 치킨 치즈볼 신전 떡볶이 김밥 어묵 탕모듬 튀김 순대 치킨 컵밥 신전 김밥 마왕 족발 더니 식당 엿어 증량
7,2020-10-18,녀르 미집 놀이 녀르미와닝 맥주 제조 해주시 대접 녀르미 간보 맥주 계속 부어 꿀물 인지 맥주 인지 분간 이안 개꾸르맛 간만 광주 집들이 집들이 모임 냐르 미도 블랙알리오 프라다 치킨 치즈볼 신전 떡볶이 김밥 어묵 탕모듬 튀김 순대 치킨 컵밥 신전 김밥 마왕 족발 더니 식당 엿어 증량
8,2020-10-16,점심 신전 떡볶이 치즈볼 서비스 직전
9,2020-10-15,bhc 매장 더더 고구마 치즈볼 사랑 가격 라이 야야 치즈볼 고구마 치즈볼 신전 떡볶이 떡볶이 맛집 부산 맛집 떡볶이 분식 맛집 먹스타그램 디저트 맛집
10,2020-10-14,점심 간단 어제 신전 떡볶이 언니 점심 관리 지고 건강 아기 오기 언니 엽산 유스 스펜 저녁 점심 점심 떡볶이 만두 튀김 김말이 점심 어택 신전 떡볶이 오뎅 튀김 치즈볼
11,2020-10-14,점심 간단 어제 신전 떡볶이 언니 점심 관리 지고 건강 아기 오기 언니 엽산 유스 스펜 저녁 점심 점심 떡볶이 만두 튀김 김말이 점심 어택 신전 떡볶이 오뎅 튀김 치즈볼
12,2020-10-11,fff likefotlikes likesforfollow like like food foodporn foody foodblogger 구들 하교 신전 떡볶이 아주 아주 배터 지게 신전 어도 오랜만 치즈떡볶이 인분 고구마 치즈볼 치즈스틱 치마 컵밥 개스팸마 컵밥 참치 샐러드 컵밥 오뎅 튀김 치킨 인친 먹스타그램 먹방 요리 음식 존맛 스타 존맛 부림 음식 스타 신전 떡볶이 떡볶이 치마 컵밥 치즈스틱 치즈볼
13,2020-10-11,fff likefotlikes likesforfollow like like food foodporn foody foodblogger 구들 하교 신전 떡볶이 아주 아주 배터 지게 신전 어도 오랜만 치즈떡볶이 인분 고구마 치즈볼 치즈스틱 치마 컵밥 개스팸마 컵밥 참치 샐러드 컵밥 오뎅 튀김 치킨 인친 먹스타그램 먹방 요리 음식 존맛 스타 존맛 부림 음식 스타 신전 떡볶이 떡볶이 치마 컵밥 치즈스틱 치즈볼
14,2020-10-11,fff likefotlikes likesforfollow like like food foodporn foody foodblogger 구들 하교 신전 떡볶이 아주 아주 배터 지게 신전 어도 오랜만 치즈떡볶이 인분 고구마 치즈볼 치즈스틱 치마 컵밥 개스팸마 컵밥 참치 샐러드 컵밥 오뎅 튀김 치킨 인친 먹스타그램 먹방 요리 음식 존맛 스타 존맛 부림 음식 스타 신전 떡볶이 떡볶이 치마 컵밥 치즈스틱 치즈볼
15,2020-10-10,chez 신전 치즈떡볶이 오뎅 튀김 김말이 치즈볼 불새 모임 구들 얼굴 보고 수다 팔짱 요즘
16,2020-10-10,신전 떡볶이 머리 신전 떡볶이 김밥 치즈볼 계란 떡볶이 떡볶이 떡볶이 맛집 데일 환영 먹스타그램 스타인 주말 스타 주말 토요일 신전 떡볶이
17,2020-10-10,신전 떡볶이 머리 신전 떡볶이 김밥 치즈볼 계란 떡볶이 떡볶이 떡볶이 맛집 데일 환영 먹스타그램 스타인 주말 스타 주말 토요일 신전 떡볶이
18,2020-10-10,신전 떡볶이 머리 신전 떡볶이 김밥 치즈볼 계란 떡볶이 떡볶이 떡볶이 맛집 데일 환영 먹스타그램 스타인 주말 스타 주말 토요일 신전 떡볶이
19,2020-10-10,부어 치즈 보이지 신전 떡볶이 치즈떡볶이 중간 치즈볼 참치 컵밥
20,2020-10-09,명랑 핫도그 신전 떡볶이 콜라보 고구마 통모 따따 치즈 점보 핫도그 명랑 핫도그 떡볶이 오뎅 치즈볼 고구마 크림 치즈 치킨 야식
21,2020-10-08,fresh 고독 대식 의식 단백질 폭탄 샐러드 간식 저녁 배민 신전 떡볶이 사랑 치즈볼 맛있졍 교촌 허니 오리 떡볶이 치킨 만남 소주
22,2020-10-08,selfie selca selstagram foodstagram food lfl fff 떡뽀끼 분식 분식 맛집 맛집 떡볶이 신전 떡볶이 순이 분식 사랑 튀김 치즈떡볶이 신전 치즈 김밥 김밥 치즈볼 오징어 튀김 오징어 튀김 진리 셀피 셀카 먹스타그램 맛스타그램
23,2020-10-08,selfie selca selstagram foodstagram food lfl fff 떡뽀끼 분식 분식 맛집 맛집 떡볶이 신전 떡볶이 순이 분식 사랑 튀김 치즈떡볶이 신전 치즈 김밥 김밥 치즈볼 오징어 튀김 오징어 튀김 진리 셀피 셀카 먹스타그램 맛스타그램
24,2020-10-08,food 신전 떡볶이 신전 떡볶이 은지 만년 오랜만 가보 메뉴인 크림 치즈볼 크기 그렿 신전 떡볶이 은근 메뉴인 크림 치즈볼 무조건 래야 크림 치즈 인적 떡볶이 소스 떡볶이 소스 소스 크림 치즈 안느 치즈떡볶이 중간 음번 도전 신전 매콤 치즈 김밥 떡볶이 다가 물배 차요 신전 떡볶이 동점 경기 군포시 용호 무광 프라자 음식 음식 스타 먹스타그램 스타 맛스타그램 맛스타 먹방 맛집 스타 스타 데일 리그 솔직 떡볶이 떡볶이 맛집 김밥 치즈볼 군포 맛집
25,2020-10-08,food 신전 떡볶이 신전 떡볶이 은지 만년 오랜만 가보 메뉴인 크림 치즈볼 크기 그렿 신전 떡볶이 은근 메뉴인 크림 치즈볼 무조건 래야 크림 치즈 인적 떡볶이 소스 떡볶이 소스 소스 크림 치즈 안느 치즈떡볶이 중간 음번 도전 신전 매콤 치즈 김밥 떡볶이 다가 물배 차요 신전 떡볶이 동점 경기 군포시 용호 무광 프라자 음식 음식 스타 먹스타그램 스타 맛스타그램 맛스타 먹방 맛집 스타 스타 데일 리그 솔직 떡볶이 떡볶이 맛집 김밥 치즈볼 군포 맛집
26,2020-10-08,food 신전 떡볶이 신전 떡볶이 은지 만년 오랜만 가보 메뉴인 크림 치즈볼 크기 그렿 신전 떡볶이 은근 메뉴인 크림 치즈볼 무조건 래야 크림 치즈 인적 떡볶이 소스 떡볶이 소스 소스 크림 치즈 안느 치즈떡볶이 중간 음번 도전 신전 매콤 치즈 김밥 떡볶이 다가 물배 차요 신전 떡볶이 동점 경기 군포시 용호 무광 프라자 음식 음식 스타 먹스타그램 스타 맛스타그램 맛스타 먹방 맛집 스타 스타 데일 리그 솔직 떡볶이 떡볶이 맛집 김밥 치즈볼 군포 맛집
27,2020-10-08,food 신전 떡볶이 신전 떡볶이 은지 만년 오랜만 가보 메뉴인 크림 치즈볼 크기 그렿 신전 떡볶이 은근 메뉴인 크림 치즈볼 무조건 래야 크림 치즈 인적 떡볶이 소스 떡볶이 소스 소스 크림 치즈 안느 치즈떡볶이 중간 음번 도전 신전 매콤 치즈 김밥 떡볶이 다가 물배 차요 신전 떡볶이 동점 경기 군포시 용호 무광 프라자 음식 음식 스타 먹스타그램 스타 맛스타그램 맛스타 먹방 맛집 스타 스타 데일 리그 솔직 떡볶이 떡볶이 맛집 김밥 치즈볼 군포 맛집
28,2020-10-08,food 신전 떡볶이 신전 떡볶이 은지 만년 오랜만 가보 메뉴인 크림 치즈볼 크기 그렿 신전 떡볶이 은근 메뉴인 크림 치즈볼 무조건 래야 크림 치즈 인적 떡볶이 소스 떡볶이 소스 소스 크림 치즈 안느 치즈떡볶이 중간 음번 도전 신전 매콤 치즈 김밥 떡볶이 다가 물배 차요 신전 떡볶이 동점 경기 군포시 용호 무광 프라자 음식 음식 스타 먹스타그램 스타 맛스타그램 맛스타 먹방 맛집 스타 스타 데일 리그 솔직 떡볶이 떡볶이 맛집 김밥 치즈볼 군포 맛집
29,2020-10-07,sophie bbq 저녁 황금올리브 메이플 버터 갈릭 치킨 제로 코크 치즈볼 루테 오메가 종합 비타민 신전 떡볶이 네고왕 이벤트 메이플 저번 메이플 조합 신전 황금올리브 정혈 직전 피곤 연휴 때문 수면 밸런스 해먹 자꾸 저런 자극 배달 음식 조절 식단 식단 기록 식단 일기 식단 스타 배달 배달 음식 먹스타그램 맛스타그램
30,2020-10-07,sophie bbq 저녁 황금올리브 메이플 버터 갈릭 치킨 제로 코크 치즈볼 루테 오메가 종합 비타민 신전 떡볶이 네고왕 이벤트 메이플 저번 메이플 조합 신전 황금올리브 정혈 직전 피곤 연휴 때문 수면 밸런스 해먹 자꾸 저런 자극 배달 음식 조절 식단 식단 기록 식단 일기 식단 스타 배달 배달 음식 먹스타그램 맛스타그램
31,2020-10-06,신전 떡볶이 둘이서 저걸 신전 떡볶이 존맛 더니 부심 가득 떡볶이 치즈 다가 치마 컵밥 떡볶이 국물 가득 오뎅 튀김 국물 가두 다가 려고 크림 치즈볼 단무지 행복 순대 내장 만요 식사 치즈떡볶이 치마 컵밥 오뎅 튀김 크림 치즈볼 순대 먹스타그램 스타 맛스타그램 맛스타 신전 떡볶이 떡볶이 순대 오뎅 튀김 치즈볼 치마 컵밥 분식 존맛 존맛 구리 행복 스타 팔해 언팔
32,2020-10-06,신전 떡볶이 둘이서 저걸 신전 떡볶이 존맛 더니 부심 가득 떡볶이 치즈 다가 치마 컵밥 떡볶이 국물 가득 오뎅 튀김 국물 가두 다가 려고 크림 치즈볼 단무지 행복 순대 내장 만요 식사 치즈떡볶이 치마 컵밥 오뎅 튀김 크림 치즈볼 순대 먹스타그램 스타 맛스타그램 맛스타 신전 떡볶이 떡볶이 순대 오뎅 튀김 치즈볼 치마 컵밥 분식 존맛 존맛 구리 행복 스타 팔해 언팔
33,2020-10-06,신전 떡볶이 둘이서 저걸 신전 떡볶이 존맛 더니 부심 가득 떡볶이 치즈 다가 치마 컵밥 떡볶이 국물 가득 오뎅 튀김 국물 가두 다가 려고 크림 치즈볼 단무지 행복 순대 내장 만요 식사 치즈떡볶이 치마 컵밥 오뎅 튀김 크림 치즈볼 순대 먹스타그램 스타 맛스타그램 맛스타 신전 떡볶이 떡볶이 순대 오뎅 튀김 치즈볼 치마 컵밥 분식 존맛 존맛 구리 행복 스타 팔해 언팔
34,2020-10-06,foodstagram food 신전 떡볶이 껍질 튀김 고구마 치즈볼 김말이 고추 튀김 오랜만 신전 고구마 치즈볼 요즘 사이드 먹스타그램 스타 스타 맛스타그램 맛스타 푸드 스타 푸드 떡볶이 떡볶이 스타 떡볶이 맛집 신전 떡볶이 신전 튀김 치즈볼 껍질 튀김
35,2020-10-06,foodstagram food 신전 떡볶이 껍질 튀김 고구마 치즈볼 김말이 고추 튀김 오랜만 신전 고구마 치즈볼 요즘 사이드 먹스타그램 스타 스타 맛스타그램 맛스타 푸드 스타 푸드 떡볶이 떡볶이 스타 떡볶이 맛집 신전 떡볶이 신전 튀김 치즈볼 껍질 튀김
36,2020-10-06,foodstagram food 신전 떡볶이 껍질 튀김 고구마 치즈볼 김말이 고추 튀김 오랜만 신전 고구마 치즈볼 요즘 사이드 먹스타그램 스타 스타 맛스타그램 맛스타 푸드 스타 푸드 떡볶이 떡볶이 스타 떡볶이 맛집 신전 떡볶이 신전 튀김 치즈볼 껍질 튀김
37,2020-10-06,foodstagram food 신전 떡볶이 껍질 튀김 고구마 치즈볼 김말이 고추 튀김 오랜만 신전 고구마 치즈볼 요즘 사이드 먹스타그램 스타 스타 맛스타그램 맛스타 푸드 스타 푸드 떡볶이 떡볶이 스타 떡볶이 맛집 신전 떡볶이 신전 튀김 치즈볼 껍질 튀김
38,2020-10-06,볶이 치즈볼 세트 야채 튀김 제일 치즈볼 맛집 치즈볼 야채 튀김 처음 그냥 엽떡 국물 떡볶이 볶이 엽떡 신전 사이 특별 치즈 부드러움 볶이 배달 떡볶이 떡볶이 떡볶이 치즈볼 튀김
39,2020-10-05,kg 신전 떡볶이 연휴 음식 살이 이나 추석 기름 음식 느글거 리더 래서 나물 비빔밥 어보 크게 라진 래서 연휴 떡볶이 신전 떡볶이 스팸마 오뎅 튀김 크림 치즈볼 크림 치즈볼 천원 했숩니 오랜만 신전 여전 마이 페이보릿 오뎅 튀김 떡볶이 막상 오뎅 튀김 오뎅 튀김 클리어 떡볶이 신전 떡볶이 중간 스팸마 컵밥 오뎅 튀김 크림 치즈볼 먹스타그램 신전 떡볶이 신전 오뎅 튀김 스팸마 치즈볼 추석 연휴 스타 떡볶이 맛집 댓글 팔로우
40,2020-10-05,kg 신전 떡볶이 연휴 음식 살이 이나 추석 기름 음식 느글거 리더 래서 나물 비빔밥 어보 크게 라진 래서 연휴 떡볶이 신전 떡볶이 스팸마 오뎅 튀김 크림 치즈볼 크림 치즈볼 천원 했숩니 오랜만 신전 여전 마이 페이보릿 오뎅 튀김 떡볶이 막상 오뎅 튀김 오뎅 튀김 클리어 떡볶이 신전 떡볶이 중간 스팸마 컵밥 오뎅 튀김 크림 치즈볼 먹스타그램 신전 떡볶이 신전 오뎅 튀김 스팸마 치즈볼 추석 연휴 스타 떡볶이 맛집 댓글 팔로우
41,2020-10-05,kg 신전 떡볶이 연휴 음식 살이 이나 추석 기름 음식 느글거 리더 래서 나물 비빔밥 어보 크게 라진 래서 연휴 떡볶이 신전 떡볶이 스팸마 오뎅 튀김 크림 치즈볼 크림 치즈볼 천원 했숩니 오랜만 신전 여전 마이 페이보릿 오뎅 튀김 떡볶이 막상 오뎅 튀김 오뎅 튀김 클리어 떡볶이 신전 떡볶이 중간 스팸마 컵밥 오뎅 튀김 크림 치즈볼 먹스타그램 신전 떡볶이 신전 오뎅 튀김 스팸마 치즈볼 추석 연휴 스타 떡볶이 맛집 댓글 팔로우
42,2020-10-05,kg 신전 떡볶이 연휴 음식 살이 이나 추석 기름 음식 느글거 리더 래서 나물 비빔밥 어보 크게 라진 래서 연휴 떡볶이 신전 떡볶이 스팸마 오뎅 튀김 크림 치즈볼 크림 치즈볼 천원 했숩니 오랜만 신전 여전 마이 페이보릿 오뎅 튀김 떡볶이 막상 오뎅 튀김 오뎅 튀김 클리어 떡볶이 신전 떡볶이 중간 스팸마 컵밥 오뎅 튀김 크림 치즈볼 먹스타그램 신전 떡볶이 신전 오뎅 튀김 스팸마 치즈볼 추석 연휴 스타 떡볶이 맛집 댓글 팔로우
43,2020-10-05,kg 신전 떡볶이 연휴 음식 살이 이나 추석 기름 음식 느글거 리더 래서 나물 비빔밥 어보 크게 라진 래서 연휴 떡볶이 신전 떡볶이 스팸마 오뎅 튀김 크림 치즈볼 크림 치즈볼 천원 했숩니 오랜만 신전 여전 마이 페이보릿 오뎅 튀김 떡볶이 막상 오뎅 튀김 오뎅 튀김 클리어 떡볶이 신전 떡볶이 중간 스팸마 컵밥 오뎅 튀김 크림 치즈볼 먹스타그램 신전 떡볶이 신전 오뎅 튀김 스팸마 치즈볼 추석 연휴 스타 떡볶이 맛집 댓글 팔로우
44,2020-10-05,kg 신전 떡볶이 연휴 음식 살이 이나 추석 기름 음식 느글거 리더 래서 나물 비빔밥 어보 크게 라진 래서 연휴 떡볶이 신전 떡볶이 스팸마 오뎅 튀김 크림 치즈볼 크림 치즈볼 천원 했숩니 오랜만 신전 여전 마이 페이보릿 오뎅 튀김 떡볶이 막상 오뎅 튀김 오뎅 튀김 클리어 떡볶이 신전 떡볶이 중간 스팸마 컵밥 오뎅 튀김 크림 치즈볼 먹스타그램 신전 떡볶이 신전 오뎅 튀김 스팸마 치즈볼 추석 연휴 스타 떡볶이 맛집 댓글 팔로우
45,2020-10-02,신전 떡볶이 사랑 신전 조합 치즈떡볶이 신전 김밥 치킨 최근 신전 필수 조합 고구마 치즈볼 크림 치즈볼 고구마 치즈볼 쫀득쫀득 크림 치즈볼 바삭 바삭 존맛 사실 예전 려고 사진 다가
46,2020-10-02,신전 떡볶이 사랑 신전 조합 치즈떡볶이 신전 김밥 치킨 최근 신전 필수 조합 고구마 치즈볼 크림 치즈볼 고구마 치즈볼 쫀득쫀득 크림 치즈볼 바삭 바삭 존맛 사실 예전 려고 사진 다가
47,2020-10-02,신전 떡볶이 사랑 신전 조합 치즈떡볶이 신전 김밥 치킨 최근 신전 필수 조합 고구마 치즈볼 크림 치즈볼 고구마 치즈볼 쫀득쫀득 크림 치즈볼 바삭 바삭 존맛 사실 예전 려고 사진 다가
48,2020-10-02,신전 떡볶이 사랑 신전 조합 치즈떡볶이 신전 김밥 치킨 최근 신전 필수 조합 고구마 치즈볼 크림 치즈볼 고구마 치즈볼 쫀득쫀득 크림 치즈볼 바삭 바삭 존맛 사실 예전 려고 사진 다가
49,2020-09-30,추석 연휴 일차 구들 홈파뤼파뤼해쏘 신전 떡볶이 명랑 핫도그 치즈볼 고추바사삭 이서 추석 렉수 먹방 소화 산책 다가 만난 요즘 놀이터 충격 자가 발전 자전거 자가발전 회전 목맠 라떼 충격 배뚱뚱 두드
50,2020-09-30,likeforlikes like likes fff food instagram instafood foodstagram 치마 요랑 떡볶이 크림 치즈볼 취향 신전 떡볶이 떡볶이 참치 요크 치즈볼 김말이 튀김 오뎅 신전 떡볶이 떡볶이 김말이 치즈볼 튀김 배민 먹방 댓글 스타
51,2020-09-30,likeforlikes like likes fff food instagram instafood foodstagram 치마 요랑 떡볶이 크림 치즈볼 취향 신전 떡볶이 떡볶이 참치 요크 치즈볼 김말이 튀김 오뎅 신전 떡볶이 떡볶이 김말이 치즈볼 튀김 배민 먹방 댓글 스타
52,2020-09-29,요즘 신전 김밥 박스 신전 오징어 튀김 맛집
53,2020-09-29,요즘 신전 김밥 박스 신전 오징어 튀김 맛집
54,2020-09-29,모해 오래 드디어 완성 팔찌 오래 보람 인정 직접 디저트 필라테스 바스 버거 어보 오랜만 팔찌 사진 청바지 전신 필라테스 요가 마카롱 쿠키 디저트 신전 떡볶이 맘스터치 치즈볼 남산 경치 바스 버거 맛집 마스크 필수 하트
55,2020-09-29,신전 고구마 치즈볼 왤케 깜놀
56,2020-09-29,bbq bbq bbq bhc bbq bbq 고구마 치즈볼 치즈볼 볼모 황금 황금알 치즈볼 황금알 치즈볼 크림 치즈볼 고구마 치즈볼 부분 고구마 보통 치즈볼 바삭 식감 치즈 고구마 무스 고구마 인지 그게 아주 살짝 고구마 비중 래서 고구마 하진 인적 신전 고구마 치즈볼 고구마 무스 이름 비비큐 크림 치즈볼 크림 치즈 유의 덕진득 그냥 크림 치즈 그냥 보통 치즈볼 처럼 황금알 치즈볼 찹쌀 도넛 바샥바샥 치즈볼 처럼 거림 가지 치즈볼 가장 치즈볼 정석 황금알 치즈볼 살짝 튀김 바삭 황금알 치즈볼 뿌셔뿌셔 떡볶이 라면 스프 가까운 뭔가 과자 지대 네네 매콤 스노 처럼 매콤 수준 황금 치즈볼 제일 기대 제일 아마 시중 호떡 호떡 설탕 챱챱씹히 땅콩 분태 쏙쏙 물이 호떡 처럼 촉촉 하진 유행 가다가 시도 계속 황금 호떡 그냥 호떡 치즈볼 치즈볼 반적 바삭 인적 황금알 크림 치즈 고구마 황금알 매콤 순위 차이 나진 치즈볼 케이크 치즈볼 치즈볼 케이크 치즈볼 케이크
57,2020-09-28,신전 떡볶이 신전 더니 치즈 김밥 원래 오뎅 관심 오뎅 이제야 순대 내장 모해 떡볶이 계란 선택 필수 고구마 치즈볼 마다 인상 푸리 핏블리 연상 케롱 연발
58,2020-09-28,신전 떡볶이 신전 더니 치즈 김밥 원래 오뎅 관심 오뎅 이제야 순대 내장 모해 떡볶이 계란 선택 필수 고구마 치즈볼 마다 인상 푸리 핏블리 연상 케롱 연발
59,2020-09-28,떡보 다이어트 라지 상관 마음속 사이니 사진 신전 떡볶이 떡볶이 신전 컵밥 오뎅 신전 치즈볼 치즈볼 달구리 내사 떡볶이 오랜만 실물 영접 행복 떡볶이 느님 떡볶이 스타 스타 먹스타그램 맛스타그램 스타 계정 스타
60,2020-09-28,떡보 다이어트 라지 상관 마음속 사이니 사진 신전 떡볶이 떡볶이 신전 컵밥 오뎅 신전 치즈볼 치즈볼 달구리 내사 떡볶이 오랜만 실물 영접 행복 떡볶이 느님 떡볶이 스타 스타 먹스타그램 맛스타그램 스타 계정 스타
61,2020-09-28,떡보 다이어트 라지 상관 마음속 사이니 사진 신전 떡볶이 떡볶이 신전 컵밥 오뎅 신전 치즈볼 치즈볼 달구리 내사 떡볶이 오랜만 실물 영접 행복 떡볶이 느님 떡볶이 스타 스타 먹스타그램 맛스타그램 스타 계정 스타
62,2020-09-27,food 떡볶이 신전 매우 중간 해오 치즈 존맛 치즈떡볶이 신전 떡볶이 떡볶이 신전 김밥 떡볶이 덕후 치즈볼 먹스타그램 맛집 인정 부림 데일 인친 존맛 음식 스타 야식
63,2020-09-27,food 떡볶이 신전 매우 중간 해오 치즈 존맛 치즈떡볶이 신전 떡볶이 떡볶이 신전 김밥 떡볶이 덕후 치즈볼 먹스타그램 맛집 인정 부림 데일 인친 존맛 음식 스타 야식
64,2020-09-27,food 떡볶이 신전 매우 중간 해오 치즈 존맛 치즈떡볶이 신전 떡볶이 떡볶이 신전 김밥 떡볶이 덕후 치즈볼 먹스타그램 맛집 인정 부림 데일 인친 존맛 음식 스타 야식
65,2020-09-26,신전 떡볶이 치즈떡볶이 치즈볼 어묵 튀김 스팸마 컵밥 쥬시쿨
66,2020-09-26,뿌링클 치즈볼 신전 떡볶이 한강 피크닉 사람 한적 공원 여유 피크닉 치즈볼 속세
67,2020-09-25,seoyeon 신전 떡볶잉 치즈볼 치즈스틱 서비스 신전 떡볶이 먹스타그램 어묵 튀김 치즈볼 치즈스틱
68,2020-09-25,seoyeon 신전 떡볶잉 치즈볼 치즈스틱 서비스 신전 떡볶이 먹스타그램 어묵 튀김 치즈볼 치즈스틱
69,2020-09-24,치킨 떡볶이 조합 일리 식맛저 먹스타그램 부림 먹보 인스타그램 분식 신전 중간 튀김 오뎅 튀김 치킨 치킨 치즈볼 크림 치즈볼
70,2020-09-24,돼지 신전 무쏘 고기 리필 장어 신전 떡볶이 신전 치즈볼 오뎅 치즈떡볶이 소고기 고기 장어 바다장어 무쏘 돼지 돼지 먹스타그램 스타 팔로우
71,2020-09-24,돼지 신전 무쏘 고기 리필 장어 신전 떡볶이 신전 치즈볼 오뎅 치즈떡볶이 소고기 고기 장어 바다장어 무쏘 돼지 돼지 먹스타그램 스타 팔로우
72,2020-09-24,돼지 신전 무쏘 고기 리필 장어 신전 떡볶이 신전 치즈볼 오뎅 치즈떡볶이 소고기 고기 장어 바다장어 무쏘 돼지 돼지 먹스타그램 스타 팔로우
73,2020-09-22,jmt 검진 놀러와 마괴 뿌링클 조지 저조 행복 절대 치즈볼 제일 충격 배달의민족 뿌링클 뿌링클 치즈볼 치즈볼 신전 떡볶이 존맛 돼지 먹스타그램 배달 음식 최고 코로나 짜증 맛스타그램
74,2020-09-22,엽떡말구 신전
75,2020-09-22,bhc 우울 체고 인스타 인스타그램 스타 맛스타그램 먹스타그램 스타 부림 음식 스타 음식사진 음식 신전 떡볶이 신전 치즈 김밥 참치 컵밥 뿌링클 치즈볼 누릉 아몬드 브리 데일 데일 리그 힐링 사진 안산 중앙
76,2020-09-22,bhc 우울 체고 인스타 인스타그램 스타 맛스타그램 먹스타그램 스타 부림 음식 스타 음식사진 음식 신전 떡볶이 신전 치즈 김밥 참치 컵밥 뿌링클 치즈볼 누릉 아몬드 브리 데일 데일 리그 힐링 사진 안산 중앙
77,2020-09-20,bhc bhc food 뿌링클 신전 떡볶이 치킨 분식 치킨 뿌링클 치즈볼 신전 떡볶이 치즈떡볶이 먹스타그램 음식 스타 음식
78,2020-09-20,bhc bhc food 뿌링클 신전 떡볶이 치킨 분식 치킨 뿌링클 치즈볼 신전 떡볶이 치즈떡볶이 먹스타그램 음식 스타 음식
79,2020-09-20,어제 떡볶이 찜닭 치즈볼 떡볶이 신전 떡볶이 스타
80,2020-09-18,bhc instadaily foodpics 불금 건전 전하 홈술 뿌링클 진리 뿌링소스 국룰 사회 거리 두기 실천 진아 불금 뿌링클 치킨 치킨 치즈볼 신전 떡볶이 떡볶이 덕후 치맥 스타 안주 스타 치킨스타그램 진로 이즈 데일
81,2020-09-17,치킨 쓰리콤 황금올리브 치킨 슈프림 양념치킨 신전 떡볶이 치즈볼 치킨 매니아
82,2020-09-17,신전 떡볶이 신전 떡볶이 떡볶이 맛집 떡볶이 떡볶이 스타 떡볶이 덕후 치즈볼 스팸마요덮밥 스팸마 컵밥 존맛 존맛 먹방 먹스타그램 먹스타그램 먹방 먹방 스타 점심 점심 점심 점심 점심 배달 음식 배달 음식 맛집
83,2020-09-17,신전 떡볶이 신전 떡볶이 떡볶이 맛집 떡볶이 떡볶이 스타 떡볶이 덕후 치즈볼 스팸마요덮밥 스팸마 컵밥 존맛 존맛 먹방 먹스타그램 먹스타그램 먹방 먹방 스타 점심 점심 점심 점심 점심 배달 음식 배달 음식 맛집
84,2020-09-16,jmt 떡볶이 모닝 떡볶이 신전 신전 떡볶이 치킨 컵밥 참치 샐러드 컵밥 오뎅 튀김 치즈볼 소울푸드 먹스타그램 맛스타그램
85,2020-09-16,jmt 떡볶이 모닝 떡볶이 신전 신전 떡볶이 치킨 컵밥 참치 샐러드 컵밥 오뎅 튀김 치즈볼 소울푸드 먹스타그램 맛스타그램
86,2020-09-14,퇴근길 저녁 먹스타그램 신전 떡볶이 떡볶이 껍질 튀김 치즈볼 타이거 슈가 밀크
87,2020-09-14,solia 오랜만 신전 떡볶이 사이 항상 기본 다가 치즈떡볶이 어보 사이드 신전 만두 치즈볼 치즈볼 원인 다방 초코 아이스 초코 진해 가성 마스크 계속 착용 코로나 조심 코로나 피해 신전 신전 떡볶이 치즈떡볶이 만두 치즈볼 신전 치즈볼 다방 초코 다방 초코 코로나 조심
88,2020-09-14,solia 오랜만 신전 떡볶이 사이 항상 기본 다가 치즈떡볶이 어보 사이드 신전 만두 치즈볼 치즈볼 원인 다방 초코 아이스 초코 진해 가성 마스크 계속 착용 코로나 조심 코로나 피해 신전 신전 떡볶이 치즈떡볶이 만두 치즈볼 신전 치즈볼 다방 초코 다방 초코 코로나 조심
89,2020-09-14,solia 오랜만 신전 떡볶이 사이 항상 기본 다가 치즈떡볶이 어보 사이드 신전 만두 치즈볼 치즈볼 원인 다방 초코 아이스 초코 진해 가성 마스크 계속 착용 코로나 조심 코로나 피해 신전 신전 떡볶이 치즈떡볶이 만두 치즈볼 신전 치즈볼 다방 초코 다방 초코 코로나 조심
90,2020-09-14,solia 오랜만 신전 떡볶이 사이 항상 기본 다가 치즈떡볶이 어보 사이드 신전 만두 치즈볼 치즈볼 원인 다방 초코 아이스 초코 진해 가성 마스크 계속 착용 코로나 조심 코로나 피해 신전 신전 떡볶이 치즈떡볶이 만두 치즈볼 신전 치즈볼 다방 초코 다방 초코 코로나 조심
91,2020-09-14,solia 오랜만 신전 떡볶이 사이 항상 기본 다가 치즈떡볶이 어보 사이드 신전 만두 치즈볼 치즈볼 원인 다방 초코 아이스 초코 진해 가성 마스크 계속 착용 코로나 조심 코로나 피해 신전 신전 떡볶이 치즈떡볶이 만두 치즈볼 신전 치즈볼 다방 초코 다방 초코 코로나 조심
92,2020-09-14,신전 떡볶이 사실 떡볶이 피드 떡볶이 별로 고추장 후추 신전 쫄깃한데 오뎅 순대 고구마 치즈볼 크림 치즈볼 고치 쫄깃하 고구마 적당 달달 크림 치즈볼 치가 떡볶이 아주 스타 먹스타그램 먹스타그램 스타 신전 신전 떡볶이 구마 치즈볼 치즈볼 크림 치즈볼 떡볶이 순대 분식 떡순
93,2020-09-14,신전 떡볶이 사실 떡볶이 피드 떡볶이 별로 고추장 후추 신전 쫄깃한데 오뎅 순대 고구마 치즈볼 크림 치즈볼 고치 쫄깃하 고구마 적당 달달 크림 치즈볼 치가 떡볶이 아주 스타 먹스타그램 먹스타그램 스타 신전 신전 떡볶이 구마 치즈볼 치즈볼 크림 치즈볼 떡볶이 순대 분식 떡순
94,2020-09-14,신전 떡볶이 사실 떡볶이 피드 떡볶이 별로 고추장 후추 신전 쫄깃한데 오뎅 순대 고구마 치즈볼 크림 치즈볼 고치 쫄깃하 고구마 적당 달달 크림 치즈볼 치가 떡볶이 아주 스타 먹스타그램 먹스타그램 스타 신전 신전 떡볶이 구마 치즈볼 치즈볼 크림 치즈볼 떡볶이 순대 분식 떡순
95,2020-09-14,신전 떡볶이 사실 떡볶이 피드 떡볶이 별로 고추장 후추 신전 쫄깃한데 오뎅 순대 고구마 치즈볼 크림 치즈볼 고치 쫄깃하 고구마 적당 달달 크림 치즈볼 치가 떡볶이 아주 스타 먹스타그램 먹스타그램 스타 신전 신전 떡볶이 구마 치즈볼 치즈볼 크림 치즈볼 떡볶이 순대 분식 떡순
96,2020-09-14,베스킨라빈스 첵스 초코 케이크 아웃백 폭립 투움바 파스타 신전 떡볶이 치즈볼 오랜만 배달 음식
97,2020-09-13,동해 뿌링클 신전 떡볶이 동해 동해 맛집 동해 신전 떡볶이 치즈볼 맥도날드 치킨
98,2020-09-13,동해 뿌링클 신전 떡볶이 동해 동해 맛집 동해 신전 떡볶이 치즈볼 맥도날드 치킨
99,2020-09-12,bhc bhc bhc 맛초킹 일전 동네 체인 먹어봣어욤 허니 신전 지인 만날 이제 느님 후라이드 다가 요런 다양 신세계 구석 먹스타그램 고덕 평택 고덕 느님 맛초킹 치즈볼 이사준 평택 먹스타그램
100,2020-09-11,페북 보고 다짐 나치 공이 민하 다가 떡볶이 이걸루 택했당 양념 처갓집 처갓집 떡볶이 신전 떡볶이 치즈 치즈볼 치즈볼 마시쪙 오빠 먹음 치즈볼 뿌링클 이름 거기 치즈볼 치킨 매니아 레게 노치 치즈볼 쌩맥 배부 꿋꿋 그게 돼지
101,2020-09-11,산내 돈내 산후 신전 떡볶이 무려 세트 위엄 김밥 그냥 음으로 치즈볼 신전 치즈볼 치즈볼 진리
102,2020-09-11,산내 돈내 산후 신전 떡볶이 무려 세트 위엄 김밥 그냥 음으로 치즈볼 신전 치즈볼 치즈볼 진리
103,2020-09-11,신전 떡볶이 맥도날드 버거킹 신전 떡볶이 맥도날드 버거킹 떡볶이 어묵 튀김 지후 라이 감자 소스 칠리 치즈볼 크림 치즈볼 샐러드
104,2020-09-11,신전 떡볶이 맥도날드 버거킹 신전 떡볶이 맥도날드 버거킹 떡볶이 어묵 튀김 지후 라이 감자 소스 칠리 치즈볼 크림 치즈볼 샐러드
105,2020-09-10,jmt 이또 어보 리라 타일 피자 훈제 치킨 치즈볼 오징어 치즈스틱 신전 떡볶이 오뎅 튀김 모듬 튀김 쥬시쿨 네네 치킨 신전 김밥 치즈 김밥 빈츠 팝콘 썬칩 콜라 커피 공룡 다이어트 내일 시작 맛스타그램 먹스타그램 서울 인천 경기도
106,2020-09-10,jmt 이또 어보 리라 타일 피자 훈제 치킨 치즈볼 오징어 치즈스틱 신전 떡볶이 오뎅 튀김 모듬 튀김 쥬시쿨 네네 치킨 신전 김밥 치즈 김밥 빈츠 팝콘 썬칩 콜라 커피 공룡 다이어트 내일 시작 맛스타그램 먹스타그램 서울 인천 경기도
107,2020-09-10,신전 떡볶이 떡볶이 중간 더니 치마 오뎅 튀김 신전 필수 신전 김밥 매콤 치즈 어가 둔둑해욤 신전 떡볶이 맛집 먹방 먹스타그램 팔마 셀피 카레 튀김 치즈볼 후기 적당 스타 힐링 분위기 소한
108,2020-09-10,신전 떡볶이 떡볶이 중간 더니 치마 오뎅 튀김 신전 필수 신전 김밥 매콤 치즈 어가 둔둑해욤 신전 떡볶이 맛집 먹방 먹스타그램 팔마 셀피 카레 튀김 치즈볼 후기 적당 스타 힐링 분위기 소한
109,2020-09-10,신전 떡볶이 떡볶이 중간 더니 치마 오뎅 튀김 신전 필수 신전 김밥 매콤 치즈 어가 둔둑해욤 신전 떡볶이 맛집 먹방 먹스타그램 팔마 셀피 카레 튀김 치즈볼 후기 적당 스타 힐링 분위기 소한
110,2020-09-10,신전 떡볶이 떡볶이 중간 더니 치마 오뎅 튀김 신전 필수 신전 김밥 매콤 치즈 어가 둔둑해욤 신전 떡볶이 맛집 먹방 먹스타그램 팔마 셀피 카레 튀김 치즈볼 후기 적당 스타 힐링 분위기 소한
111,2020-09-10,용인 워킹맘 동네 맛집 강남대 맛집 신전 떡볶이 거리 두기 쉬는목욜 주도 점심 외식 다행 골목 상권 리기 튀김 오뎅 치즈볼 떡볶이
112,2020-09-09,신전 사실 치즈볼 려고 배달 배달 음식 배달의민족 최고 분식 저녁 혼밥 혼밥 떡볶이 김밥 치즈볼 오뎅 김말이 신전 떡볶이 배부 비주 가성 비갑 피드꾸 미기 피드 피드채 우기 인스타그램 언팔 언팔 언팔
113,2020-09-09,신전 사실 치즈볼 려고 배달 배달 음식 배달의민족 최고 분식 저녁 혼밥 혼밥 떡볶이 김밥 치즈볼 오뎅 김말이 신전 떡볶이 배부 비주 가성 비갑 피드꾸 미기 피드 피드채 우기 인스타그램 언팔 언팔 언팔
114,2020-09-09,신전 떡볶이 죽도 사랑
115,2020-09-09,신전 떡볶이 떡볶이 김말이 오징어 튀김 쫀득 고구마 치즈볼 피스
116,2020-09-08,bbq bbq 클린 클린 모닝 식단 원한 천도 복숭아 흑임자 아몬드 브리 스크램블에그 뇸뇸 어젯밤 야식 먹곸 신전 치즈떡볶이 퇴근길 포장 픽업 황금올리브 양념 리하나 후라이드 치즈볼 기준 이정 도면 양심 파서 일찍 일어 다지 가지 폭풍 잘자욬 꿀팁 지금 배달의민족 장하 천원 할인 배달 천원 할인 아침 식단 아침 공복 유산 식단 공유 다이어터 홍보 치즈볼 야식 자랑 아주 꺄륵 굿모닝 취침 돌입 일어 출근
117,2020-09-07,먹스타그램 스타 스타 신전 떡볶이 치즈볼 배민 최고 순대볶음 소맥 파티
118,2020-09-07,저녁 신전 떡볶이 치즈볼 존맛 떡볶이 스타 신전 떡볶이 중간 매콤 달콤 치즈볼 김은진 치즈떡볶이 존맛 먹스타그램 맛스타그램
119,2020-09-07,저녁 신전 떡볶이 치즈볼 존맛 떡볶이 스타 신전 떡볶이 중간 매콤 달콤 치즈볼 김은진 치즈떡볶이 존맛 먹스타그램 맛스타그램
120,2020-09-07,신전 떡볶이 신전 떡볶이 떡볶이 신전 치즈볼 김밥 분식 봉천동 봉천역 먹스타그램 맛스타그램 맛스타 스타 스타 음식 존맛 존맛 존맛 구리
121,2020-09-07,신전 떡볶이 신전 떡볶이 떡볶이 신전 치즈볼 김밥 분식 봉천동 봉천역 먹스타그램 맛스타그램 맛스타 스타 스타 음식 존맛 존맛 존맛 구리
122,2020-09-07,신전 떡볶이 신전 떡볶이 떡볶이 신전 치즈볼 김밥 분식 봉천동 봉천역 먹스타그램 맛스타그램 맛스타 스타 스타 음식 존맛 존맛 존맛 구리
123,2020-09-07,오랜만 매콤 신전 떡볶이 떡볶이 떡볶이 중간 치즈볼 잡채 오랜만 외출 신전 떡볶이 센터 다리 근처 위치 신전 떡볶이 중간 어보 듯이 치즈볼 크림 치즈볼 달달 크림 치즈 잡채 어묵 만두 떡볶이 신전 신전 떡볶이 신전 떡볶이 스타 푸드 스타 푸드 떡볶이 맛집 떡볶이 맛집 매콤 치즈볼 테러
124,2020-09-07,오랜만 매콤 신전 떡볶이 떡볶이 떡볶이 중간 치즈볼 잡채 오랜만 외출 신전 떡볶이 센터 다리 근처 위치 신전 떡볶이 중간 어보 듯이 치즈볼 크림 치즈볼 달달 크림 치즈 잡채 어묵 만두 떡볶이 신전 신전 떡볶이 신전 떡볶이 스타 푸드 스타 푸드 떡볶이 맛집 떡볶이 맛집 매콤 치즈볼 테러
125,2020-09-07,오랜만 매콤 신전 떡볶이 떡볶이 떡볶이 중간 치즈볼 잡채 오랜만 외출 신전 떡볶이 센터 다리 근처 위치 신전 떡볶이 중간 어보 듯이 치즈볼 크림 치즈볼 달달 크림 치즈 잡채 어묵 만두 떡볶이 신전 신전 떡볶이 신전 떡볶이 스타 푸드 스타 푸드 떡볶이 맛집 떡볶이 맛집 매콤 치즈볼 테러
126,2020-09-07,오랜만 매콤 신전 떡볶이 떡볶이 떡볶이 중간 치즈볼 잡채 오랜만 외출 신전 떡볶이 센터 다리 근처 위치 신전 떡볶이 중간 어보 듯이 치즈볼 크림 치즈볼 달달 크림 치즈 잡채 어묵 만두 떡볶이 신전 신전 떡볶이 신전 떡볶이 스타 푸드 스타 푸드 떡볶이 맛집 떡볶이 맛집 매콤 치즈볼 테러
127,2020-09-07,오랜만 매콤 신전 떡볶이 떡볶이 떡볶이 중간 치즈볼 잡채 오랜만 외출 신전 떡볶이 센터 다리 근처 위치 신전 떡볶이 중간 어보 듯이 치즈볼 크림 치즈볼 달달 크림 치즈 잡채 어묵 만두 떡볶이 신전 신전 떡볶이 신전 떡볶이 스타 푸드 스타 푸드 떡볶이 맛집 떡볶이 맛집 매콤 치즈볼 테러
128,2020-09-07,오랜만 매콤 신전 떡볶이 떡볶이 떡볶이 중간 치즈볼 잡채 오랜만 외출 신전 떡볶이 센터 다리 근처 위치 신전 떡볶이 중간 어보 듯이 치즈볼 크림 치즈볼 달달 크림 치즈 잡채 어묵 만두 떡볶이 신전 신전 떡볶이 신전 떡볶이 스타 푸드 스타 푸드 떡볶이 맛집 떡볶이 맛집 매콤 치즈볼 테러
129,2020-09-07,offinghouse 이도 폴앤 메리 모짜렐라 치즈버거 만석 닭강정 라떼 신전 떡볶이 페리 카나 치킨 치즈볼 냉면 아바이순대 동제 테라로사 엘빈 순두부 젤라또 초당 순두부 강릉 속초 양양 주문진 동해 이도 다이어트 반전 개이득 근육
130,2020-09-05,신전 떡볶이 신전 신전 치즈볼 신전 튀김 신전 튀김 치즈떡볶이 치즈볼 존맛 존맛 먹스타그램 맛스타그램 스타
131,2020-09-05,신전 떡볶이 신전 신전 치즈볼 신전 튀김 신전 튀김 치즈떡볶이 치즈볼 존맛 존맛 먹스타그램 맛스타그램 스타
132,2020-09-05,신전 떡볶이 신전 신전 치즈볼 신전 튀김 신전 튀김 치즈떡볶이 치즈볼 존맛 존맛 먹스타그램 맛스타그램 스타
133,2020-09-05,신전 떡볶이 신전 신전 치즈볼 신전 튀김 신전 튀김 치즈떡볶이 치즈볼 존맛 존맛 먹스타그램 맛스타그램 스타
134,2020-09-05,신전 떡볶이 신전 신전 치즈볼 신전 튀김 신전 튀김 치즈떡볶이 치즈볼 존맛 존맛 먹스타그램 맛스타그램 스타
135,2020-09-04,followforfollowback fff follow like flf lfl likesforlike likers instadaily instalike instagood instafood 신전 떡볶이 치즈볼 튀김 오뎅 튀김 만두 스타 먹스타그램 스타 팔로우 댓글 환영 테러
136,2020-09-03,신전 떡볶이 컵밥 튀김 치즈볼 쥬시쿨
137,2020-09-02,bhc 파티 행복 힐링 힐링 타임 족발 피자 치킨 떡볶이 김밥 튀김 막국수 치즈볼 도미노피자 할머니 신전 떡볶이 먹방 스타 먹방 맛집 고양 행신 화정 일상생활 수요일 평일
138,2020-09-02,rainydayhealingtimeyummyyummyphotography 아무 도하 입맛 신전 떡볶이 튀김 먹스타그램 크림 치즈 치즈볼 신전 김밥 김밥 떡볶이 분식 옛날 노래 듣기 힐링 집밥 대전 맛집 국물 떡볶이
139,2020-09-02,rainydayhealingtimeyummyyummyphotography 아무 도하 입맛 신전 떡볶이 튀김 먹스타그램 크림 치즈 치즈볼 신전 김밥 김밥 떡볶이 분식 옛날 노래 듣기 힐링 집밥 대전 맛집 국물 떡볶이
140,2020-09-02,조마 신전 떡볶이 치즈떡볶이 치즈 김밥 치즈볼 치즈 덕후 띠드 알럽 치즈 치즈 떡볶이 맛스타그램 먹스타그램 먹방 스타 먹방 일기 먹방 투어 먹방 기록 일리
141,2020-09-01,신전 떡보
142,2020-09-01,코로나 때문 집콕 음식 황금올리브 치킨 치즈볼 광희 신전 떡볶이 광어 연어초밥
143,2020-08-28,신전 떡볶이 치즈 치즈볼 떡볶이
144,2020-08-27,신전 떡볶이 치즈볼 미스 족발
145,2020-08-26,세번 먹스타그램 신전 떡볶이 떡볶이 김말이 고구마 치즈볼 신전 매장 포장 김말이 겉바 필요 고구마 치즈볼 쫀득 살볼 고구마 무스 최고 한번 보시 치즈 셀프 영상 주위 분해 리진 만두 풀무원 은피 만두 이마트 트레이더스 구입 고요 신전 국물 델몬트 망고 쥬스 얼음 쥬스 사진 갈증 쥬스 메가마트 천원 구입
146,2020-08-26,세번 먹스타그램 신전 떡볶이 떡볶이 김말이 고구마 치즈볼 신전 매장 포장 김말이 겉바 필요 고구마 치즈볼 쫀득 살볼 고구마 무스 최고 한번 보시 치즈 셀프 영상 주위 분해 리진 만두 풀무원 은피 만두 이마트 트레이더스 구입 고요 신전 국물 델몬트 망고 쥬스 얼음 쥬스 사진 갈증 쥬스 메가마트 천원 구입
147,2020-08-26,세번 먹스타그램 신전 떡볶이 떡볶이 김말이 고구마 치즈볼 신전 매장 포장 김말이 겉바 필요 고구마 치즈볼 쫀득 살볼 고구마 무스 최고 한번 보시 치즈 셀프 영상 주위 분해 리진 만두 풀무원 은피 만두 이마트 트레이더스 구입 고요 신전 국물 델몬트 망고 쥬스 얼음 쥬스 사진 갈증 쥬스 메가마트 천원 구입
148,2020-08-26,신전 신전 떡볶이 치즈떡볶이 신전 사직 어묵 튀김 치즈볼 코로나 동래구 진자 두려움 제발 태풍 코로나 태풍 조심
149,2020-08-26,신전 신전 떡볶이 치즈떡볶이 신전 사직 어묵 튀김 치즈볼 코로나 동래구 진자 두려움 제발 태풍 코로나 태풍 조심
150,2020-08-26,신전 신전 떡볶이 치즈떡볶이 신전 사직 어묵 튀김 치즈볼 코로나 동래구 진자 두려움 제발 태풍 코로나 태풍 조심
151,2020-08-24,급땡 기네 신전 떡볶이 야식
152,2020-08-23,제목 학교 신전 떡볶이 날짜 화요일 날씨 학교 판화 실습 에코 방문 원데이 클래스 수업 실크 스크린 흥미 기회 점심시간 학교 위치 신전 떡볶이 방문 치즈떡볶이 스팸마 컵밥 어묵 튀김 크림 치즈볼 구들 신전 떡볶이 어도 크림 치즈볼 필수 사이드 자리 일기
153,2020-08-23,제목 학교 신전 떡볶이 날짜 화요일 날씨 학교 판화 실습 에코 방문 원데이 클래스 수업 실크 스크린 흥미 기회 점심시간 학교 위치 신전 떡볶이 방문 치즈떡볶이 스팸마 컵밥 어묵 튀김 크림 치즈볼 구들 신전 떡볶이 어도 크림 치즈볼 필수 사이드 자리 일기
154,2020-08-23,제목 학교 신전 떡볶이 날짜 화요일 날씨 학교 판화 실습 에코 방문 원데이 클래스 수업 실크 스크린 흥미 기회 점심시간 학교 위치 신전 떡볶이 방문 치즈떡볶이 스팸마 컵밥 어묵 튀김 크림 치즈볼 구들 신전 떡볶이 어도 크림 치즈볼 필수 사이드 자리 일기
155,2020-08-23,plz be safe home stayhome covid behealthy 요즘 모든 운동 시설 테이크아웃 가기 건강 최고 이기 유산균 비타 비타민 펭수 미니 언즈 미니 펭수 주말 코로나 단계 나이키 펭수 비타 비타 오백 젤리 펭수키링 던킨 도넛 수피 규어 떡볶이 치즈볼 베이글 신전 떡볶이 카페인 대신 비타 밀크 미니 미니 미니 나이키 배달 맥도날드 해피밀 펭하 마테 건강 비타민 코코넛 커피
156,2020-08-23,신전 떡볶이 컵밥 오뎅 튀김 김말이 치즈볼 떡볶이 신전 떡볶이 마다 실망 키질 치마 컵밥 떡볶이 신전 떡볶이 강추
157,2020-08-23,신전 떡볶이 컵밥 오뎅 튀김 김말이 치즈볼 떡볶이 신전 떡볶이 마다 실망 키질 치마 컵밥 떡볶이 신전 떡볶이 강추
158,2020-08-23,신전 떡볶이 컵밥 오뎅 튀김 김말이 치즈볼 떡볶이 신전 떡볶이 마다 실망 키질 치마 컵밥 떡볶이 신전 떡볶이 강추
159,2020-08-19,tday 공차 블랙 밀크 신전 떡볶이 치즈떡볶이 치즈볼 잡채 이비 펭수 얼음 동동
160,2020-08-19,신전 떡볶이 어묵 튀김 김밥 치즈볼 순대 치즈 맥주 소주 완벽
161,2020-08-18,essential tip by easy repost app bhc cheese 저장 브랜드 치즈볼 모음 본사 치즈볼 맛스타그램 치킨 맘스터치 신전 떡볶이 페리 카나 버거킹 필수 정보 꿀팁 명랑 핫도그 치킨 푸라닭 찹쌀 도너츠 치즈 치즈 요리 고구마 치즈볼 쫀득 치즈볼
162,2020-08-17,jmt 신전 떡볶이 메이드 김치볶음밥 치즈떡볶이 치즈볼 김말이 다이어트 먹스타그램
163,2020-08-17,불토 신전 떡볶이 맛초킹 치즈볼 달전 기주 세잔 병마 중간 텐션 어진 한지 나진 아직 웃기
164,2020-08-17,신전 떡볶이
165,2020-08-16,오랜만 돼지 파티 곱창 처음 거기 물속 날씨 서서 사람 신전 오랜만 런가 음정 밀떡 치즈 광희 치킨 치즈볼 말복 막창 떡볶이 치킨 조합 항상 일박 가즈 네고왕 광희 비비큐 황금올리브 치즈볼 신전 떡볶이 곱창 막창존맛 돼지 파티 일리치 킨먹 스타 먹스타그램
166,2020-08-16,오랜만 돼지 파티 곱창 처음 거기 물속 날씨 서서 사람 신전 오랜만 런가 음정 밀떡 치즈 광희 치킨 치즈볼 말복 막창 떡볶이 치킨 조합 항상 일박 가즈 네고왕 광희 비비큐 황금올리브 치즈볼 신전 떡볶이 곱창 막창존맛 돼지 파티 일리치 킨먹 스타 먹스타그램
167,2020-08-15,무마 싯당 신전 떡볶이 떡볶이 컵밥 튀김 치즈볼 김밥
168,2020-08-14,상도 창원 스마 스타 먹방 스타 운동 스타 헤어 스타 구차 찬스 드라이브 마산 현동 신규 오픈 신전 떡볶이 셋트 소방차 가격 도착 치킨 포테이토 치즈볼 추억 도시락 차량 찬스 귀가
169,2020-08-14,신전 떡볶이 신전 치즈 김밥 떡볶이 고구마 치즈볼 오뎅 튀김 분식 분식 스타 분식 떡볶이 음식 스타 음식사진 음식 음식 촬영 치즈 치즈볼 최애 최애 맛집 최애 음식
170,2020-08-14,신전 떡볶이 신전 치즈 김밥 떡볶이 고구마 치즈볼 오뎅 튀김 분식 분식 스타 분식 떡볶이 음식 스타 음식사진 음식 음식 촬영 치즈 치즈볼 최애 최애 맛집 최애 음식
171,2020-08-12,food foodporn foodphotography followforfollowback fff likeforlikes foodstagram follow followback delicious yummy foodgasm foodie 신전 떡볶이 어묵 튀김 삼겹살 치즈볼 먹스타그램 팔로우 맛스타그램
172,2020-08-12,신전 떡볶이 오뎅 치즈 김밥 치즈볼 단호박 튀김 김말이 해장 술안주 뽕삐리 아따 덕분 행복
173,2020-08-11,신전 이쥬 신전 사장 최고 김포 김포 맛집 맛집 촌핫 신전 떡볶이 신전 떡볶이 맛집 떡볶이 빨간색 스팸마요덮밥 참치 샐러드 컵밥 오뎅 튀김 치즈볼 직장인 점심 스타 떡볶이 댓글 감사
174,2020-08-11,신전 이쥬 신전 사장 최고 김포 김포 맛집 맛집 촌핫 신전 떡볶이 신전 떡볶이 맛집 떡볶이 빨간색 스팸마요덮밥 참치 샐러드 컵밥 오뎅 튀김 치즈볼 직장인 점심 스타 떡볶이 댓글 감사
175,2020-08-11,신전 이쥬 신전 사장 최고 김포 김포 맛집 맛집 촌핫 신전 떡볶이 신전 떡볶이 맛집 떡볶이 빨간색 스팸마요덮밥 참치 샐러드 컵밥 오뎅 튀김 치즈볼 직장인 점심 스타 떡볶이 댓글 감사
176,2020-08-11,신전 이쥬 신전 사장 최고 김포 김포 맛집 맛집 촌핫 신전 떡볶이 신전 떡볶이 맛집 떡볶이 빨간색 스팸마요덮밥 참치 샐러드 컵밥 오뎅 튀김 치즈볼 직장인 점심 스타 떡볶이 댓글 감사
177,2020-08-09,bhc bhc 골드 치즈볼 신전 떡볶이 오뎅 골드 치즈볼 신전 오뎅 튀김 엄마 먹쟈 꿀맛 음식 스타 음식 방학
178,2020-08-09,bhc bhc 골드 치즈볼 신전 떡볶이 오뎅 골드 치즈볼 신전 오뎅 튀김 엄마 먹쟈 꿀맛 음식 스타 음식 방학
179,2020-08-09,selfie 왜케 신전 떡볶이 신세계 배달 음식 항상 치킨 피자 족발 신전 떡볶이 괜찮넹 자주 창원 마산 진해 부산 현동 가포 현동 맛집 신전 떡볶이 배달의민족 김밥 순대 치즈볼 확행 맛스타그램 아스타 아들 스타 운동 건강 야식 마산 카페 셀피
180,2020-08-09,selfie 왜케 신전 떡볶이 신세계 배달 음식 항상 치킨 피자 족발 신전 떡볶이 괜찮넹 자주 창원 마산 진해 부산 현동 가포 현동 맛집 신전 떡볶이 배달의민족 김밥 순대 치즈볼 확행 맛스타그램 아스타 아들 스타 운동 건강 야식 마산 카페 셀피
181,2020-08-09,selfie 왜케 신전 떡볶이 신세계 배달 음식 항상 치킨 피자 족발 신전 떡볶이 괜찮넹 자주 창원 마산 진해 부산 현동 가포 현동 맛집 신전 떡볶이 배달의민족 김밥 순대 치즈볼 확행 맛스타그램 아스타 아들 스타 운동 건강 야식 마산 카페 셀피
182,2020-08-07,bhc cheese 저장 브랜드 치즈볼 모음 본사 치즈볼 맛스타그램 치킨 맘스터치 신전 떡볶이 페리 카나 버거킹 필수 정보 꿀팁 명랑 핫도그 치킨 푸라닭 찹쌀 도너츠 치즈 치즈 요리 고구마 치즈볼 쫀득 치즈볼
183,2020-08-04,신전 떡볶이 오뎅 튀김 스팸마요덮밥 로제 찜닭 치즈볼
184,2020-08-04,pascucci 신전 떡볶이 치즈떡볶이 치즈볼 어묵 만두 사이다 파스쿠찌 청포 도에이
185,2020-08-03,신전 생겻오 신전 떡볶이 치즈볼
186,2020-08-03,신전 생겻오 신전 떡볶이 치즈볼
187,2020-07-31,jmt food foodi foodstagram daily like likeforfollow 신전 떡볶이 교촌치킨 부림 엽떡 허니콤 보가 신전 허니콤 조합 교촌 치즈볼 처음 엄마 부침개 행복 저녁 먹스타그램 맛집 맛집 스타 푸드 스타 음식 스타 음식 존맛 먹방 행복 데일 저녁 스타
188,2020-07-31,jmt food foodi foodstagram daily like likeforfollow 신전 떡볶이 교촌치킨 부림 엽떡 허니콤 보가 신전 허니콤 조합 교촌 치즈볼 처음 엄마 부침개 행복 저녁 먹스타그램 맛집 맛집 스타 푸드 스타 음식 스타 음식 존맛 먹방 행복 데일 저녁 스타
189,2020-07-24,daegu restaurant recommend korea sweetpotatoes cheese side fried tasty photo photograpy daily blessu 신전 떡볶이 동성로 고구마 치즈볼 사람 해주 소서 행복 대구 대구 맛집 맛집 분식 신전 떡볶이 떡볶이 튀김 먹방 사진 고구마 치즈볼 치즈스틱 만두
190,2020-07-24,daegu restaurant recommend korea sweetpotatoes cheese side fried tasty photo photograpy daily blessu 신전 떡볶이 동성로 고구마 치즈볼 사람 해주 소서 행복 대구 대구 맛집 맛집 분식 신전 떡볶이 떡볶이 튀김 먹방 사진 고구마 치즈볼 치즈스틱 만두
191,2020-07-23,신전 떡볶이 신전 떡볶이 떡볶이 신전 컵밥 치마 치마 컵밥 치즈떡볶이 튀김 치즈스틱 치즈볼 고구마 치즈볼 순대
192,2020-07-23,신전 떡볶이 신전 떡볶이 떡볶이 신전 컵밥 치마 치마 컵밥 치즈떡볶이 튀김 치즈스틱 치즈볼 고구마 치즈볼 순대
193,2020-07-23,신전 떡볶이 신전 떡볶이 떡볶이 신전 컵밥 치마 치마 컵밥 치즈떡볶이 튀김 치즈스틱 치즈볼 고구마 치즈볼 순대
194,2020-07-23,슈프림 양념치킨 치즈볼 치즈떡볶이 치마 컵밥 신전 김밥 처갓집 양념치킨 신전 떡볶이
195,2020-07-23,슈프림 양념치킨 치즈볼 치즈떡볶이 치마 컵밥 신전 김밥 처갓집 양념치킨 신전 떡볶이
196,2020-07-21,instagram insta instagood like food foodstagram ttokbokki 떡볶이 음식 음식 스타 음식 계정 떡볶이 신전 떡볶이 치즈볼 김말이 치마 컵밥 팔로우
197,2020-07-20,맛스타그램 먹스타그램 저녁 맛저 데이 신전 떡볶이 치즈볼 떡볶이 스팸마요덮밥 순대 달걀 오징어 튀김 이디야 레몬 아이스티 하늘 샴푸 치약 쟁의 서막 생일상 데이 실기 그냥
198,2020-07-20,신전 떡볶이 신전 떡볶이 떡볶이 저녁 저녁 먹스타그램 퇴근 맛집 맛스타그램 스타 환영 목포 광주 팔로우 팔로잉 튀김 김밥 치즈볼 데일 다이렉트
199,2020-07-20,신전 떡볶이 신전 떡볶이 떡볶이 저녁 저녁 먹스타그램 퇴근 맛집 맛스타그램 스타 환영 목포 광주 팔로우 팔로잉 튀김 김밥 치즈볼 데일 다이렉트
200,2020-07-20,vvip 가보 신전 박물관 신전 캐릭터 미가 김말이 캐릭터 색칠 다가 중간 전국 신전 지점 모형 처럼 전시 고등학교 지점 우리동네 지점 머리 그나 본사 신전 치즈볼 처음 본사 최고다 손님 처음 입장료 막상 체험 거리 떡볶이 무한 마지막 키트 로봇 신기 동하 기차 모양
201,2020-07-20,vvip 가보 신전 박물관 신전 캐릭터 미가 김말이 캐릭터 색칠 다가 중간 전국 신전 지점 모형 처럼 전시 고등학교 지점 우리동네 지점 머리 그나 본사 신전 치즈볼 처음 본사 최고다 손님 처음 입장료 막상 체험 거리 떡볶이 무한 마지막 키트 로봇 신기 동하 기차 모양
202,2020-07-20,vvip 가보 신전 박물관 신전 캐릭터 미가 김말이 캐릭터 색칠 다가 중간 전국 신전 지점 모형 처럼 전시 고등학교 지점 우리동네 지점 머리 그나 본사 신전 치즈볼 처음 본사 최고다 손님 처음 입장료 막상 체험 거리 떡볶이 무한 마지막 키트 로봇 신기 동하 기차 모양
203,2020-07-20,vvip 가보 신전 박물관 신전 캐릭터 미가 김말이 캐릭터 색칠 다가 중간 전국 신전 지점 모형 처럼 전시 고등학교 지점 우리동네 지점 머리 그나 본사 신전 치즈볼 처음 본사 최고다 손님 처음 입장료 막상 체험 거리 떡볶이 무한 마지막 키트 로봇 신기 동하 기차 모양
204,2020-07-20,food tteokbokki 신전 먹스타그램 신전 떡볶이 떡볶이 중간 야식 튀김 단호박 튀김 크림 치즈 치즈볼 크림 치즈볼 컵밥 스팸마 컵밥 스팸마요덮밥 사이다
205,2020-07-20,food tteokbokki 신전 먹스타그램 신전 떡볶이 떡볶이 중간 야식 튀김 단호박 튀김 크림 치즈 치즈볼 크림 치즈볼 컵밥 스팸마 컵밥 스팸마요덮밥 사이다
206,2020-07-19,일반 저녁 제어 정도 일반 어도 식단 어도 디저트 아이스크림 과자 초콜릿 계속 바프 준비 제일 신전 떡볶이 포장 사이드 메뉴인 치즈 김밥 크림 치즈볼 실화 국물 스스로 후식 마카롱 운동 숀리 바이크 다이어트 다이어터 유지 어터 다이어트식단 식단 일기 운동 일지 직장인 운동 운동 헬스운 동하 여자 일반 부산 맛집 신전 떡볶이 떡볶이 치즈볼 신전 치즈 김밥 치즈떡볶이 치팅 데이 분식 먹스타그램 맛스타그램 먹방 맛집 배달의민족 배달 음식 일리 주말
207,2020-07-19,일반 저녁 제어 정도 일반 어도 식단 어도 디저트 아이스크림 과자 초콜릿 계속 바프 준비 제일 신전 떡볶이 포장 사이드 메뉴인 치즈 김밥 크림 치즈볼 실화 국물 스스로 후식 마카롱 운동 숀리 바이크 다이어트 다이어터 유지 어터 다이어트식단 식단 일기 운동 일지 직장인 운동 운동 헬스운 동하 여자 일반 부산 맛집 신전 떡볶이 떡볶이 치즈볼 신전 치즈 김밥 치즈떡볶이 치팅 데이 분식 먹스타그램 맛스타그램 먹방 맛집 배달의민족 배달 음식 일리 주말
208,2020-07-19,일반 저녁 제어 정도 일반 어도 식단 어도 디저트 아이스크림 과자 초콜릿 계속 바프 준비 제일 신전 떡볶이 포장 사이드 메뉴인 치즈 김밥 크림 치즈볼 실화 국물 스스로 후식 마카롱 운동 숀리 바이크 다이어트 다이어터 유지 어터 다이어트식단 식단 일기 운동 일지 직장인 운동 운동 헬스운 동하 여자 일반 부산 맛집 신전 떡볶이 떡볶이 치즈볼 신전 치즈 김밥 치즈떡볶이 치팅 데이 분식 먹스타그램 맛스타그램 먹방 맛집 배달의민족 배달 음식 일리 주말
209,2020-07-18,푸파 찍넴 신전 조지 스타 먹스타그램 먹방 스타 신전 떡볶이 신전 신전 컵밥 치마 컵밥 치즈떡볶이 고구마 치즈볼 치즈볼
210,2020-07-18,푸파 찍넴 신전 조지 스타 먹스타그램 먹방 스타 신전 떡볶이 신전 신전 컵밥 치마 컵밥 치즈떡볶이 고구마 치즈볼 치즈볼
211,2020-07-18,푸파 찍넴 신전 조지 스타 먹스타그램 먹방 스타 신전 떡볶이 신전 신전 컵밥 치마 컵밥 치즈떡볶이 고구마 치즈볼 치즈볼
212,2020-07-18,푸파 찍넴 신전 조지 스타 먹스타그램 먹방 스타 신전 떡볶이 신전 신전 컵밥 치마 컵밥 치즈떡볶이 고구마 치즈볼 치즈볼
213,2020-07-18,flyjungland selfie workout 속담 과거 현재 어제 떡볶이 귀신 신전 치즈떡볶이 순대 충만 치킨 고추장 스노우 치쥬볼 김말이 모찌 먹음 어제 위장 요즘 서터레스 유독 음식 과감 미안 위장 빵구 정도 환영 팔로우 미셀 다이어트 몸매 자극 운동 헬스 훈녀 데일
214,2020-07-17,신전 떡볶이 스팸마 컵밥 이정 양은 신전 떡볶이 스팸마 컵밥 치즈볼
215,2020-07-17,신전 떡볶이 스팸마 컵밥 이정 양은 신전 떡볶이 스팸마 컵밥 치즈볼
216,2020-07-17,교촌치킨 허니콤 레드 콤보 치킨 베이글 김치볶음밥 돼지 양념 갈비 아이스티 신전 떡볶이 떡볶이 치즈볼 죠스떡볶이 튀김 김밥 마을 김밥
217,2020-07-15,신전 떡볶이 오랜만 치즈 사치 최고다 치즈 개맛 먹스타그램 맛스타그램 떡볶이 치즈 치즈볼 튀김 잡채 음식 음식 스타 스팸마 컵밥 치즈떡볶이
218,2020-07-13,신전 신전 떡볶이 신전 치즈떡볶이 치즈떡볶이 떡볶이 신전 치즈볼 치즈볼
219,2020-07-13,신전 신전 떡볶이 신전 치즈떡볶이 치즈떡볶이 떡볶이 신전 치즈볼 치즈볼
220,2020-07-13,신전 신전 떡볶이 신전 치즈떡볶이 치즈떡볶이 떡볶이 신전 치즈볼 치즈볼
221,2020-07-13,신전 신전 떡볶이 신전 치즈떡볶이 치즈떡볶이 떡볶이 신전 치즈볼 치즈볼
222,2020-07-12,신전 떡볶이 신전 김밥 신전 치즈볼 치즈볼 오뎅 베스킨라빈스 민트 초코 아이스크림 초코 아이스크림 바닐라 이구
223,2020-07-12,신전 떡볶이 신전 김밥 신전 치즈볼 치즈볼 오뎅 베스킨라빈스 민트 초코 아이스크림 초코 아이스크림 바닐라 이구
224,2020-07-12,신전 떡볶이 신전 김밥 신전 치즈볼 치즈볼 오뎅 베스킨라빈스 민트 초코 아이스크림 초코 아이스크림 바닐라 이구
225,2020-07-09,daily instafood food foodstagram foodpic foodie tasty yummy 열심 열심 스타 데일 먹방 먹스타그램 떡볶이 치즈볼 신전 떡볶이 치즈떡볶이
226,2020-07-09,신전 떡볶이 떡볶이 치즈볼 미니 핫도그
227,2020-07-09,점심 신전 떡볶이 컵밥 계란 치즈볼 내장 모드 신전 지옥 음번 보통
228,2020-07-09,점심 신전 떡볶이 컵밥 계란 치즈볼 내장 모드 신전 지옥 음번 보통
229,2020-07-08,bhc 맘스터치 싸이버 살사 리코 버거 치즈볼 케이준 양념감자 오랜만 바깥 음식 이제 포장 지경 이르렀다 맘터 싸이버 거가 최고 치즈볼 홍보 해대 치즈 안나 바닐라 아이스크림 당황 껍데기 투머치 신전 치즈볼
230,2020-07-07,운동 떡볶이 꿀맛 칼로리 폭탄 신전 떡볶이 치즈떡볶이 고추 튀김 치즈볼 오뎅 튀김 치마 컵밥
231,2020-07-07,food 떡볶이 분식 순대 김밥 신전 떡볶이 신전 김밥 잡채 고추 튀김 치즈볼 동성로 맛집 경산 대구 영대 먹스타그램 먹방 부림 지스타 야식 저녁 야식 푸드 스타 테러
232,2020-07-07,food 떡볶이 분식 순대 김밥 신전 떡볶이 신전 김밥 잡채 고추 튀김 치즈볼 동성로 맛집 경산 대구 영대 먹스타그램 먹방 부림 지스타 야식 저녁 야식 푸드 스타 테러
233,2020-07-06,foodie foodstagram 쿠캣 찰떡 궁합 치즈스틱 협찬 조합 천재 쿠캣 신상 에어프라이어 리기 만하 치즈 쫙쫜득 치즈스틱 맥주 찰떡 떡볶이 국물 찰떡 이온 챱챱 사랑 치즈볼 쫀득함 식감 아주 완벽 안주 쿠캣 마켓 신규 가입 할인 쿠폰 이벤트 쿠캣 마켓 쿠캣 마켓 치즈스틱 쿠캣 마켓 치즈스틱 치즈스틱 치즈스틱 치즈 치즈 간식 야식 안주 맛스타그램 먹스타그램 스타 홈쿡 안주 스타 간편식 콘치 치즈볼 피처링 신전 떡볶이
234,2020-07-06,tteokbokki 월요병 떡볶이 퇴치 사진 신전 떡볶이 떡볶이 신전 컵밥 오뎅 치즈볼 떡볶이 사랑 월요병 떡볶이 스타 먹스타그램 맛스타그램 스타 계정 먹스타그램 스타 떡볶이 덕후 떡볶이 먹방
235,2020-07-06,tteokbokki 월요병 떡볶이 퇴치 사진 신전 떡볶이 떡볶이 신전 컵밥 오뎅 치즈볼 떡볶이 사랑 월요병 떡볶이 스타 먹스타그램 맛스타그램 스타 계정 먹스타그램 스타 떡볶이 덕후 떡볶이 먹방
236,2020-07-05,때문 두발 신전 떡볶이 경성 꽈배기 핫도그 치즈볼 배터 지게 때문
237,2020-07-05,신전 떡볶이 배달 불어 실망 오징어 튀김 김밥 치즈볼 오징어 튀김 치즈볼 분식 어치 신전 떡볶이 치즈볼 음식 분식 스타 기록
238,2020-07-05,신전 떡볶이 배달 불어 실망 오징어 튀김 김밥 치즈볼 오징어 튀김 치즈볼 분식 어치 신전 떡볶이 치즈볼 음식 분식 스타 기록
239,2020-07-04,신전 떡볶이 떡볶이 음식 치즈 스팸 스팸마 컵밥 컵밥 순대 치즈스틱 치즈볼 껍질 튀김 분식 먹스타그램 스타 맛스타그램 맛스타 스트레스 음식 사진
240,2020-07-04,food followforfollowback 신전 떡볶이 허니콤 콤보 신전 떡볶이 조합 신전 고구마 치즈볼 먹킷 리스트 해주 세욤 하나로 두우 음식 스타 음식 스타 먹스타그램 맛스타그램 맛집 먹방 스타 환영 부림 교촌치킨 허니콤 교촌 교촌 허니콤 신전 떡볶이 떡볶이 치즈떡볶이 감자 감저 튀김 치즈스틱 뿌링 치즈볼 치즈볼 고구마 치즈볼
241,2020-07-04,food followforfollowback 신전 떡볶이 허니콤 콤보 신전 떡볶이 조합 신전 고구마 치즈볼 먹킷 리스트 해주 세욤 하나로 두우 음식 스타 음식 스타 먹스타그램 맛스타그램 맛집 먹방 스타 환영 부림 교촌치킨 허니콤 교촌 교촌 허니콤 신전 떡볶이 떡볶이 치즈떡볶이 감자 감저 튀김 치즈스틱 뿌링 치즈볼 치즈볼 고구마 치즈볼
242,2020-07-04,food followforfollowback 신전 떡볶이 허니콤 콤보 신전 떡볶이 조합 신전 고구마 치즈볼 먹킷 리스트 해주 세욤 하나로 두우 음식 스타 음식 스타 먹스타그램 맛스타그램 맛집 먹방 스타 환영 부림 교촌치킨 허니콤 교촌 교촌 허니콤 신전 떡볶이 떡볶이 치즈떡볶이 감자 감저 튀김 치즈스틱 뿌링 치즈볼 치즈볼 고구마 치즈볼
243,2020-07-04,food followforfollowback 신전 떡볶이 허니콤 콤보 신전 떡볶이 조합 신전 고구마 치즈볼 먹킷 리스트 해주 세욤 하나로 두우 음식 스타 음식 스타 먹스타그램 맛스타그램 맛집 먹방 스타 환영 부림 교촌치킨 허니콤 교촌 교촌 허니콤 신전 떡볶이 떡볶이 치즈떡볶이 감자 감저 튀김 치즈스틱 뿌링 치즈볼 치즈볼 고구마 치즈볼
244,2020-07-03,or bhc daily 스트레스 내주 항목 엽떡 신전 치즈볼 생맥 말썽 하자 뿌링클 치즈볼 생맥주 신하 맥주 스타 말썽 겸드 하자 치킨 먹스타그램
245,2020-07-02,soso jmt 신전 떡볶이 오랜만 존맛 고구마 치즈볼 피자 리치 골드 고구마 무스 살떡 신전 튀김 김말이 오징어 치즈볼
246,2020-07-02,soso jmt 신전 떡볶이 오랜만 존맛 고구마 치즈볼 피자 리치 골드 고구마 무스 살떡 신전 튀김 김말이 오징어 치즈볼
247,2020-07-02,bhc kyume 어보 치킨 이순 간이 행복 골드 콤보 치즈볼 신전 떡볶이 계속 먹방 맛스타그램 먹방 스타 오랜만 여유 배달 음식 휴식
248,2020-07-01,허니콤 치즈볼 레드 소스 신전 떡볶이 조합
249,2020-06-28,신전 떡볶이 치즈떡볶이 치즈볼 큰집 닭강정 닭강정 간장 고단 퇴근길 단것 잔뜩 신전 떡볶이 치즈떡볶이 치즈볼 큰집 닭강정 간장 우울 고기 분식
250,2020-06-28,신전 떡볶이 치즈떡볶이 치즈볼 큰집 닭강정 닭강정 간장 고단 퇴근길 단것 잔뜩 신전 떡볶이 치즈떡볶이 치즈볼 큰집 닭강정 간장 우울 고기 분식
251,2020-06-28,태안 초록 마을 아기 과자 아빠 육아 태안 태안 신전 떡볶이 근처 초록 마을 태안초 마을 유기농 유기농 간식 초록 마을 아기 과자 아기 과자 치즈볼 떡뻥 바나나 스낵 구입 아기 유기농 현미 스낵 유기농 과자 처음 구입 아기 과자 자주 장님 친절
252,2020-06-27,오랜만 신전 떡볶이 신전 신전 떡볶이 신전 치즈 김밥 돈까스 오뎅 만두 치즈볼
253,2020-06-27,오랜만 신전 떡볶이 신전 신전 떡볶이 신전 치즈 김밥 돈까스 오뎅 만두 치즈볼
254,2020-06-27,오랜만 신전 떡볶이 신전 신전 떡볶이 신전 치즈 김밥 돈까스 오뎅 만두 치즈볼
255,2020-06-27,오랜만 신전 떡볶이 신전 신전 떡볶이 신전 치즈 김밥 돈까스 오뎅 만두 치즈볼
256,2020-06-27,회식 맥주 소주 호가든 딩거 참이슬 치즈볼 튀김 신전 떡볶이 미스터 오징어 오징어 볶음 이서 수다 동생 답방 필수
257,2020-06-23,instafood foodstagram food foodie 치즈스틱 크림 치즈볼 치즈스틱 튀김 부분 바삭 치즈 치즈 고소 크림 치즈볼 치즈볼 튀김 치즈볼 바삭 튀김 크림 치즈 가득 신전 떡볶이 크림 치즈볼 그것 크림 치즈 상큼 크리미 치즈스틱 치즈볼 냉동식품 냉동 간식 간식 치즈스틱 크림 치즈볼 치즈 서면 카페 서면 맛집 맛스타그램 먹스타그램 푸드 스타 테이블 홈쿡 집밥 부산 맛집 부산 카페 카페 팔해 환영
258,2020-06-23,뿌링클 치즈볼 신전 떡볶이
259,2020-06-22,momstouch chicken tteokbokki food venti 맘스터치 신제품 간장 마늘 치킨 치즈볼 어보 여서 치킨 치킨 전문점 치즈볼 크림 치즈 맘스터치 간장 마늘 치킨 치킨 바삭 크림 치즈볼 치즈볼 떡볶이 신전 떡볶이 치즈떡볶이 스타 인스타그램 샤인 스캣 요구 르탱 커피 바닐라 라떼 사진올리기
260,2020-06-22,kimmy kimmy 엔칙스 치킨 은기 회로 치킨 얌냠 엔칙스 치킨 유명 고추 치킨 치즈볼 껍질 튀김 시원 생맥 고추 치킨 양념치킨 쏭쏭썬 청양고추 라가 튀김 바삭 야들야들 맛남 청양고추 고구마 치즈볼 신전 로나 치즈볼 정확 인적 고구마 아해 쫀득쫀득 치킨 안성맞춤 인적 껍질 클리어 서비스 껍질 튀김 제공 행사 블랑생맥 여름 시원 하니 자주 방문 근처 엔칙스 치킨 배달 테이크아웃 치맥 고고 건강 조심 시구 가격 사진 참고 서울 체험 청구 맛집 청구역 맛집 청구역 치킨 칙스 치킨 청구역 치킨 맛집 치킨 배달 배달 맛집 치킨 배달 배달 음식 칙스 치킨 청구역 치맥 주말 저녁 평일 저녁
261,2020-06-22,oo tteokbokki kimbap cheesekimbap 광주 전대 후문 신전 떡볶이 원래 려고 신전 신전 김밥 참치 그냥 그거 심심 고요 래서 치즈 김밥 참치 치마 컵밥 섭취 신전 떡볶이 치즈떡볶이 치즈 포인트 래서 치즈떡볶이 크림 치즈볼 치즈 치즈 저번 고구마 치즈볼 크림 치즈볼 기대 역쉬 치즈 실망 크림 치즈 떡볶이 사이드 디저트 래서 입가심 신전 오랜만 통실통실 해지 치마 참마 떡볶이 국물 신전 신전 떡볶이 떡볶이 떡볶이 맛집 떡볶이 떡볶이 스타 배달 배달 음식 배달의민족 배달 음식 먹스타그램 맛스타그램 음식 스타 분식 분식 스타 신전 치즈 김밥 신전 컵밥 치즈 치즈볼 치즈떡볶이 광주 떡볶이 맛집 전대 후문 전대 후문 맛집
262,2020-06-22,oo tteokbokki kimbap cheesekimbap 광주 전대 후문 신전 떡볶이 원래 려고 신전 신전 김밥 참치 그냥 그거 심심 고요 래서 치즈 김밥 참치 치마 컵밥 섭취 신전 떡볶이 치즈떡볶이 치즈 포인트 래서 치즈떡볶이 크림 치즈볼 치즈 치즈 저번 고구마 치즈볼 크림 치즈볼 기대 역쉬 치즈 실망 크림 치즈 떡볶이 사이드 디저트 래서 입가심 신전 오랜만 통실통실 해지 치마 참마 떡볶이 국물 신전 신전 떡볶이 떡볶이 떡볶이 맛집 떡볶이 떡볶이 스타 배달 배달 음식 배달의민족 배달 음식 먹스타그램 맛스타그램 음식 스타 분식 분식 스타 신전 치즈 김밥 신전 컵밥 치즈 치즈볼 치즈떡볶이 광주 떡볶이 맛집 전대 후문 전대 후문 맛집
263,2020-06-22,oo tteokbokki kimbap cheesekimbap 광주 전대 후문 신전 떡볶이 원래 려고 신전 신전 김밥 참치 그냥 그거 심심 고요 래서 치즈 김밥 참치 치마 컵밥 섭취 신전 떡볶이 치즈떡볶이 치즈 포인트 래서 치즈떡볶이 크림 치즈볼 치즈 치즈 저번 고구마 치즈볼 크림 치즈볼 기대 역쉬 치즈 실망 크림 치즈 떡볶이 사이드 디저트 래서 입가심 신전 오랜만 통실통실 해지 치마 참마 떡볶이 국물 신전 신전 떡볶이 떡볶이 떡볶이 맛집 떡볶이 떡볶이 스타 배달 배달 음식 배달의민족 배달 음식 먹스타그램 맛스타그램 음식 스타 분식 분식 스타 신전 치즈 김밥 신전 컵밥 치즈 치즈볼 치즈떡볶이 광주 떡볶이 맛집 전대 후문 전대 후문 맛집
264,2020-06-22,oo tteokbokki kimbap cheesekimbap 광주 전대 후문 신전 떡볶이 원래 려고 신전 신전 김밥 참치 그냥 그거 심심 고요 래서 치즈 김밥 참치 치마 컵밥 섭취 신전 떡볶이 치즈떡볶이 치즈 포인트 래서 치즈떡볶이 크림 치즈볼 치즈 치즈 저번 고구마 치즈볼 크림 치즈볼 기대 역쉬 치즈 실망 크림 치즈 떡볶이 사이드 디저트 래서 입가심 신전 오랜만 통실통실 해지 치마 참마 떡볶이 국물 신전 신전 떡볶이 떡볶이 떡볶이 맛집 떡볶이 떡볶이 스타 배달 배달 음식 배달의민족 배달 음식 먹스타그램 맛스타그램 음식 스타 분식 분식 스타 신전 치즈 김밥 신전 컵밥 치즈 치즈볼 치즈떡볶이 광주 떡볶이 맛집 전대 후문 전대 후문 맛집
265,2020-06-22,oo tteokbokki kimbap cheesekimbap 광주 전대 후문 신전 떡볶이 원래 려고 신전 신전 김밥 참치 그냥 그거 심심 고요 래서 치즈 김밥 참치 치마 컵밥 섭취 신전 떡볶이 치즈떡볶이 치즈 포인트 래서 치즈떡볶이 크림 치즈볼 치즈 치즈 저번 고구마 치즈볼 크림 치즈볼 기대 역쉬 치즈 실망 크림 치즈 떡볶이 사이드 디저트 래서 입가심 신전 오랜만 통실통실 해지 치마 참마 떡볶이 국물 신전 신전 떡볶이 떡볶이 떡볶이 맛집 떡볶이 떡볶이 스타 배달 배달 음식 배달의민족 배달 음식 먹스타그램 맛스타그램 음식 스타 분식 분식 스타 신전 치즈 김밥 신전 컵밥 치즈 치즈볼 치즈떡볶이 광주 떡볶이 맛집 전대 후문 전대 후문 맛집
266,2020-06-22,oo tteokbokki kimbap cheesekimbap 광주 전대 후문 신전 떡볶이 원래 려고 신전 신전 김밥 참치 그냥 그거 심심 고요 래서 치즈 김밥 참치 치마 컵밥 섭취 신전 떡볶이 치즈떡볶이 치즈 포인트 래서 치즈떡볶이 크림 치즈볼 치즈 치즈 저번 고구마 치즈볼 크림 치즈볼 기대 역쉬 치즈 실망 크림 치즈 떡볶이 사이드 디저트 래서 입가심 신전 오랜만 통실통실 해지 치마 참마 떡볶이 국물 신전 신전 떡볶이 떡볶이 떡볶이 맛집 떡볶이 떡볶이 스타 배달 배달 음식 배달의민족 배달 음식 먹스타그램 맛스타그램 음식 스타 분식 분식 스타 신전 치즈 김밥 신전 컵밥 치즈 치즈볼 치즈떡볶이 광주 떡볶이 맛집 전대 후문 전대 후문 맛집
267,2020-06-22,oo tteokbokki kimbap cheesekimbap 광주 전대 후문 신전 떡볶이 원래 려고 신전 신전 김밥 참치 그냥 그거 심심 고요 래서 치즈 김밥 참치 치마 컵밥 섭취 신전 떡볶이 치즈떡볶이 치즈 포인트 래서 치즈떡볶이 크림 치즈볼 치즈 치즈 저번 고구마 치즈볼 크림 치즈볼 기대 역쉬 치즈 실망 크림 치즈 떡볶이 사이드 디저트 래서 입가심 신전 오랜만 통실통실 해지 치마 참마 떡볶이 국물 신전 신전 떡볶이 떡볶이 떡볶이 맛집 떡볶이 떡볶이 스타 배달 배달 음식 배달의민족 배달 음식 먹스타그램 맛스타그램 음식 스타 분식 분식 스타 신전 치즈 김밥 신전 컵밥 치즈 치즈볼 치즈떡볶이 광주 떡볶이 맛집 전대 후문 전대 후문 맛집
268,2020-06-22,oo tteokbokki kimbap cheesekimbap 광주 전대 후문 신전 떡볶이 원래 려고 신전 신전 김밥 참치 그냥 그거 심심 고요 래서 치즈 김밥 참치 치마 컵밥 섭취 신전 떡볶이 치즈떡볶이 치즈 포인트 래서 치즈떡볶이 크림 치즈볼 치즈 치즈 저번 고구마 치즈볼 크림 치즈볼 기대 역쉬 치즈 실망 크림 치즈 떡볶이 사이드 디저트 래서 입가심 신전 오랜만 통실통실 해지 치마 참마 떡볶이 국물 신전 신전 떡볶이 떡볶이 떡볶이 맛집 떡볶이 떡볶이 스타 배달 배달 음식 배달의민족 배달 음식 먹스타그램 맛스타그램 음식 스타 분식 분식 스타 신전 치즈 김밥 신전 컵밥 치즈 치즈볼 치즈떡볶이 광주 떡볶이 맛집 전대 후문 전대 후문 맛집
269,2020-06-22,oo tteokbokki kimbap cheesekimbap 광주 전대 후문 신전 떡볶이 원래 려고 신전 신전 김밥 참치 그냥 그거 심심 고요 래서 치즈 김밥 참치 치마 컵밥 섭취 신전 떡볶이 치즈떡볶이 치즈 포인트 래서 치즈떡볶이 크림 치즈볼 치즈 치즈 저번 고구마 치즈볼 크림 치즈볼 기대 역쉬 치즈 실망 크림 치즈 떡볶이 사이드 디저트 래서 입가심 신전 오랜만 통실통실 해지 치마 참마 떡볶이 국물 신전 신전 떡볶이 떡볶이 떡볶이 맛집 떡볶이 떡볶이 스타 배달 배달 음식 배달의민족 배달 음식 먹스타그램 맛스타그램 음식 스타 분식 분식 스타 신전 치즈 김밥 신전 컵밥 치즈 치즈볼 치즈떡볶이 광주 떡볶이 맛집 전대 후문 전대 후문 맛집
270,2020-06-21,with foodstagram foodporn foods masis so like 피자스쿨 고구마 피자 볼케이노 갈릭 디핑 소스 존맛 갈릭 디핑 소스 피자 피자스쿨 고구마 피자 케이 고구마 치즈볼 치즈볼 신전 떡볶이 스타 맛스타 먹스타그램 맛스타그램 스타 스타 스타 음식
271,2020-06-20,신전 떡볶이 치즈볼 신전 떡볶이 컵밥 떡볶이 먹스타그램
272,2020-06-20,신전 떡볶이 치즈볼 신전 떡볶이 컵밥 떡볶이 먹스타그램
273,2020-06-20,분식 지기 일분 직전 먹스타그램 신전 떡볶이 치즈볼 신전 김밥 아이스크림 불닭 비빔면 김밥 팔로우
274,2020-06-20,분식 지기 일분 직전 먹스타그램 신전 떡볶이 치즈볼 신전 김밥 아이스크림 불닭 비빔면 김밥 팔로우
275,2020-06-20,츄베릅 먹스타그램 신전 스타 스타 신전 떡볶이 치즈볼 껍질 튀김 츄베릅 사무라이 팔로우 환영
276,2020-06-20,츄베릅 먹스타그램 신전 스타 스타 신전 떡볶이 치즈볼 껍질 튀김 츄베릅 사무라이 팔로우 환영
277,2020-06-20,요기 중독 따님 신전 떡볶이 치즈 치즈떡볶이 치즈볼 치즈스틱 스팸마 컵밥 따님 덕분 낮술 저녁 손님 아슬아슬 조마조마 술술 왜케 애터 감자 컵라면 어머님 주신 먹음 암웨이 하이 리빙 다단계 어머니 애터 시기 놀람 애터 미가 다단계 마을 달라 만하 라면 박스
278,2020-06-19,신전 떡볶이 치즈볼 구마 치즈볼 먹방 부림 먹스타그램 맛스타그램 맛집 배달 음식 스팸마요덮밥 참치 샐러드
279,2020-06-19,yumstagram foodstagram koreanfood kfood topokki cheeseball 신전 떡볶이 치즈볼 신전 치즈볼 개존맛 이예 안시 국물 신전 떡볶이 치즈볼 신전 신전 치즈볼 떡볶이 먹스타그램 맛스타그램 배달 분식 튀김
280,2020-06-19,yumstagram foodstagram koreanfood kfood topokki cheeseball 신전 떡볶이 치즈볼 신전 치즈볼 개존맛 이예 안시 국물 신전 떡볶이 치즈볼 신전 신전 치즈볼 떡볶이 먹스타그램 맛스타그램 배달 분식 튀김
281,2020-06-19,yumstagram foodstagram koreanfood kfood topokki cheeseball 신전 떡볶이 치즈볼 신전 치즈볼 개존맛 이예 안시 국물 신전 떡볶이 치즈볼 신전 신전 치즈볼 떡볶이 먹스타그램 맛스타그램 배달 분식 튀김
282,2020-06-19,yumstagram foodstagram koreanfood kfood topokki cheeseball 신전 떡볶이 치즈볼 신전 치즈볼 개존맛 이예 안시 국물 신전 떡볶이 치즈볼 신전 신전 치즈볼 떡볶이 먹스타그램 맛스타그램 배달 분식 튀김
283,2020-06-19,yumstagram foodstagram koreanfood kfood topokki cheeseball 신전 떡볶이 치즈볼 신전 치즈볼 개존맛 이예 안시 국물 신전 떡볶이 치즈볼 신전 신전 치즈볼 떡볶이 먹스타그램 맛스타그램 배달 분식 튀김
284,2020-06-18,sio youtube podd 먹방 떡볶이 먹방 내일 분명 먹방 집밥 먹방 순이 순이 야식 남녀 신전 떡볶이 치즈볼
285,2020-06-18,km km 유지 어터 식단 아침 통밀 식빵 레놀라 사과 아몬드 브리 점심 메이트 볶음밥 만두 계란 간식 미소 저녁 신전 떡볶이 볶음밥 핫도그 로케 운동 오후 운동 실내 사이클 저녁 운동 실내 사이클 스탠드 사이드 그레이 원레그 카프 레이즈 와이드 스쿼트 사이드 스쿼트 캐시 안벅 운동 오랜만 신전 단호박 고로케 맛살 고로케 치즈 로케 신전 참치 위트 옥수수 떡볶이 국물 촤최 비비 살피 둥피둥 보이 몸무게 그대로 근육 지방 호호 주로 끝내 유지 어터 유지 어터 인걸 유지 어터 다가 배뽈록 행복 단호박 고로케 게살 고로케 치즈볼 장지동 신전 떡볶이 신전 참치 컵밥 몰라몰라 운동 하자 햅삐헬씨 린지
286,2020-06-18,km km 유지 어터 식단 아침 통밀 식빵 레놀라 사과 아몬드 브리 점심 메이트 볶음밥 만두 계란 간식 미소 저녁 신전 떡볶이 볶음밥 핫도그 로케 운동 오후 운동 실내 사이클 저녁 운동 실내 사이클 스탠드 사이드 그레이 원레그 카프 레이즈 와이드 스쿼트 사이드 스쿼트 캐시 안벅 운동 오랜만 신전 단호박 고로케 맛살 고로케 치즈 로케 신전 참치 위트 옥수수 떡볶이 국물 촤최 비비 살피 둥피둥 보이 몸무게 그대로 근육 지방 호호 주로 끝내 유지 어터 유지 어터 인걸 유지 어터 다가 배뽈록 행복 단호박 고로케 게살 고로케 치즈볼 장지동 신전 떡볶이 신전 참치 컵밥 몰라몰라 운동 하자 햅삐헬씨 린지
287,2020-06-18,km km 유지 어터 식단 아침 통밀 식빵 레놀라 사과 아몬드 브리 점심 메이트 볶음밥 만두 계란 간식 미소 저녁 신전 떡볶이 볶음밥 핫도그 로케 운동 오후 운동 실내 사이클 저녁 운동 실내 사이클 스탠드 사이드 그레이 원레그 카프 레이즈 와이드 스쿼트 사이드 스쿼트 캐시 안벅 운동 오랜만 신전 단호박 고로케 맛살 고로케 치즈 로케 신전 참치 위트 옥수수 떡볶이 국물 촤최 비비 살피 둥피둥 보이 몸무게 그대로 근육 지방 호호 주로 끝내 유지 어터 유지 어터 인걸 유지 어터 다가 배뽈록 행복 단호박 고로케 게살 고로케 치즈볼 장지동 신전 떡볶이 신전 참치 컵밥 몰라몰라 운동 하자 햅삐헬씨 린지
288,2020-06-18,km km 유지 어터 식단 아침 통밀 식빵 레놀라 사과 아몬드 브리 점심 메이트 볶음밥 만두 계란 간식 미소 저녁 신전 떡볶이 볶음밥 핫도그 로케 운동 오후 운동 실내 사이클 저녁 운동 실내 사이클 스탠드 사이드 그레이 원레그 카프 레이즈 와이드 스쿼트 사이드 스쿼트 캐시 안벅 운동 오랜만 신전 단호박 고로케 맛살 고로케 치즈 로케 신전 참치 위트 옥수수 떡볶이 국물 촤최 비비 살피 둥피둥 보이 몸무게 그대로 근육 지방 호호 주로 끝내 유지 어터 유지 어터 인걸 유지 어터 다가 배뽈록 행복 단호박 고로케 게살 고로케 치즈볼 장지동 신전 떡볶이 신전 참치 컵밥 몰라몰라 운동 하자 햅삐헬씨 린지
289,2020-06-18,km km 유지 어터 식단 아침 통밀 식빵 레놀라 사과 아몬드 브리 점심 메이트 볶음밥 만두 계란 간식 미소 저녁 신전 떡볶이 볶음밥 핫도그 로케 운동 오후 운동 실내 사이클 저녁 운동 실내 사이클 스탠드 사이드 그레이 원레그 카프 레이즈 와이드 스쿼트 사이드 스쿼트 캐시 안벅 운동 오랜만 신전 단호박 고로케 맛살 고로케 치즈 로케 신전 참치 위트 옥수수 떡볶이 국물 촤최 비비 살피 둥피둥 보이 몸무게 그대로 근육 지방 호호 주로 끝내 유지 어터 유지 어터 인걸 유지 어터 다가 배뽈록 행복 단호박 고로케 게살 고로케 치즈볼 장지동 신전 떡볶이 신전 참치 컵밥 몰라몰라 운동 하자 햅삐헬씨 린지
290,2020-06-18,food 신전 떡볶이 떡볶이 신전 떡볶이 강진 점존맛 구리 신전 김밥 튀김 치즈볼 포장 먹스타그램 맛스타그램
291,2020-06-18,food 신전 떡볶이 떡볶이 신전 떡볶이 강진 점존맛 구리 신전 김밥 튀김 치즈볼 포장 먹스타그램 맛스타그램
292,2020-06-18,food 신전 떡볶이 떡볶이 신전 떡볶이 강진 점존맛 구리 신전 김밥 튀김 치즈볼 포장 먹스타그램 맛스타그램
293,2020-08-17,신전 떡볶이
294,2020-01-06,티비 떡볶이 냉장고 재료 떡볶이 신전 떡볶이 스타일 치즈 치즈 김말이 오뎅 계란 치즈볼
295,2020-01-04,jmt 하이 말레이시아 앤비 출석 일차 신전 치즈볼 대박 사건 체인점 마다 달라 신전 튀김 진심 최고
296,2020-01-04,jmt 하이 말레이시아 앤비 출석 일차 신전 치즈볼 대박 사건 체인점 마다 달라 신전 튀김 진심 최고
297,2020-01-28,명절 이지 설날 음식 정리 고백 주의 탄수 주의 신전 떡볶이 치즈볼 꿀맛 대망 오늘아침 중계 라가 기전 한숨 이나 고요 데이 일일
298,2020-01-16,고민 이예 닭발 주먹밥 신전 떡볶이 뿌링클 치즈볼 점심 벌써 고민
299,2020-01-04,내일 신전 갈건
300,2020-01-27,신전 이나 엽떡 동네 떡볶이 해주 양동 장기동 이요
301,2020-02-25,배달 치즈볼 신전 떡볶이
302,2020-02-23,신전 떡볶이 떡볶이 크림 치즈볼 치킨 어묵 튀김 순대 족발 족발 대충 음료 피스 콜라 후식 과자 만두 오랜만 배부 리더
303,2020-03-26,신전 떡볶이 치즈볼 모짜렐라 크림 치즈 호불호 갈리 아해 신전 떡볶이 치즈볼 모짜렐라 크림 치즈 호불호 갈리 아해
304,2020-03-26,신전 떡볶이 치즈볼 모짜렐라 크림 치즈 호불호 갈리 아해 신전 떡볶이 치즈볼 모짜렐라 크림 치즈 호불호 갈리 아해
305,2020-03-20,엽기 떡볶이 응급실 떡볶이 허니콤 뿌링클 고추바사삭 황금올리브 신전 떡볶이 곱창 랍스터 조개 구이 바지락 칼국수 치즈 돈까스 까르보나라 연어초밥 무뼈 닭발 참치 김밥 콘치 치즈 돈까스 까르보나라 연어초밥 무뼈 닭발 참치 김밥 콘치 치즈볼 불닭 육회 수육 국밥 물냉면 김치볶음밥 닭꼬치 간장게장 돼지갈비 지금
306,2020-04-06,존댓말 사용 공지 말머리 사용 경우 해머 활동 제재 조치 저번 신전 떡볶이 치즈볼 이지
307,2020-04-04,신전 머긍 려고 신전 군침
308,2020-04-04,신전 머긍 려고 신전 군침
309,2020-04-02,거기 치즈볼 신전 떡볶이 감자 튀김 쿼터 사이즈 내내 가득 냉동 다가 다가 자리
310,2020-04-04,가성 비갑 치즈볼 신전 볶이 헹궈줄 민트 프라
311,2020-05-04,닭발 곱창 막창 염통 꼬치 닭강정 치즈볼 치즈 피자 볼케이노 치킨 자메이카 치킨 청포도 데미소다 달고나 우유 보쌈 인절미 떡엽떡응떡 신전 대구 뽈때기찜 쭈꾸미 볶음 어회 대게
312,2020-05-16,신전 떡볶이 하나로 대체 파리바게트 패스츄리 꽈배기 고구마 크림 아이비 과자 감자칩 치즈볼 봉지 버터핑거 쵸코 사서 신전 떡볶이 치즈볼
313,2020-05-16,신전 떡볶이 하나로 대체 파리바게트 패스츄리 꽈배기 고구마 크림 아이비 과자 감자칩 치즈볼 봉지 버터핑거 쵸코 사서 신전 떡볶이 치즈볼
314,2020-06-04,음으로 대동단결 신전 중간 치즈볼 저는꾸욱
315,2020-06-18,치즈 감자 치즈볼 치즈떡볶이 튀김 신전 가야 맘스터치 가야 고민 이예 점심 벌써 고민
316,2020-07-16,아무 다지 한국 천원 정도 세트 려니 떡볶이 신전 김밥 야채 튀김 치즈볼 김말이 어묵
317,2020-07-13,떡볶이 소울 메이 엽떡 응떡 신전 걸작 떡깨비 제일 엽떡 오리 단계 치즈볼
318,2020-09-16,신전 떡볶이 다가 가게 신전 떡볶이 가격 떡볶이 치즈 떡볶이
319,2020-09-16,신전 떡볶이 다가 가게 신전 떡볶이 가격 떡볶이 치즈 떡볶이
320,2020-09-16,어제 신전 케이 생리 전이 별로 정도 치즈볼 초콜렛 적당 배부
321,2020-10-02,안녕 벌써 맛집 천하 맛집 수원 신전 떡볶이 장안구 청점 근처
322,2020-01-16,and 번가 피자 치즈볼 솔직 후기 스테이크 피자 요기 진심 욕했어욬 뭐얔 맛없엌 신전 떡볶이 크림 치즈볼 치즈 크림 치즈
323,2020-01-15,bhc 신전 떡볶이 동성로 직영 동성로 신전 치즈볼 치즈볼 피자치즈 연유 신전 떡볶이 치즈볼 크림 치즈 와우 개발 치즈볼 유명 해지
324,2020-01-15,bhc 신전 떡볶이 동성로 직영 동성로 신전 치즈볼 치즈볼 피자치즈 연유 신전 떡볶이 치즈볼 크림 치즈 와우 개발 치즈볼 유명 해지
325,2020-01-15,bhc 신전 떡볶이 동성로 직영 동성로 신전 치즈볼 치즈볼 피자치즈 연유 신전 떡볶이 치즈볼 크림 치즈 와우 개발 치즈볼 유명 해지
326,2020-01-28,떡볶이 잠실 떡볶이 오뎅 흑임자 치즈볼 신전 대신 가즈 아보 위치 저번 쥬씨 요기 요로 배달 도착 치즈떡볶이 흑임자 치즈볼 치마 컵밥
327,2020-01-07,푸라닭 치즈볼 오징어 신전 떡볶이 호떡 양념 오뎅 차지 레트로 복분자 헤헤 단배
328,2020-02-01,치즈볼 최고 점심시간 신전 오니 대학생 호호 행복 곱창 가요 언니 회식 이름 라피 자인 샐러드 피자
329,2020-02-25,bhc bhc 교촌 허니콤 치즈볼 신전 떡볶이 조합 찬성 치즈볼 치즈 정답 모짜렐라 뿌링클 치즈볼 존맛 리라 던데 기회 치즈볼 추위 치즈 가득
330,2020-02-26,bhc bhc bhc 뿌링 핫도그 뿌링클 치즈볼 세트 뿌링클 뿌링 핫도그 뿌링 치즈볼 치즈 완죠 치즈볼 사랑 요즘 여기저기 치즈볼 던데 신전
331,2020-02-07,신전 떡볶이 치즈떡볶이 치즈볼 스팸마 컵밥 치즈볼 원래 치즈스틱 민하 다가 이건 어보 모차렐라 치즈 크림 치즈
332,2020-02-24,신전 떡볶이 치킨 스팸마 컵밥 치즈볼 오뎅 튀김 치킨 가장 아해 오뎅 튀김 안시 치킨 치즈볼 덕분
333,2020-02-07,서현역 신전 떡볶이 치마 신전 국물 오뎅 튀김 치즈볼 신전 치즈볼 어보 모짜렐라 치즈 크림 치즈 쭉쭉 치즈 촘촘하
334,2020-02-07,서현역 신전 떡볶이 치마 신전 국물 오뎅 튀김 치즈볼 신전 치즈볼 어보 모짜렐라 치즈 크림 치즈 쭉쭉 치즈 촘촘하
335,2020-02-07,서현역 신전 떡볶이 치마 신전 국물 오뎅 튀김 치즈볼 신전 치즈볼 어보 모짜렐라 치즈 크림 치즈 쭉쭉 치즈 촘촘하
336,2020-02-28,신전 떡볶이 크림 치즈볼 구마 치즈볼 신전 치즈 김밥 참치 컵밥 오징어 튀김 동전 고구마 튀김 치즈떡볶이 오징어 튀김 동전 고구마 튀김 크림 치즈볼 고구마 치즈볼 신전 치즈 김밥 치마 컵밥 먼저 신전 치즈 김밥 고추 참치 인지
337,2020-02-28,신전 떡볶이 크림 치즈볼 구마 치즈볼 신전 치즈 김밥 참치 컵밥 오징어 튀김 동전 고구마 튀김 치즈떡볶이 오징어 튀김 동전 고구마 튀김 크림 치즈볼 고구마 치즈볼 신전 치즈 김밥 치마 컵밥 먼저 신전 치즈 김밥 고추 참치 인지
338,2020-02-28,신전 떡볶이 크림 치즈볼 구마 치즈볼 신전 치즈 김밥 참치 컵밥 오징어 튀김 동전 고구마 튀김 치즈떡볶이 오징어 튀김 동전 고구마 튀김 크림 치즈볼 고구마 치즈볼 신전 치즈 김밥 치마 컵밥 먼저 신전 치즈 김밥 고추 참치 인지
339,2020-02-28,신전 떡볶이 크림 치즈볼 구마 치즈볼 신전 치즈 김밥 참치 컵밥 오징어 튀김 동전 고구마 튀김 치즈떡볶이 오징어 튀김 동전 고구마 튀김 크림 치즈볼 고구마 치즈볼 신전 치즈 김밥 치마 컵밥 먼저 신전 치즈 김밥 고추 참치 인지
340,2020-03-18,mini 신전 떡볶이 치즈볼 구나 크림 치즈 그대로 에이치 치즈볼 쭉쭉 재미 바삭 하니 사이즈 사이즈
341,2020-04-28,신전 떡볶이 튀김 오뎅 핫도그 뿌링클 치즈볼 후기 그날 다리 포스팅 츄릅 군침 치즈 아주 조합 인정 뿌링클 치즈볼
342,2020-04-03,bhc day 뒤죽박죽 뒤죽박죽 홈쿡 미역국 김치볶음밥 선크림 비타민 토너 신전 떡볶이 뿌링클 치즈볼 설향 딸기 시파 미스트 구매 라리 미드 칵테일 앰플 증정 솔트 라리 미드 제로 크림 공구 도도 뿌링클 치즈볼 엽떡 허니콤 조합 뿌링클 신전 조합 오랜만 뿌링클 약수터 제리 약수
343,2020-04-03,bhc day 뒤죽박죽 뒤죽박죽 홈쿡 미역국 김치볶음밥 선크림 비타민 토너 신전 떡볶이 뿌링클 치즈볼 설향 딸기 시파 미스트 구매 라리 미드 칵테일 앰플 증정 솔트 라리 미드 제로 크림 공구 도도 뿌링클 치즈볼 엽떡 허니콤 조합 뿌링클 신전 조합 오랜만 뿌링클 약수터 제리 약수
344,2020-04-18,나주 신전 떡볶이 치즈볼 당황 신전 떡볶이 치즈볼 어보 무니 모짜렐라 치즈 크림 치즈 분식 전혀 어울 리지
345,2020-04-18,나주 신전 떡볶이 치즈볼 당황 신전 떡볶이 치즈볼 어보 무니 모짜렐라 치즈 크림 치즈 분식 전혀 어울 리지
346,2020-04-25,신전 떡볶이 껍질 튀김 고구마 치즈볼 롯데리아 치즈볼 기고 이건 크기 적당 찹쌀 도넛 쫀득하 치즈 하니 치즈 달달 고구마
347,2020-04-30,feat 신당동 명랑 떡볶이 치즈볼 이슬 테라 지금 보고 치즈볼 치즈볼 치킨 치즈볼 달라 쪽득 치즈 크림 치즈 신당동 명랑 떡볶이 신전
348,2020-04-25,대구 신전 떡볶이 동성로 떡볶이 고구마 치즈볼 떡볶이 고구마 치즈볼 치즈 고구마 무스 치즈 고구마
349,2020-05-02,신전 떡볶이 치즈볼 강남역 세상 제일 사랑 음식 떡볶이 브랜드 어도 입맛 신전 떡볶이 동생 신전 떡볶이 치즈볼 치즈 김밥
350,2020-05-02,신전 떡볶이 치즈볼 강남역 세상 제일 사랑 음식 떡볶이 브랜드 어도 입맛 신전 떡볶이 동생 신전 떡볶이 치즈볼 치즈 김밥
351,2020-05-02,신전 떡볶이 치즈볼 강남역 세상 제일 사랑 음식 떡볶이 브랜드 어도 입맛 신전 떡볶이 동생 신전 떡볶이 치즈볼 치즈 김밥
352,2020-05-13,soso 쿠팡 떡볶이 신전 떡볶이 관악 치떡 튀김 컵밥 치즈볼 배달 할인 크림 치즈볼 그냥 안시 쿠팡 현재 기사 재주 문의 후기
353,2020-06-15,bhc 안산 맛집 신전 떡볶이 치즈볼 치즈볼 때문 크림 치즈 뭔가 크리미 니아
354,2020-06-24,신전 떡볶이 치즈볼 거여 포장 후기 치즈떡볶이 치즈볼 상적 궁합 떡볶이 자세 떡볶이 한국인 소울 메이트 평생 치즈떡볶이
355,2020-06-18,신전 떡볶이 가격 김밥 치즈볼 포장 치즈볼 튀김 박스 치즈 떡뽀끼 치즈 김밥 봉지 개봉 인증샷 분식 무척
356,2020-06-17,신전 떡볶이 고구마 치즈볼 고구마 치즈볼 후기 가격 달달 치즈볼 치즈 입문 자가 도전 음식 강추 어가 신전
357,2020-06-17,신전 떡볶이 고구마 치즈볼 고구마 치즈볼 후기 가격 달달 치즈볼 치즈 입문 자가 도전 음식 강추 어가 신전
358,2020-06-14,공릉 분식 큰집 닭강정 태릉 간장 신전 떡볶이 공릉 치즈떡볶이 치즈볼 신전 떡볶이 메뉴판 치즈떡볶이 치즈볼 치즈떡볶이 치즈볼 큰집 닭강정 메뉴판 닭강정 간장 동네
359,2020-06-14,공릉 분식 큰집 닭강정 태릉 간장 신전 떡볶이 공릉 치즈떡볶이 치즈볼 신전 떡볶이 메뉴판 치즈떡볶이 치즈볼 치즈떡볶이 치즈볼 큰집 닭강정 메뉴판 닭강정 간장 동네
360,2020-06-27,천안 신방 통정 맛집 떡볶이 맛집 신전 떡볶이 가격 치즈볼 크림 치즈 치즈볼 고구마 치즈볼 치즈 모짜렐라 치즈 고구마 튀김 찹쌀 처럼 쫀득 서로 조합
361,2020-06-16,신전 떡볶이 치즈볼 바삭 바삭 튀김 크림 치즈볼 귱금 치즈 가득 모짜렝 치즈 어가 던데 박하 크림 치즈 떡볶이 국물
362,2020-06-26,신전 떡볶이 까르보나라 떡볶이 치마 오뎅 튀김 치즈볼 튀김 시킴 래서 다그 치즈 떡볶이 맹탕 까르보나라 떡볶이
363,2020-07-09,with 페리 카나 페리 치즈볼 후기 치킨 신전 떡볶이 처음 살짝 특색 달달 치즈 고소 인적 뿌링 치즈볼 니지 교촌
364,2020-07-05,hoxy 강남 양재 신전 떡볶이 치즈볼 고추 튀김 치즈떡볶이 중간 고구마 치즈볼 참치 샐러드 김밥 치즈 이불 가득 떡볶이 치즈 뭔가 지점 마다 차이
365,2020-07-19,bhc 롯데리아 치즈 치즈볼 치즈 낭낭 치즈볼 순서 번가 피자 치즈볼 치즈볼 롯데리아 치즈볼 신전 떡볶이 치즈볼
366,2020-07-12,신전 떡볶이 떡볶이 순대 오징어 튀김 오뎅 튀김 치즈볼 배달 민족 크림 치즈 보고 실망 마음 사라 치즈볼 크림 치즈 아주 그득 그득 떡볶이 소스 크림 치즈 가득
367,2020-07-19,신전 떡볶이 구월 인천 구월동 떡볶이 치즈볼 맛집 하루 여주 매콤 달콤 후기 모습 치즈볼 때문 일지 종종 치즈떡볶이 지나 치즈 쫄깃 굿굿 치마
368,2020-07-14,대파 치즈 스콘 만들기 피자 만들기 치킨 신드롬 스페셜 허니 데리 신전 떡볶이 치즈볼 치즈볼 잔뜩 크림 치즈 물리 내일 바람의나라 모바일 내일 오픈 백수 오픈 아침 일어 레어닉
369,2020-07-07,치즈볼 덕후 어보 천하 프랜차이즈 베스트 치즈볼 모음 치즈볼 덕후 어보 천하 프랜차이즈 베스트 치즈볼 모음 명랑 핫도그 쫀달 치즈볼 버거킹 크리미 비비큐 황금알 치즈볼 신전 고구마 치즈볼
370,2020-07-17,신전 떡볶이 고구마 치즈볼 크림 치즈볼 고구마 치즈볼 음보 치즈 치즈 별로 안느 지고 고구마 밍밍 크림 치즈볼
371,2020-07-26,bhc 스테이크 뿌링클 콤보 브라 꼬치 양념 구이 굽네치킨 고추 바사 신전 떡볶이 이디야 배달 해먹 크림 치즈볼 치즈스틱 어보 다가 크림 치즈볼 처음 크림 치즈 간만 신전 치즈떡볶이 극적
372,2020-07-26,bhc 스테이크 뿌링클 콤보 브라 꼬치 양념 구이 굽네치킨 고추 바사 신전 떡볶이 이디야 배달 해먹 크림 치즈볼 치즈스틱 어보 다가 크림 치즈볼 처음 크림 치즈 간만 신전 치즈떡볶이 극적
373,2020-07-23,대구 한식 카페 초밥 알바 가기 고구마 치즈볼 처넌 동네 처넌 신전 떡볶이 어우 어가 튀김 고구마 치즈볼 이동
374,2020-08-19,원주 떡볶이 맛집 신전 떡볶이 세트메 치즈볼 후기 배달 튀김 오뎅 치즈볼 크림 치즈 가득 호불호 갈리
375,2020-08-29,쫀달 치즈볼 명랑 핫도그 치즈볼 도전 치즈 버거킹 신전 떡볶이 치즈볼 때문 낱개 치즈볼
376,2020-08-22,신전 떡볶이 신전 떡볶이 치즈 어묵 튀김 치즈볼 치마 치즈 치즈볼 오뎅 튀김 치마 했슴당 가격 확실 한국 국민 간식 떡볶이 외국 외국 요리 한국
377,2020-08-22,신전 떡볶이 신전 떡볶이 치즈 어묵 튀김 치즈볼 치마 치즈 치즈볼 오뎅 튀김 치마 했슴당 가격 확실 한국 국민 간식 떡볶이 외국 외국 요리 한국
378,2020-08-28,직딩 야식 자금성 신전 떡볶이 치즈볼 새우 만두 치즈 떡볶이 튀김 치즈볼 순대 김밥 컵밥 사이드 사이드 킨듯 쫄깃 적당 치즈
379,2020-08-13,치즈볼 진심 신전 고구마 치즈볼 치즈볼 아해 치즈볼 시리즈 연재 치즈볼 부탁 치즈볼 진심 시리즈 대망 치즈볼
380,2020-08-04,핑크 구름 출몰 심심 풀이 땅콩 신전 떡볶이 치즈볼 순대 신전 김밥 앞산 카페 커피 플라자 이제 치즈볼 원투 신전 맘스터치 치즈 빈틈 가득 타일 쫄깃쫄깃 순대 그냥 어도 매콤 간도
381,2020-08-04,핑크 구름 출몰 심심 풀이 땅콩 신전 떡볶이 치즈볼 순대 신전 김밥 앞산 카페 커피 플라자 이제 치즈볼 원투 신전 맘스터치 치즈 빈틈 가득 타일 쫄깃쫄깃 순대 그냥 어도 매콤 간도
382,2020-08-04,핑크 구름 출몰 심심 풀이 땅콩 신전 떡볶이 치즈볼 순대 신전 김밥 앞산 카페 커피 플라자 이제 치즈볼 원투 신전 맘스터치 치즈 빈틈 가득 타일 쫄깃쫄깃 순대 그냥 어도 매콤 간도
383,2020-08-13,신전 떡볶이 떡볶이 치즈 김밥 고구마 치즈볼 떡볶이 떡볶이 치즈 김밥 고구마 치즈볼 튀김 먼저 꼬숩 꼬릿
384,2020-08-13,배달 떡볶이 신전 떡볶이 치즈볼 오징어 튀김 치마 컵밥 오뎅 튀김 김말이 보통 솔직 후기 성비 치킨 치즈볼 이건 바삭 튀김 고로케 가까운 크림 치즈 가득
385,2020-09-07,신전 떡볶이 오뎅 튀김 치즈볼 신전 치즈 김밥 포장 오뎅 튀김 치즈볼 떡볶이 신전 치즈 김밥 거저 여러 개두 분식 데이 어가 지고 뭔가 포장 아담 남편 맥주
386,2020-09-07,신전 떡볶이 오뎅 튀김 치즈볼 신전 치즈 김밥 포장 오뎅 튀김 치즈볼 떡볶이 신전 치즈 김밥 거저 여러 개두 분식 데이 어가 지고 뭔가 포장 아담 남편 맥주
387,2020-09-07,신전 떡볶이 오뎅 튀김 치즈볼 신전 치즈 김밥 포장 오뎅 튀김 치즈볼 떡볶이 신전 치즈 김밥 거저 여러 개두 분식 데이 어가 지고 뭔가 포장 아담 남편 맥주
388,2020-09-14,춘천 신전 떡볶이 동점 치즈볼 신전 김밥 떡볶이 메뉴판 가격 떡볶이 중간 치즈볼 신전 김밥 음료수 세트 떡볶이 중간 치즈볼 신전 김밥 음식 금방
389,2020-09-14,춘천 신전 떡볶이 동점 치즈볼 신전 김밥 떡볶이 메뉴판 가격 떡볶이 중간 치즈볼 신전 김밥 음료수 세트 떡볶이 중간 치즈볼 신전 김밥 음식 금방
390,2020-09-14,춘천 신전 떡볶이 동점 치즈볼 신전 김밥 떡볶이 메뉴판 가격 떡볶이 중간 치즈볼 신전 김밥 음료수 세트 떡볶이 중간 치즈볼 신전 김밥 음식 금방
391,2020-09-14,춘천 신전 떡볶이 동점 치즈볼 신전 김밥 떡볶이 메뉴판 가격 떡볶이 중간 치즈볼 신전 김밥 음료수 세트 떡볶이 중간 치즈볼 신전 김밥 음식 금방
392,2020-09-07,신전 떡볶이 치즈볼 후기 치마 컵밥 신전 떡볶이 치즈 크림 치즈볼 껍질 튀김 오뎅 튀김 신전 떡볶이 봉천 도착
393,2020-09-07,신전 떡볶이 치즈볼 후기 치마 컵밥 신전 떡볶이 치즈 크림 치즈볼 껍질 튀김 오뎅 튀김 신전 떡볶이 봉천 도착
394,2020-09-07,신전 떡볶이 치즈볼 후기 치마 컵밥 신전 떡볶이 치즈 크림 치즈볼 껍질 튀김 오뎅 튀김 신전 떡볶이 봉천 도착
395,2020-09-09,맘스터치 치즈볼 신전 떡볶이 치즈볼 사람 하이 쓰레기봉투 신전 떡볶이 치즈 고고 부평 신전 불편
396,2020-09-09,맘스터치 치즈볼 신전 떡볶이 치즈볼 사람 하이 쓰레기봉투 신전 떡볶이 치즈 고고 부평 신전 불편
397,2020-09-09,맘스터치 치즈볼 신전 떡볶이 치즈볼 사람 하이 쓰레기봉투 신전 떡볶이 치즈 고고 부평 신전 불편
398,2020-09-15,bhc 신전 떡볶이 껍질 튀김 치즈볼 솔직 후기 유명 치즈볼 치즈 크림 치즈 가득 모짜렐라 라서 어도 크림 치즈
399,2020-09-05,오랜만 신전 떡볶이 크림 치즈볼 후기 롯데리아 치즈스틱 치즈볼 비주 사실 크림 치즈 다가 해지 물리 떡볶이 국물 린다
400,2020-09-11,최애 떡볶이 신전 떡볶이 잡채 치즈볼 모짜렐라 치즈 크림 치즈볼 이름 달달 크림 치즈 요게 취저 신전 떡볶이
401,2020-09-11,최애 떡볶이 신전 떡볶이 잡채 치즈볼 모짜렐라 치즈 크림 치즈볼 이름 달달 크림 치즈 요게 취저 신전 떡볶이
402,2020-09-09,담치 신월 맵슐랭 후라이드 치즈볼 치즈스틱 치즈볼 신전 이나 맘스터치 치즈볼 치킨 그냥 오이랑
403,2020-09-22,치즈볼 뿌링 치즈볼 퐁듀 치즈볼 치즈볼 애슐리 치즈볼 신전 떡볶이 치즈볼 구마 치즈볼 그냥 치즈볼 감자 샐러드 치즈 고로케 고구마 치즈볼 고구마 무스 치즈 안나 겉모습 반죽
404,2020-09-16,아산 신전 떡볶이 순대 튀김 종류 치즈볼 컵밥 가격 중간 치킨 치즈볼 크림 치즈 당황 크림 치즈볼 떡볶이 지극 주관 의견 어쨌든
405,2020-09-04,bhc 경기 광주 맛집 태전동 맛집 배달의민족 떡킹 광주 중국 당면 치즈볼 혼떡 기기 신전 떡볶이 중국 당면 치즈볼 떡킹 치즈볼 치즈 신전 치즈볼
406,2020-09-04,bhc 경기 광주 맛집 태전동 맛집 배달의민족 떡킹 광주 중국 당면 치즈볼 혼떡 기기 신전 떡볶이 중국 당면 치즈볼 떡킹 치즈볼 치즈 신전 치즈볼
407,2020-09-08,부산 맛집 신전 떡볶이 치즈떡볶이 치즈볼 치즈 김밥 김말이 튀어 조합 김말이 치즈볼 치즈 김밥 치즈볼 처음 크림 치즈 치즈볼 대박 신전
408,2020-09-08,부산 맛집 신전 떡볶이 치즈떡볶이 치즈볼 치즈 김밥 김말이 튀어 조합 김말이 치즈볼 치즈 김밥 치즈볼 처음 크림 치즈 치즈볼 대박 신전
409,2020-09-30,서울 노원구 광운대역 신전 떡볶이 고구마 치즈볼 치즈 김밥 떡볶이 이제 치즈볼 치즈 별거 별거 이제 박사 려면 고루 고루 벌떡 벌떡
410,2020-10-02,신전 떡볶이 첨단 지구 떡볶이 오뎅 튀김 치즈볼 첨단 지구 신전 떡볶이 신용동 신전 떡볶이 신전 치즈떡볶이 신전 어묵 튀김 신전 크림 치즈볼 치즈 덕후 무조건 치즈떡볶이 신전 오뎅 튀김 필수
411,2020-10-02,신전 떡볶이 첨단 지구 떡볶이 오뎅 튀김 치즈볼 첨단 지구 신전 떡볶이 신용동 신전 떡볶이 신전 치즈떡볶이 신전 어묵 튀김 신전 크림 치즈볼 치즈 덕후 무조건 치즈떡볶이 신전 오뎅 튀김 필수
412,2020-10-02,신전 떡볶이 첨단 지구 떡볶이 오뎅 튀김 치즈볼 첨단 지구 신전 떡볶이 신용동 신전 떡볶이 신전 치즈떡볶이 신전 어묵 튀김 신전 크림 치즈볼 치즈 덕후 무조건 치즈떡볶이 신전 오뎅 튀김 필수
413,2020-10-02,신전 떡볶이 첨단 지구 떡볶이 오뎅 튀김 치즈볼 첨단 지구 신전 떡볶이 신용동 신전 떡볶이 신전 치즈떡볶이 신전 어묵 튀김 신전 크림 치즈볼 치즈 덕후 무조건 치즈떡볶이 신전 오뎅 튀김 필수
414,2020-10-02,신전 떡볶이 첨단 지구 떡볶이 오뎅 튀김 치즈볼 첨단 지구 신전 떡볶이 신용동 신전 떡볶이 신전 치즈떡볶이 신전 어묵 튀김 신전 크림 치즈볼 치즈 덕후 무조건 치즈떡볶이 신전 오뎅 튀김 필수
415,2020-10-02,신전 떡볶이 첨단 지구 떡볶이 오뎅 튀김 치즈볼 첨단 지구 신전 떡볶이 신용동 신전 떡볶이 신전 치즈떡볶이 신전 어묵 튀김 신전 크림 치즈볼 치즈 덕후 무조건 치즈떡볶이 신전 오뎅 튀김 필수
416,2020-10-02,신전 떡볶이 첨단 지구 떡볶이 오뎅 튀김 치즈볼 첨단 지구 신전 떡볶이 신용동 신전 떡볶이 신전 치즈떡볶이 신전 어묵 튀김 신전 크림 치즈볼 치즈 덕후 무조건 치즈떡볶이 신전 오뎅 튀김 필수
417,2020-10-02,도시 작년 평창 고려 마지막 스팸마 컵밥 치즈 신전 치즈볼 치즈볼 치즈볼 었다
418,2020-10-14,순대 튀김 컵밥 치즈볼 치즈스틱 판매 신전 떡볶이 엽떡 순대 엽떡 어플 문하 고요
419,2020-04-15,bolybubu bhc ft bhc bburinkle mukbang asmr eating show 보리 부부 뿌링 핫도그 뿌링 치즈볼 뿌링소떡 뿌링 감자 뿌링 치즈스틱 신전 떡볶이 뿌링뿌링소스 사운드 먹방 내일 온라인 개학 끝내 점심 신전 항상 보리 부부 콜라 소리 지금 부분 계속 보고 인적 취향 저격 뿌링클 려고 지금 보고 보고 뿌링클 진리 뿌링 감자 최고 최고 뿌링 감자 은사 라면 라면 조앙 찜닭 먹방 해주 는걸 해주 세용 일등 보기 뿌링뿌링 안녕 주올 뿌링 감자 구제 처음 뿌링 치즈볼 뿌링클 치킨 리디아 머리 그게 이세 영상 해주시 요전 항상 보리 부부 영상 항상 나중 동영상 저장 로제 찜닭 배달 진심 소리 신전 뿌링 떡볶이 대리 만족 내일 온라인 개학 기전 레전드 라칸 뿌링 핫도그 소리 감사 머리 다정 예전 말씀 이어폰 위치 소리 대리 만족 닭발 호미 불닭 주신 아직 기억 투표 조합 리디아 보스 옛날 살이 살이 건가 운동 하나요 뿌링 핫도그 와우 조합 어제 뿌링클 대리 만족 감사 사랑 영상 해주 사하구 영상 감사 주말 내세 일찍 엽떡 신전 보리 부부 계속 건강 리디아 찌개 종류
420,2020-04-15,bolybubu bhc ft bhc bburinkle mukbang asmr eating show 보리 부부 뿌링 핫도그 뿌링 치즈볼 뿌링소떡 뿌링 감자 뿌링 치즈스틱 신전 떡볶이 뿌링뿌링소스 사운드 먹방 내일 온라인 개학 끝내 점심 신전 항상 보리 부부 콜라 소리 지금 부분 계속 보고 인적 취향 저격 뿌링클 려고 지금 보고 보고 뿌링클 진리 뿌링 감자 최고 최고 뿌링 감자 은사 라면 라면 조앙 찜닭 먹방 해주 는걸 해주 세용 일등 보기 뿌링뿌링 안녕 주올 뿌링 감자 구제 처음 뿌링 치즈볼 뿌링클 치킨 리디아 머리 그게 이세 영상 해주시 요전 항상 보리 부부 영상 항상 나중 동영상 저장 로제 찜닭 배달 진심 소리 신전 뿌링 떡볶이 대리 만족 내일 온라인 개학 기전 레전드 라칸 뿌링 핫도그 소리 감사 머리 다정 예전 말씀 이어폰 위치 소리 대리 만족 닭발 호미 불닭 주신 아직 기억 투표 조합 리디아 보스 옛날 살이 살이 건가 운동 하나요 뿌링 핫도그 와우 조합 어제 뿌링클 대리 만족 감사 사랑 영상 해주 사하구 영상 감사 주말 내세 일찍 엽떡 신전 보리 부부 계속 건강 리디아 찌개 종류
421,2020-04-15,bolybubu bhc ft bhc bburinkle mukbang asmr eating show 보리 부부 뿌링 핫도그 뿌링 치즈볼 뿌링소떡 뿌링 감자 뿌링 치즈스틱 신전 떡볶이 뿌링뿌링소스 사운드 먹방 내일 온라인 개학 끝내 점심 신전 항상 보리 부부 콜라 소리 지금 부분 계속 보고 인적 취향 저격 뿌링클 려고 지금 보고 보고 뿌링클 진리 뿌링 감자 최고 최고 뿌링 감자 은사 라면 라면 조앙 찜닭 먹방 해주 는걸 해주 세용 일등 보기 뿌링뿌링 안녕 주올 뿌링 감자 구제 처음 뿌링 치즈볼 뿌링클 치킨 리디아 머리 그게 이세 영상 해주시 요전 항상 보리 부부 영상 항상 나중 동영상 저장 로제 찜닭 배달 진심 소리 신전 뿌링 떡볶이 대리 만족 내일 온라인 개학 기전 레전드 라칸 뿌링 핫도그 소리 감사 머리 다정 예전 말씀 이어폰 위치 소리 대리 만족 닭발 호미 불닭 주신 아직 기억 투표 조합 리디아 보스 옛날 살이 살이 건가 운동 하나요 뿌링 핫도그 와우 조합 어제 뿌링클 대리 만족 감사 사랑 영상 해주 사하구 영상 감사 주말 내세 일찍 엽떡 신전 보리 부부 계속 건강 리디아 찌개 종류
422,2020-04-15,bolybubu bhc ft bhc bburinkle mukbang asmr eating show 보리 부부 뿌링 핫도그 뿌링 치즈볼 뿌링소떡 뿌링 감자 뿌링 치즈스틱 신전 떡볶이 뿌링뿌링소스 사운드 먹방 내일 온라인 개학 끝내 점심 신전 항상 보리 부부 콜라 소리 지금 부분 계속 보고 인적 취향 저격 뿌링클 려고 지금 보고 보고 뿌링클 진리 뿌링 감자 최고 최고 뿌링 감자 은사 라면 라면 조앙 찜닭 먹방 해주 는걸 해주 세용 일등 보기 뿌링뿌링 안녕 주올 뿌링 감자 구제 처음 뿌링 치즈볼 뿌링클 치킨 리디아 머리 그게 이세 영상 해주시 요전 항상 보리 부부 영상 항상 나중 동영상 저장 로제 찜닭 배달 진심 소리 신전 뿌링 떡볶이 대리 만족 내일 온라인 개학 기전 레전드 라칸 뿌링 핫도그 소리 감사 머리 다정 예전 말씀 이어폰 위치 소리 대리 만족 닭발 호미 불닭 주신 아직 기억 투표 조합 리디아 보스 옛날 살이 살이 건가 운동 하나요 뿌링 핫도그 와우 조합 어제 뿌링클 대리 만족 감사 사랑 영상 해주 사하구 영상 감사 주말 내세 일찍 엽떡 신전 보리 부부 계속 건강 리디아 찌개 종류
