,date,title
0,2020-09-01,그 안에 무엇을 넣고 돌려도 겉바속촉 명품 요리로 변신시켜주는 주방의 요물 #에어프라이어 속에서 포텐이 터지는 풀무원 간식들을 모아봤어요~!  여러분이 에프에 가장 돌려보고픈 간식은 무엇?! #얄피만두  #노엣지피자  #치즈볼  #탱글뽀득핫도그  #치킨봉봉  #두부   풀군’s한마디: 이미지 속에 제품 링크가 숨겨져있지요. 후훗.
1,2020-10-11,광희가 네고하고 간 바로 그 bbq신메뉴 메이플버터갈릭치킨 와우 와우 와우 ! 달달한 맛이 짱이래염.. 여기에 모둠볼먹거나.. 다른 치킨 반해서 먹으면.. 좋겠다... 그쳐... 먹어본 사람들 부러워요......(‥ºั⌔ºั‥ )… 더 보기
2,2020-10-12,치즈볼 맛있게 먹기~~ ㅋㅋ ㆍ
3,2020-10-09,  ·
4,2020-09-24,Bhc 사이드메뉴에게 바치는 노래 너와 결혼까지 생각했어~ 같은 집 같은 방에서.. 같이자고 깨며... ✿ *.:｡✿*¨ﾟ✎･ ♡LOVE♡ ¨ﾟ✎･ ✿.｡.  ✿… 더 보기
5,2020-09-22,솔직히 치즈볼 먹으려고 치킨 시켜 본 적 있는 사람?  더 이상 치즈볼이  사이드라는 편견은 버려!… 더 보기 동영상 이어보기 더 알아보기 gsfresh.com GSFRESH.COM 더 이상 치즈볼이 사이드라는 편견은 버려!
6,2020-09-30,  · 두마리 . .
7,2020-10-02,올해 3살된 아들위해 치즈볼로 케잌불켰어요 아들이 행복해하고 좋아하니 매년 치즈볼로 생일을 해야겠어요  메인메뉴보다 치즈볼에 관심이 더가네용 흐뭇하고 즐거운 맛있는시간
8,2020-09-24,"네고왕 저희도 즐겨보는데, 마침 퇴근길에 생각나서 주문하게된 BBQ정말 닭크기도 커서 넘나 배부른 BBQ"
9,2020-08-16,"푸라닭 아직도 안먹어 본 사람 누구얏,,ㅁ 세상 사람들이 푸라닭 맛있다는 걸 알아줬으면 좋겠다!(❁´▽`❁)*✲ﾟ* @푸라닭은 치즈볼까지도 맛있다고요~!"
10,2020-09-07,#EVENT 나만의 교촌 <숨.먹.치> 대방출! 한국인이라면 누구나 숨어 먹는 치킨조합 하나쯤 있지 않습니까?
11,2020-08-13,#최고의야식 #야식조합 ⠀ 야심한 밤..! 배도 고프구 맛난거도 먹고싶고~ 원래 야식이 제일 맛있는거 알지 @이것저것 다 해먹어보쟈!!… 더 보기
12,2020-09-29,#핫뿌링클 #까르보나라 #치즈볼 #Chicken #spaghetti
13,2020-10-11,  · 오늘 #일요일 #구미시립도서관 왔습니다. 울 아이들 #놀이터 가고 싶다고 왔네요~
14,2020-10-11,광희나는메이플버터길릭치킨
15,2020-06-01,#간식은이런식 냉동고에 쟁여뒀다가 에어프라이어에 돌려먹는 풀무원 #치즈볼  두 가지 맛 중 여러분의 선택은?! 고소한 자연 모짜렐라와 꿀이  꽉찬 #모짜렐라치즈볼 VS 부드러운 크림치즈와 팥이 꽉찬 #앙크림치즈볼 두둥~! 선택의 시간! 마감: 6/3(수) 깜깜한 한밤중까지 선물: 3명께 #풀무원_치즈볼 2종 [http://bit.ly/2MnmHxh] 풀군's한마디: 어느 것을 고를까요~ 딩동댕 물음표 척척박사~ (아악! 하나만 고를 순 없숴~!)
16,2020-09-26,뿌링클에 치즈볼 조합은 국룰이지~~ 겉바속촉! 단짠단짠! 오늘야식은 뿌링클이닷! 해먹과 함께하는 맛있는시간! 해먹앱 바로가기 
17,2020-10-13,  · 퇴근 후 치맥 .
18,2020-10-03,부산 본가에 있다가 너무 심심해서 충주올라와가지고 도착하자마자 치즈볼해서 소맥마시기!! .
19,2020-09-24,치즈볼 최고♡ 울집 공주들이 너무 사랑하는 치즈볼 
20,2020-09-17,홈메이드 떡볶이 + 오븐에 구운 치즈볼 어젠 중딩 따님이 잔치국수 먹고 싶다하여 국수 맛있게 먹고 오늘 점심은  떡볶이에 치즈볼♡♡ .… 더 보기
21,2020-10-05,  · 얼마전에 제 생일이었는데요. 선물로 받은 치킨쿠폰으로  뿌링클 치킨을 주문해서 먹었습니다. 맛있게 먹는 영상을 찍어봤습니다.ㅎㅎㅎ… 더 보기
22,2020-09-15,집에서 만들어먹는 치즈볼~~ 치즈가 듬뿍 느끼하지 않다는 것이 장점.
23,2020-09-17,똑같아 보이지만 사실은 다른 치킨 사진  눈 크게 뜨고 다른 부분 5곳을 찾아보세요!
24,2020-09-28,#BHC
25,2020-09-26,술 . . .
26,2020-09-17,"'타락헬창', 'BJ치즈볼'이 극찬함ㅋㅋㅋㅋ! #알볼로 #치즈볼 #슈크림치즈스틱 1BOON.KAKAO.COM"
27,2020-05-19,#명랑핫도그  역대급 신메뉴 출시  명랑에 나타난 #치즈볼 #소떡소떡 ㅇ0ㅇ!!  핫도그만 먹기 살짝 아쉬웠는데 이정도면 완전 만족  @핫도그 뜯으러가쉴~?
28,2020-08-02,도넛 믹스로 만드는 도넛 믹스 활용 레시피 최애 치즈볼까지 만들 수 있다고?!!? #미니도나스 #찹쌀콩국 #치즈볼 #쫀득쫀득치즈볼 #찹쌀꽈배기 #치돈볼
29,2020-01-31,"@허니순살이랑 시켜 먹자~!! #교촌치킨 #허니콤보 #치즈볼 #야식 DISPATCH.CO.KR ""드디어 교촌치킨에도 JMT '퐁듀치즈볼' 출시됐다"""
30,2020-03-10,두끼 딜리버리 신메뉴☆ 흑미치즈볼  coming soon! ⠀ 흑미가 들어가 고~소하고
31,2020-01-14,세상에 햄버거에 크림치즈볼이라뇨!!!! @이거 오늘 저녁각ㄱㄱ #KFC #치즈볼 #치킨버거 #역대급 #햄버거 DISPATCH.CO.KR 크림치즈볼+치킨 한입에 씹어 먹을 수 있는 매콤짭짤 KFC 햄버거
32,2020-10-03,[FCANYANG×PURADAK CHICKEN] ⠀ 오늘은 FC안양의 원정경기가 있는 날!
33,2020-09-21,치킨 하면 떠오르는 대표 사이드 메뉴  치즈볼 이 교촌 주문앱에서는 무료라고 교촌App에서 순살 시키고 치즈볼 무료로 먹자 *본 게시글은 '교촌치킨'의 지원을 받아 작성되었습니다.
34,2020-10-10,[FCANYANG×PURADAK CHICKEN] ⠀ 오늘은 FC안양의 원정경기가 있는 날!
35,2020-06-29,치즈 덕후가 검증해서 고른 찐맛탱 #치즈볼 모음 치즈 좋아하면 여깄는거 하나씩 다 먹어봐야함 ㅠㅠㅠ @@치즈덕후 태그!!! 치즈볼 사주세여~~~~~~
36,2020-10-13,  · 석남동 취중진담에서  유준이네 가족 외식한날 맛있게잘먹었어유  개업축하드립니다^^… 더 보기 0:00 / 0:16
37,2020-05-31,#델리한입붕어빵  #당첨인원_50명 #델리한입붕어빵  #당첨인원_50명 #이벤트_이벤트_이벤트_이벤트_이벤트_이벤트
38,2020-10-10,  · #무서운사람 제일 무서운 사람은 뭐 한가지에 미친사람인듯. 대신 아다리 잘 맞으면 그런 사람이 성공확률이 높다.
39,2020-09-29,민족최대의 명절! 추석이 다가오고 있습니다! 추석연휴 준비는 안전하게 잘 계획하고 계신가요? . 꽉찬 보름달을 보면 후참이는 속까지 꽉~찬 동글동글한 치즈볼이 생각나요! 
40,2020-10-07,#일상 #흰쥐띠아기 #김라윤 #생후197일 #6개월아기 #넘치는체력 #새벽세시반육퇴 #오늘도이유식거부 #결국맘마밀 #미식가 #치즈볼 #오늘은성공 #엄마빠가다먹음 #탬버린 #참참참 #엄마혼자노는중  … 더 보기 0:00 / 0:20
41,2020-09-17,네네치킨 고강점 
42,2020-10-05,#일상 #흰쥐띠아기 #김라윤 #생후195일 #치즈볼 #개망 #그래도잘먹네 #다행이다 #자꾸일어스려고함 #거울공주 #혼자놀기 #십년만에 #희야만남 #만촌이마트 #내일터 #육아휴직중 #살뺀거자랑하러갔다가 … 더 보기 0:00 / 0:20
43,2020-10-09,네네치킨 고강점 
44,2020-10-09,지브로와 한성 마트 독점 특가 상품!! 한성마트 네이버 장보기 단독 SET 상품 출시!
45,2020-09-30,2020년 9월 30일 #오치동 #31사단 근처 #포차앤스미스 
46,2020-10-07,첫만남 때부터 딱 한번이었음. 이번에 시원한 살얼음맥주 말고 간만에 취하도록 단 꿀주 꼬꼬  #노량진 #역전할머니맥주
47,2020-09-21,#하우스원푸드서포터즈 #미니치즈볼 𝑝ℎ𝑜𝑡𝑜 ' 델리크림치즈볼 '
48,2020-09-27,짜파치킨(기본맛) #순한맛도있음 : 매콤하니까 스트레스풀림   가루와 소스들은 직접뿌려서 버무리라고 따로옴. 그래서 눅눅하지 않게 바삭하게 버무려먹음  기본맛이 매우니 매운 거 못먹는 분들은 순한 맛 추천   고소하면서 매운 짜파치킨으로 #스트레스타파  속은 야들 겉은 바삭 소스는 짭짤담백매운게 굿
49,2020-10-09,고구마러버인 나는 고구마볼 고구마와 모짜렐라 치즈가 듬 뿍
50,2020-10-11,#하우스원푸드 #한입붕어빵
51,2020-09-18,네네치킨 고강점 
52,2020-10-07,#푸드리리뷰퀸 #세종푸드리 #하우스원푸드 #통큰이벤트 #리뷰퀸당첨 #사장님최고 처음으로 후기 쓰고 당첨!!
53,2020-10-06,친구지인의 남편이 하시는 가게ㅋㅋ 너무매워~~~ #영계통구이 #치즈볼 은 하나도 안맵고 맛있네~~
54,2020-09-23,네네치킨 고강점  032-683-2511 고객님께서 배민어플에  남겨주신리뷰~~
55,2020-09-22,하늘 아래 같은 치킨은 없다!! 다함께 외쳐 치느님!!! 치느님!!! #닥엔돈스 여수여천점에서 쪽갈비+치킨 존맛 조합 먹으러 갈 사람 구함(1/n) 화끈하게 매워서 더 끌린다 맛도 맛이지만 양이 혜자인게 레전드 치킨...
56,2020-09-22,"☆☆ #노랑통닭 #기장 #배달의민족 #배민오더 #알싸한마늘치킨 #사이즈업 #순살 #19,000원"
57,2020-09-15,항상 맛있는 치킨 후라이드 대존맛 #순천대점 #다사랑치킨 #다사랑치킨피자  #event  #힘내라순천 #힘내라대한민국 
58,2020-10-10,"오늘 점심때 먹었던 치킨과 찐만두, 참고로 찐만두는 집에서 찐거. . #비비큐 #비비큐치킨 #BBQ #BBQ치킨 #후라이드치킨 #치즈볼 #치킨 #Chicken #"
59,2020-10-10,안녕하세요 코니입니다 bhc하면 뿌링클!  거기에 빠질 수 없는 치즈볼까지!
60,2020-10-04,#60계치킨 #짜파치킨 #치즈볼
61,2020-10-01,이제 생일케잌은 치즈볼케잌이다!!! 치즈볼이 잔뜩이써 .
62,2020-06-20,"치맥번개, 교촌치킨 여의도점 (2020.6.17) 오랜만에 지인들 6명이 치맥번개로 만났다."
63,2020-09-25,데일리꼬꼬번메뉴투어스토리  #사이드메뉴편
64,2020-02-14,"#간식은이런식 요즘 치킨집에서 치킨보다 핫하다는 #치즈볼 ~! 겉은 바삭, 속은 쫄깃한 빵 속에 100% 자연치즈를 넣은 풀무원 #모짜렐라치즈볼 , 팥앙금이 들어있는 #앙크림치즈볼 만 있으면 전문점 치즈볼을 집에서도 즐길 수 있어요~.  이 치즈볼을 간식으로 맛보고픈 마음을 하트로 표현해주세요!(5개 만점)  마감: 2/16(일) 깜깜한 한밤중까지! 선물: 3명께 #풀무원_치즈볼 2종[http://bit.ly/2MnmHxh]  풀군's한마디: 야식, 맥주 안주"
65,2020-08-09,"비오는 날, #닭강정 땡기는 사람. 손 #치즈볼 #떡볶이 #파닭   부자가 된 기분이야.... . #가마로강정 #냠냠"
66,2020-09-24,  · #폭풍성장 #이끼배양 #최적의환경 #괴목위유리볼 
67,2020-09-21,데일리꼬꼬번메뉴투어스토리  #사이드메뉴편
68,2020-10-07,  ·
69,2020-09-21,⠀ -
70,2020-09-13,맛있게 친정엄마랑  #말벌주 #뿌링클 #치즈볼 #후라이드 #BHC ᆞ
71,2020-08-24,치킨이나 피자 먹을 때 옆에 꼭 있어야 하는 사이드 메뉴들!!! 이거 없이는 못 먹는다 ㅇㅈ???! #미트치즈스파게티 #버팔로윙 #치킨텐터 #단짠치즈감자 #치즈볼 #감자치즈볼 #콘샐러드 #치킨무 #마늘빵 #모카초코칩쿠키
72,2020-10-10,#떡볶이 #빅맥 #치즈볼 #Tteokbokki #hamburger #CheeseBall
73,2020-09-18,야식에는 치킨이지~ 집 근처 5분거리 치킨집
74,2020-09-17,퇴근전 치즈볼 얘기 하고 있었는데
75,2020-08-23,"쫀득쫀득 BHC 빰치는 #치즈볼_레시피  @@태그당한 친구가 만들어주기 재료 : 찹쌀미니도나스믹스 1통, 모짜렐라치즈, 설탕, 식용유, 계란 2개, 물 1… 더 보기"
76,2020-09-21,매장에서 갓 튀겨낸 #치즈볼 맛은 정말  . 한입 베어물면 치즈가 쭈우욱 !  .
77,2020-09-29,#치즈버거 #떡볶이 #치즈볼 #Tteokbokki #Cheese 
78,2020-06-16,치즈폭탄 터진 현시각 애슐리.mp4 뽀또맛 케이크가 리얼루다가 대존맛 #애슐리 #치즈축제2탄 #치즈볼 #치즈폭포
79,2020-05-20,솔직히 뭘 구워도 맛있을듯.. @@와플메이커 구매각 아님? #와플메이커 #와플만들기 #치즈볼
80,2020-05-14,@@겉바속쫀 치즈볼덕후 손? 요즘 난리난 SNS대란 신상맛템 #애슐리치즈볼  모짜치즈+화이트체다치즈 솔솔 뿌려먹으면 핵대존맛!!! 집에서 전자레인지로 2분컷 조리 쌉가능~ . .… 더 보기
81,2020-05-09,와...이거 물건일세!!!!!!!! #치즈볼 #치킨집다비켜 1BOON.KAKAO.COM 치킨집 다 제치고 1등 먹을것 같은 치즈볼 정체
82,2020-01-13,지금 완전 먹고싶은 #뿌링클 #치즈볼 #감튀 조합  @태그 당한 사람이 뿌링클에 치즈볼까지 사주기!!  여기에용 여기  http://bit.ly/2ThcPcD
83,2020-02-06,"@치즈볼 2종을 맛볼 수 있는 기회! #교촌치킨 #순살치킨 #치즈볼 #고르곤치즈볼 #퐁듀치즈볼 DISPATCH.CO.KR 교촌치킨, 순살 메뉴 주문하면 치즈볼 공짜로 쏜다"
84,2020-08-29,#대용량과자 #인간사료 ⠀ 집에만 콕 있어야 하는 날에 같이 있으면 좋은 과자들모음 중독성 있게 계속 손이 간다 말이지~!! 다들 집에 하나씩 가지고 있지?? … 더 보기
85,2020-05-30,천호동 핫도그 맛집 국내산 순쌀로 반죽해 하루동안 숙성하는 핫도그  찐 맛집  @친구들아 우리 지갑텅텅 돼도 핫도그는 포기할수 없다구~! 나… 더 보기
86,2020-10-09,지브로와 한성 마트 독점 특가 상품!! 한성마트 네이버 장보기 단독 SET 상품 출시! 모짜렐라 치즈볼 / 치즈스틱 / 치즈까스 3종 세트!! 겉은 바삭! 속은 쫀득! 진정한 모짜렐라 맛을 느껴보세요!… 더 보기 지브로와 10월 9일 오후 4:20   · 지브로와 한성 마트 독점 특가 상품!!
87,2020-09-29,후라이드참잘하는집 9월 29일 오후 2:49   · 민족최대의 명절! 추석이 다가오고 있습니다!
88,2020-09-23,#치킨 #치즈볼
89,2020-09-30," 푸라닭치킨  . 치킨, 요리가 되다! 프리미엄 치킨 푸라닭."
90,2020-09-23,배달 포장 다 가능해오.   코로나로 인해 홀은 왠만하면 받지 않고 있어오. 061 684 8292로 전화주세오. 모두 오저닥고  오늘 저녁(야식)은 닥(엔돈스) 고!!!! +5장 전국소식알려드립니다 9월 22일 오후 12:57   · 하늘 아래 같은 치킨은 없다!! 다함께 외쳐 치느님!!! 치느님!!! #닥엔돈스 여수여천점에서 쪽갈비+치킨 존맛 조합
91,2020-09-21,신예지 예지전예진 현경 최이정 김수아그렇대 서재영 9월 21일 오후 5:02   · 치킨 하면 떠오르는 대표 사이드 메뉴  치즈볼 이 교촌 주문앱에서는 무료라고 교촌App에서 순살 시키고 치즈볼 무료로 먹자
92,2020-10-02,  · 20200930.1001.02 외가집 식사에. 절에서 합동차례. 찐친구와. 못찾을줄 알았던 내 찐템..와씨 짱좋아 (ღ◕ܫ◕ღ)  #가을은전어회 #서천은 #전어회 #게장도 #중흥사 #합동차례 #송편뇸뇸 #남산마뫼까페 #화장실 #안비밀  #아따 #치즈볼 #엽떡 #찰떡궁합  #찐친
93,2020-09-26,#냉동실 비우기 #한신포차계란말이 따라해보기 #닭발#쭈삼불고기#소세지#치즈볼 #부부먹방
94,2020-09-18,안녕하세요 코니입니다! 학생분들 오늘 모의고사 어떠셨나요
95,2020-09-22,  · .
96,2020-09-17,띵동~ 주문하신 #두끼 #치떡세트 배달왔습니다 ⠀
97,2020-10-05,추석 연휴 잘 보내셨나요 ?! - 집에서 간단한 간식으로 카스테라 붕어빵 즐겨보세요 : ) 대량주문 및 유통문의… 더 보기
98,2020-10-13,"무방부제 저염스트링치즈예요. 인터넷 최저가1키로25,000원정도하는 요아이 공장직영으로 저렴한가격에 모십니다. 모짜렐라치즈로 다양한요리에 활용가능한 아이랍니다. 걍 찢어먹어도~~… 더 보기 +6장"
99,2020-09-27,주말엔 치킨뜯으면서 집에서 드라마보는게 최고! 후라이드의 정석! BBQ 황금올리브!
100,2020-09-16,내가 좋아하는 두가지메뉴♡ 1주일1번은 꼭 먹어야 하는 #최애메뉴 
101,2020-09-22,안녕하세요 코니입니다 화요일의 아침이 왔습니다 여러분!
102,2020-09-22,네네치킨 고강점  032-683-2511 [네네치킨X요기요] 
103,2020-09-21,- 다 내꺼야 크림치즈볼ㄹㄹ~~ 안에 치즈가 드음뿍-
104,2020-09-29,바삭하고 쫄깃한 반죽속에
105,2020-09-16,여러분~~ 오늘은 반가운 소식을 들고왔어요 .
106,2020-07-19,쫀득한 치즈볼 BEST모음 겉은 바삭 속은 달달촉촉한 치즈 가득 들은 치즈볼 @@야...오늘부터 도장깨기ㄱㄱ  . . #치… 더 보기
107,2020-09-28,신참떡볶이 최애 꿀조합 ⠀ 다른 치즈볼과 비교하지마 치즈의 진한 풍미가 가득 치즈로 속을 꽉 채운 찐!! 치즈볼
108,2020-07-31,#또먹분식 #부산대점 오픈!!!! 순살치킨+감자튀김+떡볶이 SET를 2만원대로 즐기쟈앙>ㅇ< 맛있는 것만 모아모아서 치감떡 세뚜~ 배달만 가능해!! 배민에서 검색해서 오늘 분식 파티하쟈 ㅋㅋ 영업시간 17:30~01:00 (일요일 휴무)… 더 보기 +7장 부산 놀자 관심사
109,2020-09-16,"내 모든 음악적인 영감은 치킨에서 나온다,,,★ 뮤직-이즈-마이-라이프 (feat.치킨) "
110,2020-03-17,치킨도 명품이지! 치킨 덕후들 푹! 빠진 치킨 맛집 푸라닭 치킨! . .… 더 보기
111,2020-02-19,치즈볼 중독 현상 당구공이 치즈볼로 보임;;; #이쯤되면_중증
112,2020-09-18,부드러운 
113,2020-09-22,우유와 함께라면
114,2020-09-17,꾸덕꾸덕한 크림치즈 가-득
115,2020-09-21,단짠단짠의 최고봉
116,2020-10-03,  · 프로틴 치즈볼로 단백질 섭취하기! 과자 러버 나에게 정말 딱인 프로틴 치즈볼~ 운동하고 프로틴 치즈볼로 허기도 채우고 간식도 하고! 짱!… 더 보기
117,2020-09-02,이른 저녁 먹고 아이들이 배고프다고 몰라서 의견 반영 중이에요~~
118,2020-06-12,뭐?? 고소~한 모짜렐라 치즈 쭈-욱 늘어나는 쫀득쫀득 치즈볼이 하림에서 나왔다구?  빵가루가 솔솔 입혀져 바삭!바삭! 하다구? 지금 당장 먹으러 간다!!  #치… 더 보기 0:00 / 0:18 HARIMEDAK.COM 쫀득쫀득 모짜렐라 치즈볼 출시!
119,2020-08-08,지나칠 수 없는 비주얼 #홍대퀸즈볼 #치즈볼 1BOON.KAKAO.COM 비주얼만 보고 '1초' 만에 줄선다는 900원짜리 메뉴
120,2020-04-14,< 파워체대입시 행신.화정 교육원 > 4월의 봄 맞이 치킨 이벤트~
121,2020-04-15, 알립니다 저녁 메뉴는 뿌링클입니다 @뿌링클&치즈볼 사기 당첨 집에서 티비 보면서 뿌링클 조지자! 
122,2020-04-28,좋아요+댓글! 롤링 치즈볼 1팩 증정! (5/6 발표) . 집에서 즐기는 애슐리 역대급 야심작 치즈볼 출시 기념 파격 할인! 최대30% 할인가에 치즈볼 몰고 가세요! .
123,2020-03-30,[#EVENT] 댓글을 달면 치킨을 2마리나 주는 이벤트가 있다?! YES! 내 썰(이야기)만 풀면 치킨이랑 치즈볼을 주거든?   . 눈이 나빠 생겼던 혹은 눈이 좋아 생겼던… 더 보기
124,2020-10-13,"무방부제 저염스트링치즈예요. 인터넷 최저가1키로25,000원정도하는 요아이 공장직영으로 저렴한가격에 모십니다. 모짜렐라치즈로 다양한요리에 활용가능한 아이랍니다. 걍 찢어먹어도~~… 더 보기 +6장"
125,2020-09-22,하늘 아래 같은 치킨은 없다!! 다함께 외쳐 치느님!!! 치느님!!!
126,2020-10-11,혹시 #보풀기 필요하신 분 ?! 손 !! 
127,2020-09-16,  ·
128,2020-09-22,  · .
129,2020-09-21,네네치킨 고강점  032-683-2511 [네네치킨X요기요] 
130,2020-09-16,  ·
131,2020-02-20,이 영상을 본 당신 지금 당장 노통으로 가라. #머리가_아플정도로_먹고싶다 #김말이 #치즈볼 #떡볶이… 더 보기
132,2020-09-05,  ·
133,2020-09-18,타피오카전분과 국내산 쌀가루로
134,2020-10-05,0:00 / 0:22 ITEM.GMARKET.CO.KR 델리한입붕어빵(팥) 지금 쇼핑하기 하우스원푸드 8월 19일   · 흰 우유에 콕 찍어먹어도 맛있는
135,2020-06-09,좋아요+댓글! 애슐리W 식사권증정! (6/18 추첨) ⠀ 애슐리 두번째 치즈축제가 시작됩니다 ⠀ ⠀
136,2020-09-28,포슬포슬 너무 맛있는
137,2020-09-23,유탕 되어있어서
138,2020-04-28,좋아요+댓글! 애슐리 롤링 치즈볼 증정! (5/6 추첨) 애슐리 역대급 야심작 치즈볼 출시 기념 파격 할인! 최대30% 할인가에 치즈볼 몰고 가세요! ⠀ 5월 5일까지 단 8일 간 진행되는 출시 기념 할인! ⠀
139,2020-05-12,좋아요+댓글! 애슐리W 식사권증정! (5/21 추첨) 5월13일 수요일 내일 애슐리 치즈축제가 시작됩니다!
140,2020-09-29,천연 1급수를 사용하여 만든
141,2020-01-22,교촌에 #치즈볼 나온거 알고 있었음?;;;  정신줄 놓을 것 같아;;;;; 쫀득쫀득 부드러운 치즈볼 내 입으로 가즈와 @@치즈볼은 내가 살게 허콤은 네가 살게
142,2020-02-04,봄을 알리는 입춘과 함께 찾아온 설레는 신상 사이드메뉴 출시 소식(*ૂ❛ᴗ❛*ૂ) 달콤함의 끝판왕 #달콤크림볼 이 쫀득함 실화? #찹쌀치즈볼
143,2020-09-17,BHC러버에게는 너무 쉬운 문제 4가지의 BHC메뉴명을 순서대로 적어보세요 ⠀ 힌트 ① : OOO은 사랑이죠 ②… 더 보기 BHC 식음료 회사
144,2020-08-20,#또래오래 #치즈볼 #리얼치즈볼 #불닭볼 또래오래에서 대용량 제품이 출시된다면?
145,2020-05-27,집콕 간식 대결! 브리또냐  VS   치즈볼이냐
146,2020-08-20,웅 마쟈요 저 품앗이사랑해요 그리고 안주도맛나고 가성비 좋아서 이용합니다~^^♡ 요긴 수송동 무지개맥주 끝내줍니다 .
147,2020-06-13,  · #사곡상모동 에도...요즘 핫한 #치킨집 을  칭구가 또...이집 닭 겁나 맛 있는데
148,2020-09-10,띵동~ 주문하신 #두끼 #치떡세트 배달왔습니다 ⠀ 치킨+떡볶이 = 단돈 2만원 실화?! ⠀ 매… 더 보기
149,2020-06-23,#고양시원흥동 #호세권 #호치킨_고양원흥역점 6월25일(목) OPEN #오픈이벤트
150,2020-08-18,우디 뚱치 최애 슈붕 
151,2020-06-24,#서울시상봉동 #호세권 #호치킨_상봉역점 6월25일(목) OPEN #오픈이벤트
152,2020-04-29,내일은 학교 수업 없는 날 기념으로 온 가족 야식 치킨 먹어요 우리 동네는 치즈볼이 한박스에 6개
153,2020-07-29,""" 지금까지 이런맛은 없었다…             이것이 요리인가 간식인가~~"" 완전 맛있는 도그도그 핫~~ 도그~ 전문쉐프 친구가 개발한 간식으로 대박식품~ 많이들 주문해 주시고 널리널리 알려주셔요~ — 장효민님  외 2명 과 함께 권화희 7월 27일   · 냉동식품 출시"
154,2020-05-26,와... 이 비주얼은 모다......?ㄷㄷ #치즈볼 #신상 1BOON.KAKAO.COM 뻔한 치즈볼은 취급 안한다는 어느 치킨집 신메뉴
155,2020-05-06,#대문패산악회1점벙 #달봉이치킨관저점_김효진 #조건없이먼저주고또주는술이없는모임 #대문패가하면다르다… 더 보기 — 고호근님  외 9명
156,2020-05-11,치킨하면 어디? #문화동 #달봉이치킨!
157,2020-04-08,지금 완전 먹고싶은 #뿌링클 #치즈볼 #감튀 조합  @태그 당한 사람이 뿌링클에 치즈볼까지 사주기!!  여기에용 여기 
158,2020-04-16,북삼맛집~ . .
159,2020-02-12,투존치킨 OPEN EVENT 02/12 (수) ~ 02/16 (일) #콜라 사이즈 UP
160,2020-06-14,#치킨 미쳤다 #치즈볼 은 더 미쳤다
161,2020-04-17,"두둥  선데이치즈볼 x 카스 에디션 3탄!!  ⠀ 다가오는 주말, "
162,2020-10-08,네네치킨고강점님이 네네치킨고강점에 있습니다. 10월 8일 오후 1:00
163,2020-08-28,#배달의민족 #요기요 #부평 칼포니 #부평칼포니 #배달주문 #서비스팍팍 #치킨 #국물떡볶이 #차돌떡볶이 #왕해물파전 #국물닭발 #김치전 #마늘치킨 #간장치킨 #양념치킨 #블랙페퍼치킨 #모듬튀김 #과일 #치즈볼 #미니핫도그 #핫윙감자튀김 #골뱅이소면&쫄면  사회적거리두기 강화로 30일 0시를 시작으로 저녁 9시 이후 배달서비스만 하기로 결정되었습니다ㅜㅜ
164,2020-10-09,네네치킨고강점님이 네네치킨고강점에 있습니다. 10월 9일 오전 10:00
165,2020-10-07,네네치킨고강점님이 네네치킨고강점에 있습니다. 10월 7일 오후 3:30
166,2020-09-23,네네치킨 고강점  032-683-2511
167,2020-10-10,지브로와
168,2020-10-13,"무방부제 저염스트링치즈예요. 인터넷 최저가1키로25,000원정도하는 요아이 공장직영으로 저렴한가격에 모십니다. 모짜렐라치즈로 다양한요리에 활용가능한 아이랍니다. 걍 찢어먹어도~~… 더 보기 +6장"
169,2020-01-28,연휴가 끝나서 힘들고 지칠 때 #멕시카나치킨 을 찾아주세요~! 매콤단짠  #뿌리고치킨 에 담백하고 쫀득한  #더블치즈볼 이면
170,2020-09-18,배달의민족 순수치킨 3000원 할인
171,2020-09-25,금요일은 배달의민족 순수치킨  3000원 할인
172,2020-06-05,#또래오래 #목우촌 #배달의민족 #쿠폰 #프로모션 #치킨 이번 주 금토일 치킨파티 각? 쉿! 6월7일 일요일까지 배민에서 또래오래 주문 시
173,2020-09-15,순수치킨이 새로 쓰는 #치킨의정석  [가성비+가성비=갓성비=순수치킨]
